input_x,input_y,input_z,output_x,output_y,output_z
5,-265,-45,6.23,-330.33,-50.56
5,-265,-35,6.24,-330.59,-34.88
5,-265,-25,6.23,-330.44,-20.85
5,-265,-15,6.23,-330.13,-7.6
5,-265,-5,6.22,-329.74,5.08
5,-265,5,6.22,-329.74,-5.08
5,-265,15,6.23,-330.13,7.6
5,-265,25,6.23,-330.44,20.85
5,-265,35,6.24,-330.59,34.88
5,-265,45,6.23,-330.33,50.56
5,-255,-85,6.26,-319.04,-99.44
5,-255,-75,6.28,-320.44,-81.56
5,-255,-65,6.29,-320.79,-66.2
5,-255,-55,6.29,-320.71,-51.75
5,-255,-45,6.28,-320.38,-37.86
5,-255,-35,6.27,-319.86,-24.4
5,-255,-25,6.26,-319.22,-11.3
5,-255,-15,6.25,-318.5,1.47
5,-255,-5,6.23,-317.74,13.93
5,-255,5,6.23,-317.74,-13.93
5,-255,15,6.25,-318.5,-1.47
5,-255,25,6.26,-319.22,11.3
5,-255,35,6.27,-319.86,24.4
5,-255,45,6.28,-320.38,37.86
5,-255,55,6.29,-320.71,51.75
5,-255,65,6.29,-320.79,66.2
5,-255,75,6.28,-320.44,81.56
5,-255,85,6.26,-319.04,99.44
5,-245,-105,6.31,-309.25,-119.51
5,-245,-95,6.34,-310.52,-102.83
5,-245,-85,6.35,-310.98,-87.5
5,-245,-75,6.35,-310.99,-72.86
5,-245,-65,6.34,-310.7,-58.7
5,-245,-55,6.33,-310.18,-44.91
5,-245,-45,6.32,-309.48,-31.44
5,-245,-35,6.3,-308.65,-18.25
5,-245,-25,6.28,-307.72,-5.34
5,-245,-15,6.26,-306.73,7.32
5,-245,-5,6.24,-305.7,19.72
5,-245,5,6.24,-305.7,-19.72
5,-245,15,6.26,-306.73,-7.32
5,-245,25,6.28,-307.72,5.34
5,-245,35,6.3,-308.65,18.25
5,-245,45,6.32,-309.48,31.44
5,-245,55,6.33,-310.18,44.91
5,-245,65,6.34,-310.7,58.7
5,-245,75,6.35,-310.99,72.86
5,-245,85,6.35,-310.98,87.5
5,-245,95,6.34,-310.52,102.83
5,-245,105,6.31,-309.25,119.51
5,-235,-125,6.35,-298.3,-143.68
5,-235,-115,6.39,-300.15,-126.61
5,-235,-105,6.4,-300.99,-110.95
5,-235,-95,6.41,-301.27,-95.99
5,-235,-85,6.41,-301.18,-81.49
5,-235,-75,6.4,-300.79,-67.34
5,-235,-65,6.39,-300.17,-53.5
5,-235,-55,6.37,-299.36,-39.93
5,-235,-45,6.35,-298.4,-26.62
5,-235,-35,6.33,-297.32,-13.55
5,-235,-25,6.3,-296.15,-0.71
5,-235,-15,6.27,-294.92,11.89
5,-235,-5,6.25,-293.67,24.26
5,-235,5,6.25,-293.67,-24.26
5,-235,15,6.27,-294.92,-11.89
5,-235,25,6.3,-296.15,0.71
5,-235,35,6.33,-297.32,13.55
5,-235,45,6.35,-298.4,26.62
5,-235,55,6.37,-299.36,39.93
5,-235,65,6.39,-300.17,53.5
5,-235,75,6.4,-300.79,67.34
5,-235,85,6.41,-301.18,81.49
5,-235,95,6.41,-301.27,95.99
5,-235,105,6.4,-300.99,110.95
5,-235,115,6.39,-300.15,126.61
5,-235,125,6.35,-298.3,143.68
5,-225,-145,6.35,-285.82,-170.59
5,-225,-135,6.42,-289.04,-152.18
5,-225,-125,6.46,-290.54,-135.97
5,-225,-115,6.47,-291.29,-120.6
5,-225,-105,6.48,-291.55,-105.73
5,-225,-95,6.48,-291.43,-91.23
5,-225,-85,6.47,-291.02,-77.02
5,-225,-75,6.45,-290.36,-63.08
5,-225,-65,6.43,-289.49,-49.39
5,-225,-55,6.41,-288.44,-35.92
5,-225,-45,6.38,-287.25,-22.68
5,-225,-35,6.35,-285.94,-9.67
5,-225,-25,6.32,-284.55,3.12
5,-225,-15,6.29,-283.11,15.69
5,-225,-5,6.26,-281.64,28.04
5,-225,5,6.26,-281.64,-28.04
5,-225,15,6.29,-283.11,-15.69
5,-225,25,6.32,-284.55,-3.12
5,-225,35,6.35,-285.94,9.67
5,-225,45,6.38,-287.25,22.68
5,-225,55,6.41,-288.44,35.92
5,-225,65,6.43,-289.49,49.39
5,-225,75,6.45,-290.36,63.08
5,-225,85,6.47,-291.02,77.02
5,-225,95,6.48,-291.43,91.23
5,-225,105,6.48,-291.55,105.73
5,-225,115,6.47,-291.29,120.6
5,-225,125,6.46,-290.54,135.97
5,-225,135,6.42,-289.04,152.18
5,-225,145,6.35,-285.82,170.59
5,-215,-155,6.43,-276.57,-179.6
5,-215,-145,6.49,-279.27,-162.39
5,-215,-135,6.53,-280.74,-146.48
5,-215,-125,6.55,-281.53,-131.2
5,-215,-115,6.55,-281.83,-116.33
5,-215,-105,6.55,-281.76,-101.78
5,-215,-95,6.54,-281.37,-87.48
5,-215,-85,6.53,-280.72,-73.42
5,-215,-75,6.51,-279.83,-59.58
5,-215,-65,6.48,-278.74,-45.95
5,-215,-55,6.45,-277.48,-32.54
5,-215,-45,6.42,-276.08,-19.33
5,-215,-35,6.39,-274.57,-6.35
5,-215,-25,6.35,-272.96,6.42
5,-215,-15,6.31,-271.3,18.97
5,-215,-5,6.27,-269.62,31.31
5,-215,5,6.27,-269.62,-31.31
5,-215,15,6.31,-271.3,-18.97
5,-215,25,6.35,-272.96,-6.42
5,-215,35,6.39,-274.57,6.35
5,-215,45,6.42,-276.08,19.33
5,-215,55,6.45,-277.48,32.54
5,-215,65,6.48,-278.74,45.95
5,-215,75,6.51,-279.83,59.58
5,-215,85,6.53,-280.72,73.42
5,-215,95,6.54,-281.37,87.48
5,-215,105,6.55,-281.76,101.78
5,-215,115,6.55,-281.83,116.33
5,-215,125,6.55,-281.53,131.2
5,-215,135,6.53,-280.74,146.48
5,-215,145,6.49,-279.27,162.39
5,-215,155,6.43,-276.57,179.6
5,-205,-165,6.5,-266.54,-190.37
5,-205,-155,6.57,-269.22,-173.57
5,-205,-145,6.6,-270.79,-157.78
5,-205,-135,6.63,-271.7,-142.52
5,-205,-125,6.64,-272.11,-127.62
5,-205,-115,6.64,-272.14,-112.99
5,-205,-105,6.63,-271.83,-98.59
5,-205,-95,6.62,-271.22,-84.39
5,-205,-85,6.59,-270.37,-70.4
5,-205,-75,6.57,-269.28,-56.61
5,-205,-65,6.54,-267.99,-43.01
5,-205,-55,6.5,-266.53,-29.61
5,-205,-45,6.46,-264.93,-16.42
5,-205,-35,6.42,-263.2,-3.44
5,-205,-25,6.38,-261.39,9.32
5,-205,-15,6.33,-259.52,21.86
5,-205,-5,6.28,-257.62,34.17
5,-205,5,6.28,-257.62,-34.17
5,-205,15,6.33,-259.52,-21.86
5,-205,25,6.38,-261.39,-9.32
5,-205,35,6.42,-263.2,3.44
5,-205,45,6.46,-264.93,16.42
5,-205,55,6.5,-266.53,29.61
5,-205,65,6.54,-267.99,43.01
5,-205,75,6.57,-269.28,56.61
5,-205,85,6.59,-270.37,70.4
5,-205,95,6.62,-271.22,84.39
5,-205,105,6.63,-271.83,98.59
5,-205,115,6.64,-272.14,112.99
5,-205,125,6.64,-272.11,127.62
5,-205,135,6.63,-271.7,142.52
5,-205,145,6.6,-270.79,157.78
5,-205,155,6.57,-269.22,173.57
5,-205,165,6.5,-266.54,190.37
5,-195,-185,7.08,-276.11,-188.22
5,-195,-175,6.57,-256.05,-202.1
5,-195,-165,6.64,-258.93,-185.46
5,-195,-155,6.68,-260.69,-169.71
5,-195,-145,6.71,-261.78,-154.43
5,-195,-135,6.73,-262.35,-139.48
5,-195,-125,6.73,-262.52,-124.76
5,-195,-115,6.73,-262.33,-110.26
5,-195,-105,6.71,-261.83,-95.94
5,-195,-95,6.69,-261.05,-81.79
5,-195,-85,6.67,-260.01,-67.83
5,-195,-75,6.63,-258.74,-54.04
5,-195,-65,6.6,-257.27,-40.45
5,-195,-55,6.55,-255.61,-27.05
5,-195,-45,6.51,-253.81,-13.85
5,-195,-35,6.09,-237.57,-83.71
5,-195,-25,6.14,-239.46,-72.28
5,-195,-15,6.19,-241.46,-60.65
5,-195,-5,6.24,-243.53,-48.8
5,-195,5,6.24,-243.53,48.8
5,-195,15,6.19,-241.46,60.65
5,-195,25,6.14,-239.46,72.28
5,-195,35,6.09,-237.57,83.71
5,-195,45,6.51,-253.81,13.85
5,-195,55,6.55,-255.61,27.05
5,-195,65,6.6,-257.27,40.45
5,-195,75,6.63,-258.74,54.04
5,-195,85,6.67,-260.01,67.83
5,-195,95,6.69,-261.05,81.79
5,-195,105,6.71,-261.83,95.94
5,-195,115,6.73,-262.33,110.26
5,-195,125,6.73,-262.52,124.76
5,-195,135,6.73,-262.35,139.48
5,-195,145,6.71,-261.78,154.43
5,-195,155,6.68,-260.69,169.71
5,-195,165,6.64,-258.93,185.46
5,-195,175,6.57,-256.05,202.1
5,-195,185,7.08,-276.11,188.22
5,-185,-195,5.38,-199.11,-268.4
5,-185,-185,6.63,-245.15,-214.51
5,-185,-175,6.71,-248.37,-197.91
5,-185,-165,6.77,-250.41,-182.15
5,-185,-155,6.8,-251.73,-166.85
5,-185,-145,6.82,-252.52,-151.84
5,-185,-135,6.83,-252.88,-137.05
5,-185,-125,6.83,-252.86,-122.44
5,-185,-115,6.82,-252.5,-108.0
5,-185,-105,6.81,-251.84,-93.71
5,-185,-95,6.78,-250.9,-79.58
5,-185,-85,6.75,-249.69,-65.62
5,-185,-75,6.71,-248.25,-51.82
5,-185,-65,5.93,-219.46,-118.81
5,-185,-55,5.97,-221.04,-108.0
5,-185,-45,6.02,-222.82,-97.02
5,-185,-35,6.07,-224.77,-85.85
5,-185,35,6.07,-224.77,85.85
5,-185,45,6.02,-222.82,97.02
5,-185,55,5.97,-221.04,108.0
5,-185,65,5.93,-219.46,118.81
5,-185,75,6.71,-248.25,51.82
5,-185,85,6.75,-249.69,65.62
5,-185,95,6.78,-250.9,79.58
5,-185,105,6.81,-251.84,93.71
5,-185,115,6.82,-252.5,108.0
5,-185,125,6.83,-252.86,122.44
5,-185,135,6.83,-252.88,137.05
5,-185,145,6.82,-252.52,151.84
5,-185,155,6.8,-251.73,166.85
5,-185,165,6.77,-250.41,182.15
5,-185,175,6.71,-248.37,197.91
5,-185,185,6.63,-245.15,214.51
5,-185,195,5.38,-199.11,268.4
5,-175,-195,6.08,-212.7,-247.33
5,-175,-185,5.96,-208.71,-239.38
5,-175,-175,6.85,-239.9,-195.04
5,-175,-165,6.9,-241.51,-179.7
5,-175,-155,6.93,-242.56,-164.64
5,-175,-145,6.95,-243.15,-149.79
5,-175,-135,6.95,-243.34,-135.1
5,-175,-125,6.95,-243.17,-120.55
5,-175,-115,6.93,-242.68,-106.13
5,-175,-105,6.91,-241.88,-91.85
5,-175,-95,6.88,-240.79,-77.7
5,-175,-85,5.81,-203.38,-141.56
5,-175,-75,5.85,-204.64,-131.1
5,-175,75,5.85,-204.64,131.1
5,-175,85,5.81,-203.38,141.56
5,-175,95,6.88,-240.79,77.7
5,-175,105,6.91,-241.88,91.85
5,-175,115,6.93,-242.68,106.13
5,-175,125,6.95,-243.17,120.55
5,-175,135,6.95,-243.34,135.1
5,-175,145,6.95,-243.15,149.79
5,-175,155,6.93,-242.56,164.64
5,-175,165,6.9,-241.51,179.7
5,-175,175,6.85,-239.9,195.04
5,-175,185,5.96,-208.71,239.38
5,-175,195,6.08,-212.7,247.33
5,-165,-205,6.11,-201.51,-258.24
5,-165,-195,5.96,-196.81,-250.43
5,-165,-185,5.87,-193.68,-241.62
5,-165,-175,5.8,-191.41,-232.37
5,-165,-165,7.04,-232.43,-177.83
5,-165,-155,7.07,-233.29,-162.93
5,-165,-145,7.08,-233.73,-148.17
5,-165,-135,7.08,-233.8,-133.53
5,-165,-125,7.08,-233.52,-119.01
5,-165,-115,7.06,-232.91,-104.59
5,-165,-105,5.69,-187.92,-163.32
5,-165,-95,5.72,-188.73,-153.12
5,-165,95,5.72,-188.73,153.12
5,-165,105,5.69,-187.92,163.32
5,-165,115,7.06,-232.91,104.59
5,-165,125,7.08,-233.52,119.01
5,-165,135,7.08,-233.8,133.53
5,-165,145,7.08,-233.73,148.17
5,-165,155,7.07,-233.29,162.93
5,-165,165,7.04,-232.43,177.83
5,-165,175,5.8,-191.41,232.37
5,-165,185,5.87,-193.68,241.62
5,-165,195,5.96,-196.81,250.43
5,-165,205,6.11,-201.51,258.24
5,-155,-215,6.17,-191.32,-268.61
5,-155,-205,5.98,-185.52,-261.15
5,-155,-195,5.87,-181.84,-252.4
5,-155,-185,5.78,-179.15,-243.15
5,-155,-175,5.71,-177.13,-233.63
5,-155,-165,5.67,-175.62,-223.94
5,-155,-155,7.23,-223.99,-161.62
5,-155,-145,7.24,-224.32,-146.93
5,-155,-135,7.24,-224.29,-132.32
5,-155,-125,5.59,-173.38,-184.32
5,-155,-115,5.6,-173.65,-174.28
5,-155,-105,5.62,-174.23,-164.19
5,-155,105,5.62,-174.23,164.19
5,-155,115,5.6,-173.65,174.28
5,-155,125,5.59,-173.38,184.32
5,-155,135,7.24,-224.29,132.32
5,-155,145,7.24,-224.32,146.93
5,-155,155,7.23,-223.99,161.62
5,-155,165,5.67,-175.62,223.94
5,-155,175,5.71,-177.13,233.63
5,-155,185,5.78,-179.15,243.15
5,-155,195,5.87,-181.84,252.4
5,-155,205,5.98,-185.52,261.15
5,-155,215,6.17,-191.32,268.61
5,-145,-225,6.31,-182.94,-278.09
5,-145,-215,6.03,-175.0,-271.56
5,-145,-205,5.88,-170.58,-262.94
5,-145,-195,5.77,-167.4,-253.7
5,-145,-185,5.69,-164.99,-244.16
5,-145,-175,5.62,-163.12,-234.45
5,-145,-165,5.58,-161.71,-224.62
5,-145,-155,5.54,-160.69,-214.73
5,-145,-145,7.41,-214.94,-146.01
5,-145,-135,5.51,-159.68,-194.82
5,-145,-125,5.51,-159.67,-184.82
5,-145,125,5.51,-159.67,184.82
5,-145,135,5.51,-159.68,194.82
5,-145,145,7.41,-214.94,146.01
5,-145,155,5.54,-160.69,214.73
5,-145,165,5.58,-161.71,224.62
5,-145,175,5.62,-163.12,234.45
5,-145,185,5.69,-164.99,244.16
5,-145,195,5.77,-167.4,253.7
5,-145,205,5.88,-170.58,262.94
5,-145,215,6.03,-175.0,271.56
5,-145,225,6.31,-182.94,278.09
5,-135,-225,6.13,-165.53,-281.62
5,-135,-215,5.93,-160.03,-273.25
5,-135,-205,5.79,-156.25,-264.06
5,-135,-195,5.68,-153.38,-254.5
5,-135,-185,5.6,-151.13,-244.75
5,-135,-175,5.53,-149.37,-234.89
5,-135,-165,5.48,-148.02,-224.95
5,-135,-155,5.45,-147.04,-214.98
5,-135,-145,5.42,-146.39,-205.0
5,-135,-135,5.41,-146.07,-195.0
5,-135,135,5.41,-146.07,195.0
5,-135,145,5.42,-146.39,205.0
5,-135,155,5.45,-147.04,214.98
5,-135,165,5.48,-148.02,224.95
5,-135,175,5.53,-149.37,234.89
5,-135,185,5.6,-151.13,244.75
5,-135,195,5.68,-153.38,254.5
5,-135,205,5.79,-156.25,264.06
5,-135,215,5.93,-160.03,273.25
5,-135,225,6.13,-165.53,281.62
5,-125,-235,6.31,-157.86,-291.05
5,-125,-225,6.02,-150.39,-283.36
5,-125,-215,5.83,-145.8,-274.27
5,-125,-205,5.7,-142.38,-264.71
5,-125,-195,5.59,-139.71,-254.91
5,-125,-185,5.5,-137.57,-244.99
5,-125,-175,5.43,-135.87,-235.0
5,-125,-165,5.38,-134.55,-224.97
5,-125,-155,5.34,-133.58,-214.93
5,-125,-145,5.32,-132.94,-204.9
5,-125,145,5.32,-132.94,204.9
5,-125,155,5.34,-133.58,214.93
5,-125,165,5.38,-134.55,224.97
5,-125,175,5.43,-135.87,235.0
5,-125,185,5.5,-137.57,244.99
5,-125,195,5.59,-139.71,254.91
5,-125,205,5.7,-142.38,264.71
5,-125,215,5.83,-145.8,274.27
5,-125,225,6.02,-150.39,283.36
5,-125,235,6.31,-157.86,291.05
5,-115,-235,6.17,-142.01,-293.18
5,-115,-225,5.92,-136.2,-284.34
5,-115,-215,5.74,-132.1,-274.81
5,-115,-205,5.61,-128.93,-264.98
5,-115,-195,5.49,-126.37,-254.99
5,-115,-185,5.4,-124.3,-244.92
5,-115,-175,5.33,-122.64,-234.81
5,-115,-165,5.28,-121.33,-224.7
5,-115,-155,5.23,-120.35,-214.59
5,-115,155,5.23,-120.35,214.59
5,-115,165,5.28,-121.33,224.7
5,-115,175,5.33,-122.64,234.81
5,-115,185,5.4,-124.3,244.92
5,-115,195,5.49,-126.37,254.99
5,-115,205,5.61,-128.93,264.98
5,-115,215,5.74,-132.1,274.81
5,-115,225,5.92,-136.2,284.34
5,-115,235,6.17,-142.01,293.18
5,-105,-245,6.48,-136.04,-302.34
5,-105,-235,6.08,-127.72,-294.27
5,-105,-225,5.84,-122.68,-284.85
5,-105,-215,5.66,-118.89,-275.0
5,-105,-205,5.52,-115.87,-264.95
5,-105,-195,5.4,-113.39,-254.79
5,-105,-185,5.3,-111.36,-244.59
5,-105,-175,5.22,-109.71,-234.37
5,-105,-165,5.16,-108.39,-224.16
5,-105,-155,5.11,-107.38,-213.98
5,-105,155,5.11,-107.38,213.98
5,-105,165,5.16,-108.39,224.16
5,-105,175,5.22,-109.71,234.37
5,-105,185,5.3,-111.36,244.59
5,-105,195,5.4,-113.39,254.79
5,-105,205,5.52,-115.87,264.95
5,-105,215,5.66,-118.89,275.0
5,-105,225,5.84,-122.68,284.85
5,-105,235,6.08,-127.72,294.27
5,-105,245,6.48,-136.04,302.34
5,-95,-245,6.37,-120.96,-303.92
5,-95,-235,6.02,-114.32,-294.82
5,-95,-225,5.78,-109.73,-285.0
5,-95,-215,5.59,-106.14,-274.9
5,-95,-205,5.43,-103.23,-264.66
5,-95,-195,5.31,-100.81,-254.35
5,-95,-185,5.2,-98.79,-244.01
5,-95,-175,5.11,-97.13,-233.68
5,-95,-165,5.04,-95.78,-223.38
5,-95,165,5.04,-95.78,223.38
5,-95,175,5.11,-97.13,233.68
5,-95,185,5.2,-98.79,244.01
5,-95,195,5.31,-100.81,254.35
5,-95,205,5.43,-103.23,264.66
5,-95,215,5.59,-106.14,274.9
5,-95,225,5.78,-109.73,285.0
5,-95,235,6.02,-114.32,294.82
5,-95,245,6.37,-120.96,303.92
5,-85,-255,4.59,-78.06,-324.96
5,-85,-245,6.32,-107.47,-304.66
5,-85,-235,5.98,-101.64,-295.0
5,-85,-225,5.73,-97.34,-284.88
5,-85,-215,5.52,-93.9,-274.57
5,-85,-205,5.36,-91.06,-264.16
5,-85,-195,5.22,-88.66,-253.7
5,-85,-185,5.1,-86.65,-243.24
5,-85,-175,5.0,-84.97,-232.79
5,-85,175,5.0,-84.97,232.79
5,-85,185,5.1,-86.65,243.24
5,-85,195,5.22,-88.66,253.7
5,-85,205,5.36,-91.06,264.16
5,-85,215,5.52,-93.9,274.57
5,-85,225,5.73,-97.34,284.88
5,-85,235,5.98,-101.64,295.0
5,-85,245,6.32,-107.47,304.66
5,-85,255,4.59,-78.06,324.96
5,-75,-255,6.9,-103.48,-314.04
5,-75,-245,6.33,-95.01,-304.96
5,-75,-235,5.98,-89.66,-294.92
5,-75,-225,5.7,-85.57,-284.56
5,-75,-215,5.48,-82.23,-274.06
5,-75,-205,5.29,-79.42,-263.48
5,-75,-195,5.14,-77.05,-252.89
5,-75,-185,5.0,-75.02,-242.29
5,-75,-175,4.89,-73.31,-231.73
5,-75,175,4.89,-73.31,231.73
5,-75,185,5.0,-75.02,242.29
5,-75,195,5.14,-77.05,252.89
5,-75,205,5.29,-79.42,263.48
5,-75,215,5.48,-82.23,274.06
5,-75,225,5.7,-85.57,284.56
5,-75,235,5.98,-89.66,294.92
5,-75,245,6.33,-95.01,304.96
5,-75,255,6.9,-103.48,314.04
5,-65,-255,6.98,-90.76,-314.71
5,-65,-245,6.42,-83.46,-304.98
5,-65,-235,6.03,-78.43,-294.65
5,-65,-225,5.73,-74.48,-284.08
5,-65,-215,5.48,-71.21,-273.41
5,-65,-205,5.26,-68.43,-262.68
5,-65,-195,5.08,-66.06,-251.95
5,-65,-185,4.92,-64.02,-241.23
5,-65,185,4.92,-64.02,241.23
5,-65,195,5.08,-66.06,251.95
5,-65,205,5.26,-68.43,262.68
5,-65,215,5.48,-71.21,273.41
5,-65,225,5.73,-74.48,284.08
5,-65,235,6.03,-78.43,294.65
5,-65,245,6.42,-83.46,304.98
5,-65,255,6.98,-90.76,314.71
5,-55,-255,7.23,-79.5,-314.97
5,-55,-245,6.62,-72.85,-304.82
5,-55,-235,6.19,-68.05,-294.25
5,-55,-225,5.84,-64.2,-283.5
5,-55,-215,5.54,-60.98,-272.67
5,-55,-205,5.29,-58.22,-261.8
5,-55,-195,5.08,-55.85,-250.94
5,-55,-185,4.89,-53.79,-240.09
5,-55,185,4.89,-53.79,240.09
5,-55,195,5.08,-55.85,250.94
5,-55,205,5.29,-58.22,261.8
5,-55,215,5.54,-60.98,272.67
5,-55,225,5.84,-64.2,283.5
5,-55,235,6.19,-68.05,294.25
5,-55,245,6.62,-72.85,304.82
5,-55,255,7.23,-79.5,314.97
5,-45,-265,4.43,-39.83,-331.82
5,-45,-255,7.73,-69.54,-314.99
5,-45,-245,7.03,-63.31,-304.55
5,-45,-235,6.52,-58.66,-293.78
5,-45,-225,6.1,-54.89,-282.87
5,-45,-215,5.75,-51.71,-271.9
5,-45,-205,5.44,-48.97,-260.9
5,-45,-195,5.18,-46.59,-249.91
5,-45,-185,4.95,-44.51,-238.94
5,-45,185,4.95,-44.51,238.94
5,-45,195,5.18,-46.59,249.91
5,-45,205,5.44,-48.97,260.9
5,-45,215,5.75,-51.71,271.9
5,-45,225,6.1,-54.89,282.87
5,-45,235,6.52,-58.66,293.78
5,-45,245,7.03,-63.31,304.55
5,-45,255,7.73,-69.54,314.99
5,-45,265,4.43,-39.83,331.82
5,-35,-265,10.16,-71.09,-324.63
5,-35,-255,8.7,-60.93,-314.89
5,-35,-245,7.86,-55.0,-304.22
5,-35,-235,7.21,-50.47,-293.29
5,-35,-225,6.68,-46.77,-282.25
5,-35,-215,6.23,-43.62,-271.16
5,-35,-205,5.84,-40.9,-260.04
5,-35,-195,5.5,-38.52,-248.94
5,-35,-185,5.2,-36.43,-237.85
5,-35,185,5.2,-36.43,237.85
5,-35,195,5.5,-38.52,248.94
5,-35,205,5.84,-40.9,260.04
5,-35,215,6.23,-43.62,271.16
5,-35,225,6.68,-46.77,282.25
5,-35,235,7.21,-50.47,293.29
5,-35,245,7.86,-55.0,304.22
5,-35,255,8.7,-60.93,314.89
5,-35,265,10.16,-71.09,324.63
5,-25,-265,12.59,-62.93,-324.88
5,-25,-255,10.75,-53.77,-314.74
5,-25,-245,9.61,-48.05,-303.9
5,-25,-235,8.73,-43.65,-292.85
5,-25,-225,8.0,-40.01,-281.7
5,-25,-215,7.38,-36.9,-270.51
5,-25,-205,6.84,-34.21,-259.3
5,-25,-195,6.37,-31.84,-248.1
5,-25,195,6.37,-31.84,248.1
5,-25,205,6.84,-34.21,259.3
5,-25,215,7.38,-36.9,270.51
5,-25,225,8.0,-40.01,281.7
5,-25,235,8.73,-43.65,292.85
5,-25,245,9.61,-48.05,303.9
5,-25,255,10.75,-53.77,314.74
5,-25,265,12.59,-62.93,324.88
5,-15,-265,18.65,-55.95,-324.97
5,-15,-255,15.84,-47.52,-314.6
5,-15,-245,14.03,-42.1,-303.65
5,-15,-235,12.63,-37.88,-292.52
5,-15,-225,11.46,-34.38,-281.29
5,-15,-215,10.46,-31.38,-270.02
5,-15,-205,9.59,-28.77,-258.74
5,-15,-195,8.83,-26.48,-247.47
5,-15,195,8.83,-26.48,247.47
5,-15,205,9.59,-28.77,258.74
5,-15,215,10.46,-31.38,270.02
5,-15,225,11.46,-34.38,281.29
5,-15,235,12.63,-37.88,292.52
5,-15,245,14.03,-42.1,303.65
5,-15,255,15.84,-47.52,314.6
5,-15,265,18.65,-55.95,324.97
5,-5,-265,39.82,-39.82,-324.99
5,-5,-255,33.68,-33.68,-314.52
5,-5,-245,29.67,-29.67,-303.52
5,-5,-235,26.54,-26.54,-292.33
5,-5,-225,23.94,-23.94,-281.07
5,-5,-215,21.71,-21.71,-269.76
5,-5,-205,19.77,-19.77,-258.44
5,-5,-195,18.05,-18.05,-247.14
5,-5,195,18.05,-18.05,247.14
5,-5,205,19.77,-19.77,258.44
5,-5,215,21.71,-21.71,269.76
5,-5,225,23.94,-23.94,281.07
5,-5,235,26.54,-26.54,292.33
5,-5,245,29.67,-29.67,303.52
5,-5,255,33.68,-33.68,314.52
5,-5,265,39.82,-39.82,324.99
5,5,-265,39.82,39.82,-324.99
5,5,-255,33.68,33.68,-314.52
5,5,-245,29.67,29.67,-303.52
5,5,-235,26.54,26.54,-292.33
5,5,-225,23.94,23.94,-281.07
5,5,-215,21.71,21.71,-269.76
5,5,-205,19.77,19.77,-258.44
5,5,-195,18.05,18.05,-247.14
5,5,195,18.05,18.05,247.14
5,5,205,19.77,19.77,258.44
5,5,215,21.71,21.71,269.76
5,5,225,23.94,23.94,281.07
5,5,235,26.54,26.54,292.33
5,5,245,29.67,29.67,303.52
5,5,255,33.68,33.68,314.52
5,5,265,39.82,39.82,324.99
5,15,-265,18.65,55.95,-324.97
5,15,-255,15.84,47.52,-314.6
5,15,-245,14.03,42.1,-303.65
5,15,-235,12.63,37.88,-292.52
5,15,-225,11.46,34.38,-281.29
5,15,-215,10.46,31.38,-270.02
5,15,-205,9.59,28.77,-258.74
5,15,-195,8.83,26.48,-247.47
5,15,195,8.83,26.48,247.47
5,15,205,9.59,28.77,258.74
5,15,215,10.46,31.38,270.02
5,15,225,11.46,34.38,281.29
5,15,235,12.63,37.88,292.52
5,15,245,14.03,42.1,303.65
5,15,255,15.84,47.52,314.6
5,15,265,18.65,55.95,324.97
5,25,-265,12.59,62.93,-324.88
5,25,-255,10.75,53.77,-314.74
5,25,-245,9.61,48.05,-303.9
5,25,-235,8.73,43.65,-292.85
5,25,-225,8.0,40.01,-281.7
5,25,-215,7.38,36.9,-270.51
5,25,-205,6.84,34.21,-259.3
5,25,-195,6.37,31.84,-248.1
5,25,195,6.37,31.84,248.1
5,25,205,6.84,34.21,259.3
5,25,215,7.38,36.9,270.51
5,25,225,8.0,40.01,281.7
5,25,235,8.73,43.65,292.85
5,25,245,9.61,48.05,303.9
5,25,255,10.75,53.77,314.74
5,25,265,12.59,62.93,324.88
5,35,-265,10.16,71.09,-324.63
5,35,-255,8.7,60.93,-314.89
5,35,-245,7.86,55.0,-304.22
5,35,-235,7.21,50.47,-293.29
5,35,-225,6.68,46.77,-282.25
5,35,-215,6.23,43.62,-271.16
5,35,-205,5.84,40.9,-260.04
5,35,-195,5.5,38.52,-248.94
5,35,-185,5.2,36.43,-237.85
5,35,185,5.2,36.43,237.85
5,35,195,5.5,38.52,248.94
5,35,205,5.84,40.9,260.04
5,35,215,6.23,43.62,271.16
5,35,225,6.68,46.77,282.25
5,35,235,7.21,50.47,293.29
5,35,245,7.86,55.0,304.22
5,35,255,8.7,60.93,314.89
5,35,265,10.16,71.09,324.63
5,45,-265,4.43,39.83,-331.82
5,45,-255,7.73,69.54,-314.99
5,45,-245,7.03,63.31,-304.55
5,45,-235,6.52,58.66,-293.78
5,45,-225,6.1,54.89,-282.87
5,45,-215,5.75,51.71,-271.9
5,45,-205,5.44,48.97,-260.9
5,45,-195,5.18,46.59,-249.91
5,45,-185,4.95,44.51,-238.94
5,45,185,4.95,44.51,238.94
5,45,195,5.18,46.59,249.91
5,45,205,5.44,48.97,260.9
5,45,215,5.75,51.71,271.9
5,45,225,6.1,54.89,282.87
5,45,235,6.52,58.66,293.78
5,45,245,7.03,63.31,304.55
5,45,255,7.73,69.54,314.99
5,45,265,4.43,39.83,331.82
5,55,-255,7.23,79.5,-314.97
5,55,-245,6.62,72.85,-304.82
5,55,-235,6.19,68.05,-294.25
5,55,-225,5.84,64.2,-283.5
5,55,-215,5.54,60.98,-272.67
5,55,-205,5.29,58.22,-261.8
5,55,-195,5.08,55.85,-250.94
5,55,-185,4.89,53.79,-240.09
5,55,185,4.89,53.79,240.09
5,55,195,5.08,55.85,250.94
5,55,205,5.29,58.22,261.8
5,55,215,5.54,60.98,272.67
5,55,225,5.84,64.2,283.5
5,55,235,6.19,68.05,294.25
5,55,245,6.62,72.85,304.82
5,55,255,7.23,79.5,314.97
5,65,-255,6.98,90.76,-314.71
5,65,-245,6.42,83.46,-304.98
5,65,-235,6.03,78.43,-294.65
5,65,-225,5.73,74.48,-284.08
5,65,-215,5.48,71.21,-273.41
5,65,-205,5.26,68.43,-262.68
5,65,-195,5.08,66.06,-251.95
5,65,-185,4.92,64.02,-241.23
5,65,185,4.92,64.02,241.23
5,65,195,5.08,66.06,251.95
5,65,205,5.26,68.43,262.68
5,65,215,5.48,71.21,273.41
5,65,225,5.73,74.48,284.08
5,65,235,6.03,78.43,294.65
5,65,245,6.42,83.46,304.98
5,65,255,6.98,90.76,314.71
5,75,-255,6.9,103.48,-314.04
5,75,-245,6.33,95.01,-304.96
5,75,-235,5.98,89.66,-294.92
5,75,-225,5.7,85.57,-284.56
5,75,-215,5.48,82.23,-274.06
5,75,-205,5.29,79.42,-263.48
5,75,-195,5.14,77.05,-252.89
5,75,-185,5.0,75.02,-242.29
5,75,-175,4.89,73.31,-231.73
5,75,175,4.89,73.31,231.73
5,75,185,5.0,75.02,242.29
5,75,195,5.14,77.05,252.89
5,75,205,5.29,79.42,263.48
5,75,215,5.48,82.23,274.06
5,75,225,5.7,85.57,284.56
5,75,235,5.98,89.66,294.92
5,75,245,6.33,95.01,304.96
5,75,255,6.9,103.48,314.04
5,85,-255,4.59,78.06,-324.96
5,85,-245,6.32,107.47,-304.66
5,85,-235,5.98,101.64,-295.0
5,85,-225,5.73,97.34,-284.88
5,85,-215,5.52,93.9,-274.57
5,85,-205,5.36,91.06,-264.16
5,85,-195,5.22,88.66,-253.7
5,85,-185,5.1,86.65,-243.24
5,85,-175,5.0,84.97,-232.79
5,85,175,5.0,84.97,232.79
5,85,185,5.1,86.65,243.24
5,85,195,5.22,88.66,253.7
5,85,205,5.36,91.06,264.16
5,85,215,5.52,93.9,274.57
5,85,225,5.73,97.34,284.88
5,85,235,5.98,101.64,295.0
5,85,245,6.32,107.47,304.66
5,85,255,4.59,78.06,324.96
5,95,-245,6.37,120.96,-303.92
5,95,-235,6.02,114.32,-294.82
5,95,-225,5.78,109.73,-285.0
5,95,-215,5.59,106.14,-274.9
5,95,-205,5.43,103.23,-264.66
5,95,-195,5.31,100.81,-254.35
5,95,-185,5.2,98.79,-244.01
5,95,-175,5.11,97.13,-233.68
5,95,-165,5.04,95.78,-223.38
5,95,165,5.04,95.78,223.38
5,95,175,5.11,97.13,233.68
5,95,185,5.2,98.79,244.01
5,95,195,5.31,100.81,254.35
5,95,205,5.43,103.23,264.66
5,95,215,5.59,106.14,274.9
5,95,225,5.78,109.73,285.0
5,95,235,6.02,114.32,294.82
5,95,245,6.37,120.96,303.92
5,105,-245,6.48,136.04,-302.34
5,105,-235,6.08,127.72,-294.27
5,105,-225,5.84,122.68,-284.85
5,105,-215,5.66,118.89,-275.0
5,105,-205,5.52,115.87,-264.95
5,105,-195,5.4,113.39,-254.79
5,105,-185,5.3,111.36,-244.59
5,105,-175,5.22,109.71,-234.37
5,105,-165,5.16,108.39,-224.16
5,105,-155,5.11,107.38,-213.98
5,105,155,5.11,107.38,213.98
5,105,165,5.16,108.39,224.16
5,105,175,5.22,109.71,234.37
5,105,185,5.3,111.36,244.59
5,105,195,5.4,113.39,254.79
5,105,205,5.52,115.87,264.95
5,105,215,5.66,118.89,275.0
5,105,225,5.84,122.68,284.85
5,105,235,6.08,127.72,294.27
5,105,245,6.48,136.04,302.34
5,115,-235,6.17,142.01,-293.18
5,115,-225,5.92,136.2,-284.34
5,115,-215,5.74,132.1,-274.81
5,115,-205,5.61,128.93,-264.98
5,115,-195,5.49,126.37,-254.99
5,115,-185,5.4,124.3,-244.92
5,115,-175,5.33,122.64,-234.81
5,115,-165,5.28,121.33,-224.7
5,115,-155,5.23,120.35,-214.59
5,115,155,5.23,120.35,214.59
5,115,165,5.28,121.33,224.7
5,115,175,5.33,122.64,234.81
5,115,185,5.4,124.3,244.92
5,115,195,5.49,126.37,254.99
5,115,205,5.61,128.93,264.98
5,115,215,5.74,132.1,274.81
5,115,225,5.92,136.2,284.34
5,115,235,6.17,142.01,293.18
5,125,-235,6.31,157.86,-291.05
5,125,-225,6.02,150.39,-283.36
5,125,-215,5.83,145.8,-274.27
5,125,-205,5.7,142.38,-264.71
5,125,-195,5.59,139.71,-254.91
5,125,-185,5.5,137.57,-244.99
5,125,-175,5.43,135.87,-235.0
5,125,-165,5.38,134.55,-224.97
5,125,-155,5.34,133.58,-214.93
5,125,-145,5.32,132.94,-204.9
5,125,145,5.32,132.94,204.9
5,125,155,5.34,133.58,214.93
5,125,165,5.38,134.55,224.97
5,125,175,5.43,135.87,235.0
5,125,185,5.5,137.57,244.99
5,125,195,5.59,139.71,254.91
5,125,205,5.7,142.38,264.71
5,125,215,5.83,145.8,274.27
5,125,225,6.02,150.39,283.36
5,125,235,6.31,157.86,291.05
5,135,-225,6.13,165.53,-281.62
5,135,-215,5.93,160.03,-273.25
5,135,-205,5.79,156.25,-264.06
5,135,-195,5.68,153.38,-254.5
5,135,-185,5.6,151.13,-244.75
5,135,-175,5.53,149.37,-234.89
5,135,-165,5.48,148.02,-224.95
5,135,-155,5.45,147.04,-214.98
5,135,-145,5.42,146.39,-205.0
5,135,-135,5.41,146.07,-195.0
5,135,135,5.41,146.07,195.0
5,135,145,5.42,146.39,205.0
5,135,155,5.45,147.04,214.98
5,135,165,5.48,148.02,224.95
5,135,175,5.53,149.37,234.89
5,135,185,5.6,151.13,244.75
5,135,195,5.68,153.38,254.5
5,135,205,5.79,156.25,264.06
5,135,215,5.93,160.03,273.25
5,135,225,6.13,165.53,281.62
5,145,-225,6.31,182.94,-278.09
5,145,-215,6.03,175.0,-271.56
5,145,-205,5.88,170.58,-262.94
5,145,-195,5.77,167.4,-253.7
5,145,-185,5.69,164.99,-244.16
5,145,-175,5.62,163.12,-234.45
5,145,-165,5.58,161.71,-224.62
5,145,-155,5.54,160.69,-214.73
5,145,-145,7.41,214.94,-146.01
5,145,-135,5.51,159.68,-194.82
5,145,-125,5.51,159.67,-184.82
5,145,125,5.51,159.67,184.82
5,145,135,5.51,159.68,194.82
5,145,145,7.41,214.94,146.01
5,145,155,5.54,160.69,214.73
5,145,165,5.58,161.71,224.62
5,145,175,5.62,163.12,234.45
5,145,185,5.69,164.99,244.16
5,145,195,5.77,167.4,253.7
5,145,205,5.88,170.58,262.94
5,145,215,6.03,175.0,271.56
5,145,225,6.31,182.94,278.09
5,155,-215,6.17,191.32,-268.61
5,155,-205,5.98,185.52,-261.15
5,155,-195,5.87,181.84,-252.4
5,155,-185,5.78,179.15,-243.15
5,155,-175,5.71,177.13,-233.63
5,155,-165,5.67,175.62,-223.94
5,155,-155,7.23,223.99,-161.62
5,155,-145,7.24,224.32,-146.93
5,155,-135,7.24,224.29,-132.32
5,155,-125,5.59,173.38,-184.32
5,155,-115,5.6,173.65,-174.28
5,155,-105,5.62,174.23,-164.19
5,155,105,5.62,174.23,164.19
5,155,115,5.6,173.65,174.28
5,155,125,5.59,173.38,184.32
5,155,135,7.24,224.29,132.32
5,155,145,7.24,224.32,146.93
5,155,155,7.23,223.99,161.62
5,155,165,5.67,175.62,223.94
5,155,175,5.71,177.13,233.63
5,155,185,5.78,179.15,243.15
5,155,195,5.87,181.84,252.4
5,155,205,5.98,185.52,261.15
5,155,215,6.17,191.32,268.61
5,165,-205,6.11,201.51,-258.24
5,165,-195,5.96,196.81,-250.43
5,165,-185,5.87,193.68,-241.62
5,165,-175,5.8,191.41,-232.37
5,165,-165,7.04,232.43,-177.83
5,165,-155,7.07,233.29,-162.93
5,165,-145,7.08,233.73,-148.17
5,165,-135,7.08,233.8,-133.53
5,165,-125,7.08,233.52,-119.01
5,165,-115,7.06,232.91,-104.59
5,165,-105,5.69,187.92,-163.32
5,165,-95,5.72,188.73,-153.12
5,165,95,5.72,188.73,153.12
5,165,105,5.69,187.92,163.32
5,165,115,7.06,232.91,104.59
5,165,125,7.08,233.52,119.01
5,165,135,7.08,233.8,133.53
5,165,145,7.08,233.73,148.17
5,165,155,7.07,233.29,162.93
5,165,165,7.04,232.43,177.83
5,165,175,5.8,191.41,232.37
5,165,185,5.87,193.68,241.62
5,165,195,5.96,196.81,250.43
5,165,205,6.11,201.51,258.24
5,175,-195,6.08,212.7,-247.33
5,175,-185,5.96,208.71,-239.38
5,175,-175,6.85,239.9,-195.04
5,175,-165,6.9,241.51,-179.7
5,175,-155,6.93,242.56,-164.64
5,175,-145,6.95,243.15,-149.79
5,175,-135,6.95,243.34,-135.1
5,175,-125,6.95,243.17,-120.55
5,175,-115,6.93,242.68,-106.13
5,175,-105,6.91,241.88,-91.85
5,175,-95,6.88,240.79,-77.7
5,175,-85,5.81,203.38,-141.56
5,175,-75,5.85,204.64,-131.1
5,175,75,5.85,204.64,131.1
5,175,85,5.81,203.38,141.56
5,175,95,6.88,240.79,77.7
5,175,105,6.91,241.88,91.85
5,175,115,6.93,242.68,106.13
5,175,125,6.95,243.17,120.55
5,175,135,6.95,243.34,135.1
5,175,145,6.95,243.15,149.79
5,175,155,6.93,242.56,164.64
5,175,165,6.9,241.51,179.7
5,175,175,6.85,239.9,195.04
5,175,185,5.96,208.71,239.38
5,175,195,6.08,212.7,247.33
5,185,-195,5.38,199.11,-268.4
5,185,-185,6.63,245.15,-214.51
5,185,-175,6.71,248.37,-197.91
5,185,-165,6.77,250.41,-182.15
5,185,-155,6.8,251.73,-166.85
5,185,-145,6.82,252.52,-151.84
5,185,-135,6.83,252.88,-137.05
5,185,-125,6.83,252.86,-122.44
5,185,-115,6.82,252.5,-108.0
5,185,-105,6.81,251.84,-93.71
5,185,-95,6.78,250.9,-79.58
5,185,-85,6.75,249.69,-65.62
5,185,-75,6.71,248.25,-51.82
5,185,-65,5.93,219.46,-118.81
5,185,-55,5.97,221.04,-108.0
5,185,-45,6.02,222.82,-97.02
5,185,-35,6.07,224.77,-85.85
5,185,35,6.07,224.77,85.85
5,185,45,6.02,222.82,97.02
5,185,55,5.97,221.04,108.0
5,185,65,5.93,219.46,118.81
5,185,75,6.71,248.25,51.82
5,185,85,6.75,249.69,65.62
5,185,95,6.78,250.9,79.58
5,185,105,6.81,251.84,93.71
5,185,115,6.82,252.5,108.0
5,185,125,6.83,252.86,122.44
5,185,135,6.83,252.88,137.05
5,185,145,6.82,252.52,151.84
5,185,155,6.8,251.73,166.85
5,185,165,6.77,250.41,182.15
5,185,175,6.71,248.37,197.91
5,185,185,6.63,245.15,214.51
5,185,195,5.38,199.11,268.4
5,195,-185,7.08,276.11,-188.22
5,195,-175,6.57,256.05,-202.1
5,195,-165,6.64,258.93,-185.46
5,195,-155,6.68,260.69,-169.71
5,195,-145,6.71,261.78,-154.43
5,195,-135,6.73,262.35,-139.48
5,195,-125,6.73,262.52,-124.76
5,195,-115,6.73,262.33,-110.26
5,195,-105,6.71,261.83,-95.94
5,195,-95,6.69,261.05,-81.79
5,195,-85,6.67,260.01,-67.83
5,195,-75,6.63,258.74,-54.04
5,195,-65,6.6,257.27,-40.45
5,195,-55,6.55,255.61,-27.05
5,195,-45,6.51,253.81,-13.85
5,195,-35,6.09,237.57,-83.71
5,195,-25,6.14,239.46,-72.28
5,195,-15,6.19,241.46,-60.65
5,195,-5,6.24,243.53,-48.8
5,195,5,6.24,243.53,48.8
5,195,15,6.19,241.46,60.65
5,195,25,6.14,239.46,72.28
5,195,35,6.09,237.57,83.71
5,195,45,6.51,253.81,13.85
5,195,55,6.55,255.61,27.05
5,195,65,6.6,257.27,40.45
5,195,75,6.63,258.74,54.04
5,195,85,6.67,260.01,67.83
5,195,95,6.69,261.05,81.79
5,195,105,6.71,261.83,95.94
5,195,115,6.73,262.33,110.26
5,195,125,6.73,262.52,124.76
5,195,135,6.73,262.35,139.48
5,195,145,6.71,261.78,154.43
5,195,155,6.68,260.69,169.71
5,195,165,6.64,258.93,185.46
5,195,175,6.57,256.05,202.1
5,195,185,7.08,276.11,188.22
5,205,-165,6.5,266.54,-190.37
5,205,-155,6.57,269.22,-173.57
5,205,-145,6.6,270.79,-157.78
5,205,-135,6.63,271.7,-142.52
5,205,-125,6.64,272.11,-127.62
5,205,-115,6.64,272.14,-112.99
5,205,-105,6.63,271.83,-98.59
5,205,-95,6.62,271.22,-84.39
5,205,-85,6.59,270.37,-70.4
5,205,-75,6.57,269.28,-56.61
5,205,-65,6.54,267.99,-43.01
5,205,-55,6.5,266.53,-29.61
5,205,-45,6.46,264.93,-16.42
5,205,-35,6.42,263.2,-3.44
5,205,-25,6.38,261.39,9.32
5,205,-15,6.33,259.52,21.86
5,205,-5,6.28,257.62,34.17
5,205,5,6.28,257.62,-34.17
5,205,15,6.33,259.52,-21.86
5,205,25,6.38,261.39,-9.32
5,205,35,6.42,263.2,3.44
5,205,45,6.46,264.93,16.42
5,205,55,6.5,266.53,29.61
5,205,65,6.54,267.99,43.01
5,205,75,6.57,269.28,56.61
5,205,85,6.59,270.37,70.4
5,205,95,6.62,271.22,84.39
5,205,105,6.63,271.83,98.59
5,205,115,6.64,272.14,112.99
5,205,125,6.64,272.11,127.62
5,205,135,6.63,271.7,142.52
5,205,145,6.6,270.79,157.78
5,205,155,6.57,269.22,173.57
5,205,165,6.5,266.54,190.37
5,215,-155,6.43,276.57,-179.6
5,215,-145,6.49,279.27,-162.39
5,215,-135,6.53,280.74,-146.48
5,215,-125,6.55,281.53,-131.2
5,215,-115,6.55,281.83,-116.33
5,215,-105,6.55,281.76,-101.78
5,215,-95,6.54,281.37,-87.48
5,215,-85,6.53,280.72,-73.42
5,215,-75,6.51,279.83,-59.58
5,215,-65,6.48,278.74,-45.95
5,215,-55,6.45,277.48,-32.54
5,215,-45,6.42,276.08,-19.33
5,215,-35,6.39,274.57,-6.35
5,215,-25,6.35,272.96,6.42
5,215,-15,6.31,271.3,18.97
5,215,-5,6.27,269.62,31.31
5,215,5,6.27,269.62,-31.31
5,215,15,6.31,271.3,-18.97
5,215,25,6.35,272.96,-6.42
5,215,35,6.39,274.57,6.35
5,215,45,6.42,276.08,19.33
5,215,55,6.45,277.48,32.54
5,215,65,6.48,278.74,45.95
5,215,75,6.51,279.83,59.58
5,215,85,6.53,280.72,73.42
5,215,95,6.54,281.37,87.48
5,215,105,6.55,281.76,101.78
5,215,115,6.55,281.83,116.33
5,215,125,6.55,281.53,131.2
5,215,135,6.53,280.74,146.48
5,215,145,6.49,279.27,162.39
5,215,155,6.43,276.57,179.6
5,225,-145,6.35,285.82,-170.59
5,225,-135,6.42,289.04,-152.18
5,225,-125,6.46,290.54,-135.97
5,225,-115,6.47,291.29,-120.6
5,225,-105,6.48,291.55,-105.73
5,225,-95,6.48,291.43,-91.23
5,225,-85,6.47,291.02,-77.02
5,225,-75,6.45,290.36,-63.08
5,225,-65,6.43,289.49,-49.39
5,225,-55,6.41,288.44,-35.92
5,225,-45,6.38,287.25,-22.68
5,225,-35,6.35,285.94,-9.67
5,225,-25,6.32,284.55,3.12
5,225,-15,6.29,283.11,15.69
5,225,-5,6.26,281.64,28.04
5,225,5,6.26,281.64,-28.04
5,225,15,6.29,283.11,-15.69
5,225,25,6.32,284.55,-3.12
5,225,35,6.35,285.94,9.67
5,225,45,6.38,287.25,22.68
5,225,55,6.41,288.44,35.92
5,225,65,6.43,289.49,49.39
5,225,75,6.45,290.36,63.08
5,225,85,6.47,291.02,77.02
5,225,95,6.48,291.43,91.23
5,225,105,6.48,291.55,105.73
5,225,115,6.47,291.29,120.6
5,225,125,6.46,290.54,135.97
5,225,135,6.42,289.04,152.18
5,225,145,6.35,285.82,170.59
5,235,-125,6.35,298.3,-143.68
5,235,-115,6.39,300.15,-126.61
5,235,-105,6.4,300.99,-110.95
5,235,-95,6.41,301.27,-95.99
5,235,-85,6.41,301.18,-81.49
5,235,-75,6.4,300.79,-67.34
5,235,-65,6.39,300.17,-53.5
5,235,-55,6.37,299.36,-39.93
5,235,-45,6.35,298.4,-26.62
5,235,-35,6.33,297.32,-13.55
5,235,-25,6.3,296.15,-0.71
5,235,-15,6.27,294.92,11.89
5,235,-5,6.25,293.67,24.26
5,235,5,6.25,293.67,-24.26
5,235,15,6.27,294.92,-11.89
5,235,25,6.3,296.15,0.71
5,235,35,6.33,297.32,13.55
5,235,45,6.35,298.4,26.62
5,235,55,6.37,299.36,39.93
5,235,65,6.39,300.17,53.5
5,235,75,6.4,300.79,67.34
5,235,85,6.41,301.18,81.49
5,235,95,6.41,301.27,95.99
5,235,105,6.4,300.99,110.95
5,235,115,6.39,300.15,126.61
5,235,125,6.35,298.3,143.68
5,245,-105,6.31,309.25,-119.51
5,245,-95,6.34,310.52,-102.83
5,245,-85,6.35,310.98,-87.5
5,245,-75,6.35,310.99,-72.86
5,245,-65,6.34,310.7,-58.7
5,245,-55,6.33,310.18,-44.91
5,245,-45,6.32,309.48,-31.44
5,245,-35,6.3,308.65,-18.25
5,245,-25,6.28,307.72,-5.34
5,245,-15,6.26,306.73,7.32
5,245,-5,6.24,305.7,19.72
5,245,5,6.24,305.7,-19.72
5,245,15,6.26,306.73,-7.32
5,245,25,6.28,307.72,5.34
5,245,35,6.3,308.65,18.25
5,245,45,6.32,309.48,31.44
5,245,55,6.33,310.18,44.91
5,245,65,6.34,310.7,58.7
5,245,75,6.35,310.99,72.86
5,245,85,6.35,310.98,87.5
5,245,95,6.34,310.52,102.83
5,245,105,6.31,309.25,119.51
5,255,-85,6.26,319.04,-99.44
5,255,-75,6.28,320.44,-81.56
5,255,-65,6.29,320.79,-66.2
5,255,-55,6.29,320.71,-51.75
5,255,-45,6.28,320.38,-37.86
5,255,-35,6.27,319.86,-24.4
5,255,-25,6.26,319.22,-11.3
5,255,-15,6.25,318.5,1.47
5,255,-5,6.23,317.74,13.93
5,255,5,6.23,317.74,-13.93
5,255,15,6.25,318.5,-1.47
5,255,25,6.26,319.22,11.3
5,255,35,6.27,319.86,24.4
5,255,45,6.28,320.38,37.86
5,255,55,6.29,320.71,51.75
5,255,65,6.29,320.79,66.2
5,255,75,6.28,320.44,81.56
5,255,85,6.26,319.04,99.44
5,265,-45,6.23,330.33,-50.56
5,265,-35,6.24,330.59,-34.88
5,265,-25,6.23,330.44,-20.85
5,265,-15,6.23,330.13,-7.6
5,265,-5,6.22,329.74,5.08
5,265,5,6.22,329.74,-5.08
5,265,15,6.23,330.13,7.6
5,265,25,6.23,330.44,20.85
5,265,35,6.24,330.59,34.88
5,265,45,6.23,330.33,50.56
15,-265,-55,18.55,-327.76,-62.77
15,-265,-45,18.58,-328.25,-46.46
15,-265,-35,18.58,-328.19,-32.03
15,-265,-25,18.56,-327.91,-18.41
15,-265,-15,18.54,-327.49,-5.35
15,-265,-5,18.51,-327.01,7.25
15,-265,5,18.51,-327.01,-7.25
15,-265,15,18.54,-327.49,5.35
15,-265,25,18.56,-327.91,18.41
15,-265,35,18.58,-328.19,32.03
15,-265,45,18.58,-328.25,46.46
15,-265,55,18.55,-327.76,62.77
15,-255,-85,18.67,-317.47,-95.48
15,-255,-75,18.72,-318.24,-79.3
15,-255,-65,18.73,-318.39,-64.39
15,-255,-55,18.72,-318.19,-50.16
15,-255,-45,18.69,-317.77,-36.39
15,-255,-35,18.66,-317.18,-23.02
15,-255,-25,18.62,-316.48,-9.97
15,-255,-15,18.57,-315.7,2.77
15,-255,-5,18.52,-314.89,15.22
15,-255,5,18.52,-314.89,-15.22
15,-255,15,18.57,-315.7,-2.77
15,-255,25,18.62,-316.48,9.97
15,-255,35,18.66,-317.18,23.02
15,-255,45,18.69,-317.77,36.39
15,-255,55,18.72,-318.19,50.16
15,-255,65,18.73,-318.39,64.39
15,-255,75,18.72,-318.24,79.3
15,-255,85,18.67,-317.47,95.48
15,-245,-115,18.65,-304.67,-136.17
15,-245,-105,18.81,-307.28,-117.14
15,-245,-95,18.87,-308.21,-101.13
15,-245,-85,18.89,-308.51,-86.07
15,-245,-75,18.88,-308.42,-71.58
15,-245,-65,18.86,-308.05,-57.51
15,-245,-55,18.82,-307.46,-43.78
15,-245,-45,18.78,-306.71,-30.35
15,-245,-35,18.72,-305.82,-17.2
15,-245,-25,18.66,-304.85,-4.31
15,-245,-15,18.6,-303.81,8.33
15,-245,-5,18.53,-302.73,20.73
15,-245,5,18.53,-302.73,-20.73
15,-245,15,18.6,-303.81,-8.33
15,-245,25,18.66,-304.85,4.31
15,-245,35,18.72,-305.82,17.2
15,-245,45,18.78,-306.71,30.35
15,-245,55,18.82,-307.46,43.78
15,-245,65,18.86,-308.05,57.51
15,-245,75,18.88,-308.42,71.58
15,-245,85,18.89,-308.51,86.07
15,-245,95,18.87,-308.21,101.13
15,-245,105,18.81,-307.28,117.14
15,-245,115,18.65,-304.67,136.17
15,-235,-135,19.46,-304.84,-136.74
15,-235,-125,18.92,-296.35,-141.5
15,-235,-115,19.01,-297.81,-125.08
15,-235,-105,19.05,-298.48,-109.68
15,-235,-95,19.06,-298.66,-94.85
15,-235,-85,19.05,-298.49,-80.44
15,-235,-75,19.02,-298.04,-66.35
15,-235,-65,18.98,-297.36,-52.55
15,-235,-55,18.93,-296.5,-39.01
15,-235,-45,18.86,-295.49,-25.72
15,-235,-35,18.79,-294.36,-12.66
15,-235,-25,18.71,-293.14,0.16
15,-235,-15,18.63,-291.87,12.75
15,-235,-5,18.55,-290.57,25.12
15,-235,5,18.55,-290.57,-25.12
15,-235,15,18.63,-291.87,-12.75
15,-235,25,18.71,-293.14,-0.16
15,-235,35,18.79,-294.36,12.66
15,-235,45,18.86,-295.49,25.72
15,-235,55,18.93,-296.5,39.01
15,-235,65,18.98,-297.36,52.55
15,-235,75,19.02,-298.04,66.35
15,-235,85,19.05,-298.49,80.44
15,-235,95,19.06,-298.66,94.85
15,-235,105,19.05,-298.48,109.68
15,-235,115,19.01,-297.81,125.08
15,-235,125,18.92,-296.35,141.5
15,-235,135,19.46,-304.84,136.74
15,-225,-145,18.95,-284.25,-167.99
15,-225,-135,19.12,-286.74,-150.65
15,-225,-125,19.2,-288.02,-134.76
15,-225,-115,19.24,-288.64,-119.54
15,-225,-105,19.25,-288.81,-104.76
15,-225,-95,19.24,-288.63,-90.32
15,-225,-85,19.21,-288.16,-76.16
15,-225,-75,19.16,-287.45,-62.25
15,-225,-65,19.1,-286.53,-48.57
15,-225,-55,19.03,-285.43,-35.12
15,-225,-45,18.95,-284.2,-21.89
15,-225,-35,18.86,-282.85,-8.88
15,-225,-25,18.76,-281.41,3.9
15,-225,-15,18.66,-279.92,16.47
15,-225,-5,18.56,-278.4,28.81
15,-225,5,18.56,-278.4,-28.81
15,-225,15,18.66,-279.92,-16.47
15,-225,25,18.76,-281.41,-3.9
15,-225,35,18.86,-282.85,8.88
15,-225,45,18.95,-284.2,21.89
15,-225,55,19.03,-285.43,35.12
15,-225,65,19.1,-286.53,48.57
15,-225,75,19.16,-287.45,62.25
15,-225,85,19.21,-288.16,76.16
15,-225,95,19.24,-288.63,90.32
15,-225,105,19.25,-288.81,104.76
15,-225,115,19.24,-288.64,119.54
15,-225,125,19.2,-288.02,134.76
15,-225,135,19.12,-286.74,150.65
15,-225,145,18.95,-284.25,167.99
15,-215,-165,19.84,-284.37,-175.34
15,-215,-155,19.15,-274.48,-177.83
15,-215,-145,19.31,-276.77,-161.15
15,-215,-135,19.4,-278.07,-145.45
15,-215,-125,19.45,-278.75,-130.28
15,-215,-115,19.46,-278.98,-115.48
15,-215,-105,19.45,-278.85,-100.97
15,-215,-95,19.42,-278.41,-86.71
15,-215,-85,19.37,-277.7,-72.67
15,-215,-75,19.31,-276.77,-58.84
15,-215,-65,19.23,-275.64,-45.22
15,-215,-55,19.14,-274.33,-31.82
15,-215,-45,19.04,-272.88,-18.62
15,-215,-35,18.93,-271.32,-5.63
15,-215,-25,18.81,-269.67,7.13
15,-215,-15,18.7,-267.97,19.68
15,-215,-5,18.57,-266.24,32.01
15,-215,5,18.57,-266.24,-32.01
15,-215,15,18.7,-267.97,-19.68
15,-215,25,18.81,-269.67,-7.13
15,-215,35,18.93,-271.32,5.63
15,-215,45,19.04,-272.88,18.62
15,-215,55,19.14,-274.33,31.82
15,-215,65,19.23,-275.64,45.22
15,-215,75,19.31,-276.77,58.84
15,-215,85,19.37,-277.7,72.67
15,-215,95,19.42,-278.41,86.71
15,-215,105,19.45,-278.85,100.97
15,-215,115,19.46,-278.98,115.48
15,-215,125,19.45,-278.75,130.28
15,-215,135,19.4,-278.07,145.45
15,-215,145,19.31,-276.77,161.15
15,-215,155,19.15,-274.48,177.83
15,-215,165,19.84,-284.37,175.34
15,-205,-175,18.99,-259.49,-207.7
15,-205,-165,19.33,-264.2,-188.93
15,-205,-155,19.5,-266.56,-172.5
15,-205,-145,19.61,-267.98,-156.87
15,-205,-135,19.67,-268.79,-141.71
15,-205,-125,19.69,-269.13,-126.86
15,-205,-115,19.69,-269.1,-112.27
15,-205,-105,19.66,-268.74,-97.89
15,-205,-95,19.62,-268.09,-83.72
15,-205,-85,19.55,-267.19,-69.73
15,-205,-75,19.47,-266.06,-55.94
15,-205,-65,19.37,-264.73,-42.35
15,-205,-55,19.26,-263.23,-28.95
15,-205,-45,19.14,-261.58,-15.76
15,-205,-35,19.01,-259.8,-2.78
15,-205,-25,18.87,-257.94,9.98
15,-205,-15,18.73,-256.02,22.51
15,-205,-5,18.59,-254.08,34.83
15,-205,5,18.59,-254.08,-34.83
15,-205,15,18.73,-256.02,-22.51
15,-205,25,18.87,-257.94,-9.98
15,-205,35,19.01,-259.8,2.78
15,-205,45,19.14,-261.58,15.76
15,-205,55,19.26,-263.23,28.95
15,-205,65,19.37,-264.73,42.35
15,-205,75,19.47,-266.06,55.94
15,-205,85,19.55,-267.19,69.73
15,-205,95,19.62,-268.09,83.72
15,-205,105,19.66,-268.74,97.89
15,-205,115,19.69,-269.1,112.27
15,-205,125,19.69,-269.13,126.86
15,-205,135,19.67,-268.79,141.71
15,-205,145,19.61,-267.98,156.87
15,-205,155,19.5,-266.56,172.5
15,-205,165,19.33,-264.2,188.93
15,-205,175,18.99,-259.49,207.7
15,-195,-185,19.13,-248.75,-219.1
15,-195,-175,19.5,-253.53,-200.82
15,-195,-165,19.7,-256.11,-184.5
15,-195,-155,19.83,-257.73,-168.89
15,-195,-145,19.9,-258.73,-153.7
15,-195,-135,19.94,-259.24,-138.8
15,-195,-125,19.95,-259.35,-124.12
15,-195,-115,19.93,-259.12,-109.63
15,-195,-105,19.89,-258.58,-95.33
15,-195,-95,19.83,-257.75,-81.19
15,-195,-85,19.74,-256.67,-67.23
15,-195,-75,19.64,-255.36,-53.44
15,-195,-65,19.53,-253.84,-39.84
15,-195,-55,17.71,-230.2,-106.52
15,-195,-45,17.83,-231.85,-95.5
15,-195,-35,17.97,-233.65,-84.29
15,-195,-25,18.12,-235.6,-72.87
15,-195,-15,18.28,-237.64,-61.25
15,-195,-5,18.44,-239.76,-49.41
15,-195,5,18.44,-239.76,49.41
15,-195,15,18.28,-237.64,61.25
15,-195,25,18.12,-235.6,72.87
15,-195,35,17.97,-233.65,84.29
15,-195,45,17.83,-231.85,95.5
15,-195,55,17.71,-230.2,106.52
15,-195,65,19.53,-253.84,39.84
15,-195,75,19.64,-255.36,53.44
15,-195,85,19.74,-256.67,67.23
15,-195,95,19.83,-257.75,81.19
15,-195,105,19.89,-258.58,95.33
15,-195,115,19.93,-259.12,109.63
15,-195,125,19.95,-259.35,124.12
15,-195,135,19.94,-259.24,138.8
15,-195,145,19.9,-258.73,153.7
15,-195,155,19.83,-257.73,168.89
15,-195,165,19.7,-256.11,184.5
15,-195,175,19.5,-253.53,200.82
15,-195,185,19.13,-248.75,219.1
15,-185,-195,18.25,-225.1,-243.42
15,-185,-185,17.8,-219.52,-237.05
15,-185,-175,19.9,-245.4,-197.03
15,-185,-165,20.05,-247.29,-181.41
15,-185,-155,20.15,-248.53,-166.19
15,-185,-145,20.21,-249.25,-151.23
15,-185,-135,20.23,-249.56,-136.47
15,-185,-125,20.23,-249.49,-121.89
15,-185,-115,20.2,-249.1,-107.46
15,-185,-105,20.14,-248.4,-93.17
15,-185,-95,20.06,-247.42,-79.04
15,-185,-85,17.24,-212.64,-140.44
15,-185,-75,17.34,-213.81,-129.94
15,-185,-65,17.45,-215.21,-119.3
15,-185,-55,17.58,-216.83,-108.51
15,-185,-45,17.73,-218.65,-97.54
15,-185,45,17.73,-218.65,97.54
15,-185,55,17.58,-216.83,108.51
15,-185,65,17.45,-215.21,119.3
15,-185,75,17.34,-213.81,129.94
15,-185,85,17.24,-212.64,140.44
15,-185,95,20.06,-247.42,79.04
15,-185,105,20.14,-248.4,93.17
15,-185,115,20.2,-249.1,107.46
15,-185,125,20.23,-249.49,121.89
15,-185,135,20.23,-249.56,136.47
15,-185,145,20.21,-249.25,151.23
15,-185,155,20.15,-248.53,166.19
15,-185,165,20.05,-247.29,181.41
15,-185,175,19.9,-245.4,197.03
15,-185,185,17.8,-219.52,237.05
15,-185,195,18.25,-225.1,243.42
15,-175,-205,18.34,-213.98,-254.39
15,-175,-195,17.77,-207.31,-248.39
15,-175,-185,17.46,-203.66,-240.12
15,-175,-175,17.24,-201.13,-231.14
15,-175,-165,20.41,-238.14,-179.11
15,-175,-155,20.5,-239.12,-164.1
15,-175,-145,20.54,-239.66,-149.28
15,-175,-135,20.56,-239.81,-134.61
15,-175,-125,20.54,-239.61,-120.07
15,-175,-115,20.49,-239.08,-105.66
15,-175,-105,16.89,-197.06,-162.51
15,-175,-95,16.95,-197.81,-152.29
15,-175,-85,17.04,-198.83,-141.96
15,-175,-75,17.15,-200.12,-131.51
15,-175,75,17.15,-200.12,131.51
15,-175,85,17.04,-198.83,141.96
15,-175,95,16.95,-197.81,152.29
15,-175,105,16.89,-197.06,162.51
15,-175,115,20.49,-239.08,105.66
15,-175,125,20.54,-239.61,120.07
15,-175,135,20.56,-239.81,134.61
15,-175,145,20.54,-239.66,149.28
15,-175,155,20.5,-239.12,164.1
15,-175,165,20.41,-238.14,179.11
15,-175,175,17.24,-201.13,231.14
15,-175,185,17.46,-203.66,240.12
15,-175,195,17.77,-207.31,248.39
15,-175,205,18.34,-213.98,254.39
15,-165,-215,16.58,-182.43,-280.09
15,-165,-205,17.79,-195.73,-259.3
15,-165,-195,17.41,-191.46,-251.12
15,-165,-185,17.14,-188.51,-242.15
15,-165,-175,16.94,-186.33,-232.81
15,-165,-165,16.79,-184.72,-223.23
15,-165,-155,20.87,-229.61,-162.49
15,-165,-145,20.91,-230.01,-147.75
15,-165,-135,20.91,-230.05,-133.13
15,-165,-125,20.89,-229.74,-118.61
15,-165,-115,16.59,-182.53,-173.74
15,-165,-105,16.64,-183.06,-163.62
15,-165,-95,16.72,-183.89,-153.43
15,-165,95,16.72,-183.89,153.43
15,-165,105,16.64,-183.06,163.62
15,-165,115,16.59,-182.53,173.74
15,-165,125,20.89,-229.74,118.61
15,-165,135,20.91,-230.05,133.13
15,-165,145,20.91,-230.01,147.75
15,-165,155,20.87,-229.61,162.49
15,-165,165,16.79,-184.72,223.23
15,-165,175,16.94,-186.33,232.81
15,-165,185,17.14,-188.51,242.15
15,-165,195,17.41,-191.46,251.12
15,-165,205,17.79,-195.73,259.3
15,-165,215,16.58,-182.43,280.09
15,-155,-215,17.9,-184.99,-269.79
15,-155,-205,17.4,-179.82,-261.82
15,-155,-195,17.07,-176.35,-252.89
15,-155,-185,16.82,-173.78,-243.53
15,-155,-175,16.63,-171.83,-233.94
15,-155,-165,16.49,-170.36,-224.2
15,-155,-155,16.38,-169.29,-214.37
15,-155,-145,21.32,-220.35,-146.59
15,-155,-135,16.28,-168.24,-194.51
15,-155,-125,16.28,-168.21,-184.52
15,-155,-115,16.31,-168.49,-174.48
15,-155,115,16.31,-168.49,174.48
15,-155,125,16.28,-168.21,184.52
15,-155,135,16.28,-168.24,194.51
15,-155,145,21.32,-220.35,146.59
15,-155,155,16.38,-169.29,214.37
15,-155,165,16.49,-170.36,224.2
15,-155,175,16.63,-171.83,233.94
15,-155,185,16.82,-173.78,243.53
15,-155,195,17.07,-176.35,252.89
15,-155,205,17.4,-179.82,261.82
15,-155,215,17.9,-184.99,269.79
15,-145,-225,18.16,-175.53,-279.71
15,-145,-215,17.47,-168.87,-272.25
15,-145,-205,17.04,-164.74,-263.39
15,-145,-195,16.73,-161.71,-254.03
15,-145,-185,16.49,-159.37,-244.41
15,-145,-175,16.3,-157.55,-234.64
15,-145,-165,16.16,-156.17,-224.78
15,-145,-155,16.05,-155.17,-214.85
15,-145,-145,15.98,-154.52,-204.9
15,-145,-135,15.95,-154.19,-194.92
15,-145,-125,15.95,-154.19,-184.92
15,-145,125,15.95,-154.19,184.92
15,-145,135,15.95,-154.19,194.92
15,-145,145,15.98,-154.52,204.9
15,-145,155,16.05,-155.17,214.85
15,-145,165,16.16,-156.17,224.78
15,-145,175,16.3,-157.55,234.64
15,-145,185,16.49,-159.37,244.41
15,-145,195,16.73,-161.71,254.03
15,-145,205,17.04,-164.74,263.39
15,-145,215,17.47,-168.87,272.25
15,-145,225,18.16,-175.53,279.71
15,-135,-235,16.13,-145.19,-301.11
15,-135,-225,17.65,-158.83,-282.39
15,-135,-215,17.09,-153.78,-273.7
15,-135,-205,16.69,-150.18,-264.35
15,-135,-195,16.38,-147.4,-254.7
15,-135,-185,16.13,-145.21,-244.88
15,-135,-175,15.94,-143.49,-234.96
15,-135,-165,15.8,-142.16,-225.0
15,-135,-155,15.69,-141.19,-215.0
15,-135,-145,15.62,-140.55,-204.99
15,-135,-135,15.58,-140.23,-194.99
15,-135,135,15.58,-140.23,194.99
15,-135,145,15.62,-140.55,204.99
15,-135,155,15.69,-141.19,215.0
15,-135,165,15.8,-142.16,225.0
15,-135,175,15.94,-143.49,234.96
15,-135,185,16.13,-145.21,244.88
15,-135,195,16.38,-147.4,254.7
15,-135,205,16.69,-150.18,264.35
15,-135,215,17.09,-153.78,273.7
15,-135,225,17.65,-158.83,282.39
15,-135,235,16.13,-145.19,301.11
15,-125,-235,18.02,-150.18,-292.11
15,-125,-225,17.23,-143.62,-283.83
15,-125,-215,16.71,-139.29,-274.54
15,-125,-205,16.32,-136.01,-264.86
15,-125,-195,16.01,-133.4,-254.98
15,-125,-185,15.76,-131.31,-245.0
15,-125,-175,15.56,-129.64,-234.96
15,-125,-165,15.4,-128.33,-224.89
15,-125,-155,15.28,-127.37,-214.83
15,-125,-145,15.21,-126.72,-204.77
15,-125,145,15.21,-126.72,204.77
15,-125,155,15.28,-127.37,214.83
15,-125,165,15.4,-128.33,224.89
15,-125,175,15.56,-129.64,234.96
15,-125,185,15.76,-131.31,245.0
15,-125,195,16.01,-133.4,254.98
15,-125,205,16.32,-136.01,264.86
15,-125,215,16.71,-139.29,274.54
15,-125,225,17.23,-143.62,283.83
15,-125,235,18.02,-150.18,292.11
15,-115,-245,13.81,-105.85,-316.73
15,-115,-235,17.55,-134.54,-293.75
15,-115,-225,16.85,-129.17,-284.62
15,-115,-215,16.34,-125.26,-274.93
15,-115,-205,15.94,-122.18,-265.0
15,-115,-195,15.61,-119.68,-254.93
15,-115,-185,15.35,-117.65,-244.8
15,-115,-175,15.13,-116.0,-234.65
15,-115,-165,14.96,-114.7,-224.49
15,-115,-155,14.83,-113.72,-214.35
15,-115,155,14.83,-113.72,214.35
15,-115,165,14.96,-114.7,224.49
15,-115,175,15.13,-116.0,234.65
15,-115,185,15.35,-117.65,244.8
15,-115,195,15.61,-119.68,254.93
15,-115,205,15.94,-122.18,265.0
15,-115,215,16.34,-125.26,274.93
15,-115,225,16.85,-129.17,284.62
15,-115,235,17.55,-134.54,293.75
15,-115,245,13.81,-105.85,316.73
15,-105,-245,18.18,-127.27,-303.26
15,-105,-235,17.15,-120.02,-294.59
15,-105,-225,16.47,-115.27,-284.96
15,-105,-215,15.95,-111.62,-274.98
15,-105,-205,15.53,-108.68,-264.83
15,-105,-195,15.18,-106.26,-254.6
15,-105,-185,14.89,-104.26,-244.33
15,-105,-175,14.66,-102.62,-234.06
15,-105,-165,14.47,-101.3,-223.81
15,-105,165,14.47,-101.3,223.81
15,-105,175,14.66,-102.62,234.06
15,-105,185,14.89,-104.26,244.33
15,-105,195,15.18,-106.26,254.6
15,-105,205,15.53,-108.68,264.83
15,-105,215,15.95,-111.62,274.98
15,-105,225,16.47,-115.27,284.96
15,-105,235,17.15,-120.02,294.59
15,-105,245,18.18,-127.27,303.26
15,-95,-245,17.73,-112.3,-304.39
15,-95,-235,16.77,-106.22,-294.95
15,-95,-225,16.08,-101.84,-284.97
15,-95,-215,15.53,-98.38,-274.75
15,-95,-205,15.08,-95.54,-264.41
15,-95,-195,14.71,-93.16,-254.02
15,-95,-185,14.4,-91.17,-243.61
15,-95,-175,14.13,-89.52,-233.22
15,-95,-165,13.92,-88.17,-222.87
15,-95,165,13.92,-88.17,222.87
15,-95,175,14.13,-89.52,233.22
15,-95,185,14.4,-91.17,243.61
15,-95,195,14.71,-93.16,254.02
15,-95,205,15.08,-95.54,264.41
15,-95,215,15.53,-98.38,274.75
15,-95,225,16.08,-101.84,284.97
15,-95,235,16.77,-106.22,294.95
15,-95,245,17.73,-112.3,304.39
15,-85,-255,18.98,-107.56,-313.57
15,-85,-245,17.37,-98.44,-304.88
15,-85,-235,16.41,-93.0,-294.97
15,-85,-225,15.69,-88.89,-284.71
15,-85,-215,15.1,-85.56,-274.28
15,-85,-205,14.61,-82.78,-263.76
15,-85,-195,14.19,-80.43,-253.22
15,-85,-185,13.84,-78.44,-242.68
15,-85,-175,13.55,-76.76,-232.16
15,-85,175,13.55,-76.76,232.16
15,-85,185,13.84,-78.44,242.68
15,-85,195,14.19,-80.43,253.22
15,-85,205,14.61,-82.78,263.76
15,-85,215,15.1,-85.56,274.28
15,-85,225,15.69,-88.89,284.71
15,-85,235,16.41,-93.0,294.97
15,-85,245,17.37,-98.44,304.88
15,-85,255,18.98,-107.56,313.57
15,-75,-255,18.57,-92.83,-314.57
15,-75,-245,17.08,-85.38,-305.0
15,-75,-235,16.07,-80.36,-294.75
15,-75,-225,15.29,-76.43,-284.24
15,-75,-215,14.64,-73.19,-273.61
15,-75,-205,14.09,-70.46,-262.93
15,-75,-195,13.63,-68.13,-252.24
15,-75,-185,13.23,-66.13,-241.56
15,-75,-175,12.88,-64.42,-230.91
15,-75,175,12.88,-64.42,230.91
15,-75,185,13.23,-66.13,241.56
15,-75,195,13.63,-68.13,252.24
15,-75,205,14.09,-70.46,262.93
15,-75,215,14.64,-73.19,273.61
15,-75,225,15.29,-76.43,284.24
15,-75,235,16.07,-80.36,294.75
15,-75,245,17.08,-85.38,305.0
15,-75,255,18.57,-92.83,314.57
15,-65,-255,18.38,-79.64,-314.94
15,-65,-245,16.86,-73.05,-304.86
15,-65,-235,15.76,-68.31,-294.33
15,-65,-225,14.89,-64.53,-283.61
15,-65,-215,14.16,-61.37,-272.81
15,-65,-205,13.54,-58.67,-261.97
15,-65,-195,13.0,-56.35,-251.12
15,-65,-185,12.54,-54.34,-240.3
15,-65,185,12.54,-54.34,240.3
15,-65,195,13.0,-56.35,251.12
15,-65,205,13.54,-58.67,261.97
15,-65,215,14.16,-61.37,272.81
15,-65,225,14.89,-64.53,283.61
15,-65,235,15.76,-68.31,294.33
15,-65,245,16.86,-73.05,304.86
15,-65,255,18.38,-79.64,314.94
15,-55,-265,10.54,-38.66,-331.82
15,-55,-255,18.41,-67.5,-314.99
15,-55,-245,16.76,-61.45,-304.55
15,-55,-235,15.53,-56.94,-293.78
15,-55,-225,14.53,-53.28,-282.87
15,-55,-215,13.69,-50.19,-271.9
15,-55,-205,12.96,-47.54,-260.9
15,-55,-195,12.33,-45.22,-249.91
15,-55,-185,11.78,-43.21,-238.94
15,-55,185,11.78,-43.21,238.94
15,-55,195,12.33,-45.22,249.91
15,-55,205,12.96,-47.54,260.9
15,-55,215,13.69,-50.19,271.9
15,-55,225,14.53,-53.28,282.87
15,-55,235,15.53,-56.94,293.78
15,-55,245,16.76,-61.45,304.55
15,-55,255,18.41,-67.5,314.99
15,-55,265,10.54,-38.66,331.82
15,-45,-265,21.91,-65.72,-324.73
15,-45,-255,18.77,-56.31,-314.85
15,-45,-245,16.89,-50.68,-304.12
15,-45,-235,15.46,-46.37,-293.16
15,-45,-225,14.28,-42.83,-282.08
15,-45,-215,13.27,-39.81,-270.95
15,-45,-205,12.4,-37.21,-259.8
15,-45,-195,11.64,-34.92,-248.67
15,-45,-185,10.97,-32.91,-237.56
15,-45,185,10.97,-32.91,237.56
15,-45,195,11.64,-34.92,248.67
15,-45,205,12.4,-37.21,259.8
15,-45,215,13.27,-39.81,270.95
15,-45,225,14.28,-42.83,282.08
15,-45,235,15.46,-46.37,293.16
15,-45,245,16.89,-50.68,304.12
15,-45,255,18.77,-56.31,314.85
15,-45,265,21.91,-65.72,324.73
15,-35,-265,23.23,-54.21,-324.97
15,-35,-255,19.73,-46.04,-314.6
15,-35,-245,17.48,-40.79,-303.65
15,-35,-235,15.73,-36.7,-292.52
15,-35,-225,14.27,-33.31,-281.29
15,-35,-215,13.03,-30.4,-270.02
15,-35,-205,11.95,-27.88,-258.74
15,-35,-195,10.99,-25.65,-247.47
15,-35,195,10.99,-25.65,247.47
15,-35,205,11.95,-27.88,258.74
15,-35,215,13.03,-30.4,270.02
15,-35,225,14.27,-33.31,281.29
15,-35,235,15.73,-36.7,292.52
15,-35,245,17.48,-40.79,303.65
15,-35,255,19.73,-46.04,314.6
15,-35,265,23.23,-54.21,324.97
15,-25,-265,26.15,-43.58,-325.0
15,-25,-255,21.87,-36.44,-314.32
15,-25,-245,19.0,-31.66,-303.21
15,-25,-235,16.74,-27.9,-291.93
15,-25,-225,14.86,-24.76,-280.58
15,-25,-215,13.24,-22.07,-269.2
15,-25,-205,11.83,-19.71,-257.8
15,-25,-195,10.58,-17.63,-246.42
15,-25,195,10.58,-17.63,246.42
15,-25,205,11.83,-19.71,257.8
15,-25,215,13.24,-22.07,269.2
15,-25,225,14.86,-24.76,280.58
15,-25,235,16.74,-27.9,291.93
15,-25,245,19.0,-31.66,303.21
15,-25,255,21.87,-36.44,314.32
15,-25,265,26.15,-43.58,325.0
15,-15,-265,31.84,-31.84,-324.95
15,-15,-255,26.17,-26.17,-314.09
15,-15,-245,22.29,-22.29,-302.85
15,-15,-235,19.22,-19.22,-291.48
15,-15,-225,16.65,-16.65,-280.04
15,-15,-215,14.43,-14.43,-268.57
15,-15,-205,12.48,-12.48,-257.09
15,-15,-195,10.76,-10.76,-245.62
15,-15,195,10.76,-10.76,245.62
15,-15,205,12.48,-12.48,257.09
15,-15,215,14.43,-14.43,268.57
15,-15,225,16.65,-16.65,280.04
15,-15,235,19.22,-19.22,291.48
15,-15,245,22.29,-22.29,302.85
15,-15,255,26.17,-26.17,314.09
15,-15,265,31.84,-31.84,324.95
15,-5,-265,39.83,-13.28,-324.91
15,-5,-255,32.36,-10.79,-313.95
15,-5,-245,27.19,-9.06,-302.65
15,-5,-235,23.09,-7.7,-291.23
15,-5,-225,19.65,-6.55,-279.74
15,-5,-215,16.67,-5.56,-268.22
15,-5,-205,14.06,-4.69,-256.7
15,-5,-195,11.75,-3.92,-245.18
15,-5,195,11.75,-3.92,245.18
15,-5,205,14.06,-4.69,256.7
15,-5,215,16.67,-5.56,268.22
15,-5,225,19.65,-6.55,279.74
15,-5,235,23.09,-7.7,291.23
15,-5,245,27.19,-9.06,302.65
15,-5,255,32.36,-10.79,313.95
15,-5,265,39.83,-13.28,324.91
15,5,-265,39.83,13.28,-324.91
15,5,-255,32.36,10.79,-313.95
15,5,-245,27.19,9.06,-302.65
15,5,-235,23.09,7.7,-291.23
15,5,-225,19.65,6.55,-279.74
15,5,-215,16.67,5.56,-268.22
15,5,-205,14.06,4.69,-256.7
15,5,-195,11.75,3.92,-245.18
15,5,195,11.75,3.92,245.18
15,5,205,14.06,4.69,256.7
15,5,215,16.67,5.56,268.22
15,5,225,19.65,6.55,279.74
15,5,235,23.09,7.7,291.23
15,5,245,27.19,9.06,302.65
15,5,255,32.36,10.79,313.95
15,5,265,39.83,13.28,324.91
15,15,-265,31.84,31.84,-324.95
15,15,-255,26.17,26.17,-314.09
15,15,-245,22.29,22.29,-302.85
15,15,-235,19.22,19.22,-291.48
15,15,-225,16.65,16.65,-280.04
15,15,-215,14.43,14.43,-268.57
15,15,-205,12.48,12.48,-257.09
15,15,-195,10.76,10.76,-245.62
15,15,195,10.76,10.76,245.62
15,15,205,12.48,12.48,257.09
15,15,215,14.43,14.43,268.57
15,15,225,16.65,16.65,280.04
15,15,235,19.22,19.22,291.48
15,15,245,22.29,22.29,302.85
15,15,255,26.17,26.17,314.09
15,15,265,31.84,31.84,324.95
15,25,-265,26.15,43.58,-325.0
15,25,-255,21.87,36.44,-314.32
15,25,-245,19.0,31.66,-303.21
15,25,-235,16.74,27.9,-291.93
15,25,-225,14.86,24.76,-280.58
15,25,-215,13.24,22.07,-269.2
15,25,-205,11.83,19.71,-257.8
15,25,-195,10.58,17.63,-246.42
15,25,195,10.58,17.63,246.42
15,25,205,11.83,19.71,257.8
15,25,215,13.24,22.07,269.2
15,25,225,14.86,24.76,280.58
15,25,235,16.74,27.9,291.93
15,25,245,19.0,31.66,303.21
15,25,255,21.87,36.44,314.32
15,25,265,26.15,43.58,325.0
15,35,-265,23.23,54.21,-324.97
15,35,-255,19.73,46.04,-314.6
15,35,-245,17.48,40.79,-303.65
15,35,-235,15.73,36.7,-292.52
15,35,-225,14.27,33.31,-281.29
15,35,-215,13.03,30.4,-270.02
15,35,-205,11.95,27.88,-258.74
15,35,-195,10.99,25.65,-247.47
15,35,195,10.99,25.65,247.47
15,35,205,11.95,27.88,258.74
15,35,215,13.03,30.4,270.02
15,35,225,14.27,33.31,281.29
15,35,235,15.73,36.7,292.52
15,35,245,17.48,40.79,303.65
15,35,255,19.73,46.04,314.6
15,35,265,23.23,54.21,324.97
15,45,-265,21.91,65.72,-324.73
15,45,-255,18.77,56.31,-314.85
15,45,-245,16.89,50.68,-304.12
15,45,-235,15.46,46.37,-293.16
15,45,-225,14.28,42.83,-282.08
15,45,-215,13.27,39.81,-270.95
15,45,-205,12.4,37.21,-259.8
15,45,-195,11.64,34.92,-248.67
15,45,-185,10.97,32.91,-237.56
15,45,185,10.97,32.91,237.56
15,45,195,11.64,34.92,248.67
15,45,205,12.4,37.21,259.8
15,45,215,13.27,39.81,270.95
15,45,225,14.28,42.83,282.08
15,45,235,15.46,46.37,293.16
15,45,245,16.89,50.68,304.12
15,45,255,18.77,56.31,314.85
15,45,265,21.91,65.72,324.73
15,55,-265,10.54,38.66,-331.82
15,55,-255,18.41,67.5,-314.99
15,55,-245,16.76,61.45,-304.55
15,55,-235,15.53,56.94,-293.78
15,55,-225,14.53,53.28,-282.87
15,55,-215,13.69,50.19,-271.9
15,55,-205,12.96,47.54,-260.9
15,55,-195,12.33,45.22,-249.91
15,55,-185,11.78,43.21,-238.94
15,55,185,11.78,43.21,238.94
15,55,195,12.33,45.22,249.91
15,55,205,12.96,47.54,260.9
15,55,215,13.69,50.19,271.9
15,55,225,14.53,53.28,282.87
15,55,235,15.53,56.94,293.78
15,55,245,16.76,61.45,304.55
15,55,255,18.41,67.5,314.99
15,55,265,10.54,38.66,331.82
15,65,-255,18.38,79.64,-314.94
15,65,-245,16.86,73.05,-304.86
15,65,-235,15.76,68.31,-294.33
15,65,-225,14.89,64.53,-283.61
15,65,-215,14.16,61.37,-272.81
15,65,-205,13.54,58.67,-261.97
15,65,-195,13.0,56.35,-251.12
15,65,-185,12.54,54.34,-240.3
15,65,185,12.54,54.34,240.3
15,65,195,13.0,56.35,251.12
15,65,205,13.54,58.67,261.97
15,65,215,14.16,61.37,272.81
15,65,225,14.89,64.53,283.61
15,65,235,15.76,68.31,294.33
15,65,245,16.86,73.05,304.86
15,65,255,18.38,79.64,314.94
15,75,-255,18.57,92.83,-314.57
15,75,-245,17.08,85.38,-305.0
15,75,-235,16.07,80.36,-294.75
15,75,-225,15.29,76.43,-284.24
15,75,-215,14.64,73.19,-273.61
15,75,-205,14.09,70.46,-262.93
15,75,-195,13.63,68.13,-252.24
15,75,-185,13.23,66.13,-241.56
15,75,-175,12.88,64.42,-230.91
15,75,175,12.88,64.42,230.91
15,75,185,13.23,66.13,241.56
15,75,195,13.63,68.13,252.24
15,75,205,14.09,70.46,262.93
15,75,215,14.64,73.19,273.61
15,75,225,15.29,76.43,284.24
15,75,235,16.07,80.36,294.75
15,75,245,17.08,85.38,305.0
15,75,255,18.57,92.83,314.57
15,85,-255,18.98,107.56,-313.57
15,85,-245,17.37,98.44,-304.88
15,85,-235,16.41,93.0,-294.97
15,85,-225,15.69,88.89,-284.71
15,85,-215,15.1,85.56,-274.28
15,85,-205,14.61,82.78,-263.76
15,85,-195,14.19,80.43,-253.22
15,85,-185,13.84,78.44,-242.68
15,85,-175,13.55,76.76,-232.16
15,85,175,13.55,76.76,232.16
15,85,185,13.84,78.44,242.68
15,85,195,14.19,80.43,253.22
15,85,205,14.61,82.78,263.76
15,85,215,15.1,85.56,274.28
15,85,225,15.69,88.89,284.71
15,85,235,16.41,93.0,294.97
15,85,245,17.37,98.44,304.88
15,85,255,18.98,107.56,313.57
15,95,-245,17.73,112.3,-304.39
15,95,-235,16.77,106.22,-294.95
15,95,-225,16.08,101.84,-284.97
15,95,-215,15.53,98.38,-274.75
15,95,-205,15.08,95.54,-264.41
15,95,-195,14.71,93.16,-254.02
15,95,-185,14.4,91.17,-243.61
15,95,-175,14.13,89.52,-233.22
15,95,-165,13.92,88.17,-222.87
15,95,165,13.92,88.17,222.87
15,95,175,14.13,89.52,233.22
15,95,185,14.4,91.17,243.61
15,95,195,14.71,93.16,254.02
15,95,205,15.08,95.54,264.41
15,95,215,15.53,98.38,274.75
15,95,225,16.08,101.84,284.97
15,95,235,16.77,106.22,294.95
15,95,245,17.73,112.3,304.39
15,105,-245,18.18,127.27,-303.26
15,105,-235,17.15,120.02,-294.59
15,105,-225,16.47,115.27,-284.96
15,105,-215,15.95,111.62,-274.98
15,105,-205,15.53,108.68,-264.83
15,105,-195,15.18,106.26,-254.6
15,105,-185,14.89,104.26,-244.33
15,105,-175,14.66,102.62,-234.06
15,105,-165,14.47,101.3,-223.81
15,105,165,14.47,101.3,223.81
15,105,175,14.66,102.62,234.06
15,105,185,14.89,104.26,244.33
15,105,195,15.18,106.26,254.6
15,105,205,15.53,108.68,264.83
15,105,215,15.95,111.62,274.98
15,105,225,16.47,115.27,284.96
15,105,235,17.15,120.02,294.59
15,105,245,18.18,127.27,303.26
15,115,-245,13.81,105.85,-316.73
15,115,-235,17.55,134.54,-293.75
15,115,-225,16.85,129.17,-284.62
15,115,-215,16.34,125.26,-274.93
15,115,-205,15.94,122.18,-265.0
15,115,-195,15.61,119.68,-254.93
15,115,-185,15.35,117.65,-244.8
15,115,-175,15.13,116.0,-234.65
15,115,-165,14.96,114.7,-224.49
15,115,-155,14.83,113.72,-214.35
15,115,155,14.83,113.72,214.35
15,115,165,14.96,114.7,224.49
15,115,175,15.13,116.0,234.65
15,115,185,15.35,117.65,244.8
15,115,195,15.61,119.68,254.93
15,115,205,15.94,122.18,265.0
15,115,215,16.34,125.26,274.93
15,115,225,16.85,129.17,284.62
15,115,235,17.55,134.54,293.75
15,115,245,13.81,105.85,316.73
15,125,-235,18.02,150.18,-292.11
15,125,-225,17.23,143.62,-283.83
15,125,-215,16.71,139.29,-274.54
15,125,-205,16.32,136.01,-264.86
15,125,-195,16.01,133.4,-254.98
15,125,-185,15.76,131.31,-245.0
15,125,-175,15.56,129.64,-234.96
15,125,-165,15.4,128.33,-224.89
15,125,-155,15.28,127.37,-214.83
15,125,-145,15.21,126.72,-204.77
15,125,145,15.21,126.72,204.77
15,125,155,15.28,127.37,214.83
15,125,165,15.4,128.33,224.89
15,125,175,15.56,129.64,234.96
15,125,185,15.76,131.31,245.0
15,125,195,16.01,133.4,254.98
15,125,205,16.32,136.01,264.86
15,125,215,16.71,139.29,274.54
15,125,225,17.23,143.62,283.83
15,125,235,18.02,150.18,292.11
15,135,-235,16.13,145.19,-301.11
15,135,-225,17.65,158.83,-282.39
15,135,-215,17.09,153.78,-273.7
15,135,-205,16.69,150.18,-264.35
15,135,-195,16.38,147.4,-254.7
15,135,-185,16.13,145.21,-244.88
15,135,-175,15.94,143.49,-234.96
15,135,-165,15.8,142.16,-225.0
15,135,-155,15.69,141.19,-215.0
15,135,-145,15.62,140.55,-204.99
15,135,-135,15.58,140.23,-194.99
15,135,135,15.58,140.23,194.99
15,135,145,15.62,140.55,204.99
15,135,155,15.69,141.19,215.0
15,135,165,15.8,142.16,225.0
15,135,175,15.94,143.49,234.96
15,135,185,16.13,145.21,244.88
15,135,195,16.38,147.4,254.7
15,135,205,16.69,150.18,264.35
15,135,215,17.09,153.78,273.7
15,135,225,17.65,158.83,282.39
15,135,235,16.13,145.19,301.11
15,145,-225,18.16,175.53,-279.71
15,145,-215,17.47,168.87,-272.25
15,145,-205,17.04,164.74,-263.39
15,145,-195,16.73,161.71,-254.03
15,145,-185,16.49,159.37,-244.41
15,145,-175,16.3,157.55,-234.64
15,145,-165,16.16,156.17,-224.78
15,145,-155,16.05,155.17,-214.85
15,145,-145,15.98,154.52,-204.9
15,145,-135,15.95,154.19,-194.92
15,145,-125,15.95,154.19,-184.92
15,145,125,15.95,154.19,184.92
15,145,135,15.95,154.19,194.92
15,145,145,15.98,154.52,204.9
15,145,155,16.05,155.17,214.85
15,145,165,16.16,156.17,224.78
15,145,175,16.3,157.55,234.64
15,145,185,16.49,159.37,244.41
15,145,195,16.73,161.71,254.03
15,145,205,17.04,164.74,263.39
15,145,215,17.47,168.87,272.25
15,145,225,18.16,175.53,279.71
15,155,-215,17.9,184.99,-269.79
15,155,-205,17.4,179.82,-261.82
15,155,-195,17.07,176.35,-252.89
15,155,-185,16.82,173.78,-243.53
15,155,-175,16.63,171.83,-233.94
15,155,-165,16.49,170.36,-224.2
15,155,-155,16.38,169.29,-214.37
15,155,-145,21.32,220.35,-146.59
15,155,-135,16.28,168.24,-194.51
15,155,-125,16.28,168.21,-184.52
15,155,-115,16.31,168.49,-174.48
15,155,115,16.31,168.49,174.48
15,155,125,16.28,168.21,184.52
15,155,135,16.28,168.24,194.51
15,155,145,21.32,220.35,146.59
15,155,155,16.38,169.29,214.37
15,155,165,16.49,170.36,224.2
15,155,175,16.63,171.83,233.94
15,155,185,16.82,173.78,243.53
15,155,195,17.07,176.35,252.89
15,155,205,17.4,179.82,261.82
15,155,215,17.9,184.99,269.79
15,165,-215,16.58,182.43,-280.09
15,165,-205,17.79,195.73,-259.3
15,165,-195,17.41,191.46,-251.12
15,165,-185,17.14,188.51,-242.15
15,165,-175,16.94,186.33,-232.81
15,165,-165,16.79,184.72,-223.23
15,165,-155,20.87,229.61,-162.49
15,165,-145,20.91,230.01,-147.75
15,165,-135,20.91,230.05,-133.13
15,165,-125,20.89,229.74,-118.61
15,165,-115,16.59,182.53,-173.74
15,165,-105,16.64,183.06,-163.62
15,165,-95,16.72,183.89,-153.43
15,165,95,16.72,183.89,153.43
15,165,105,16.64,183.06,163.62
15,165,115,16.59,182.53,173.74
15,165,125,20.89,229.74,118.61
15,165,135,20.91,230.05,133.13
15,165,145,20.91,230.01,147.75
15,165,155,20.87,229.61,162.49
15,165,165,16.79,184.72,223.23
15,165,175,16.94,186.33,232.81
15,165,185,17.14,188.51,242.15
15,165,195,17.41,191.46,251.12
15,165,205,17.79,195.73,259.3
15,165,215,16.58,182.43,280.09
15,175,-205,18.34,213.98,-254.39
15,175,-195,17.77,207.31,-248.39
15,175,-185,17.46,203.66,-240.12
15,175,-175,17.24,201.13,-231.14
15,175,-165,20.41,238.14,-179.11
15,175,-155,20.5,239.12,-164.1
15,175,-145,20.54,239.66,-149.28
15,175,-135,20.56,239.81,-134.61
15,175,-125,20.54,239.61,-120.07
15,175,-115,20.49,239.08,-105.66
15,175,-105,16.89,197.06,-162.51
15,175,-95,16.95,197.81,-152.29
15,175,-85,17.04,198.83,-141.96
15,175,-75,17.15,200.12,-131.51
15,175,75,17.15,200.12,131.51
15,175,85,17.04,198.83,141.96
15,175,95,16.95,197.81,152.29
15,175,105,16.89,197.06,162.51
15,175,115,20.49,239.08,105.66
15,175,125,20.54,239.61,120.07
15,175,135,20.56,239.81,134.61
15,175,145,20.54,239.66,149.28
15,175,155,20.5,239.12,164.1
15,175,165,20.41,238.14,179.11
15,175,175,17.24,201.13,231.14
15,175,185,17.46,203.66,240.12
15,175,195,17.77,207.31,248.39
15,175,205,18.34,213.98,254.39
15,185,-195,18.25,225.1,-243.42
15,185,-185,17.8,219.52,-237.05
15,185,-175,19.9,245.4,-197.03
15,185,-165,20.05,247.29,-181.41
15,185,-155,20.15,248.53,-166.19
15,185,-145,20.21,249.25,-151.23
15,185,-135,20.23,249.56,-136.47
15,185,-125,20.23,249.49,-121.89
15,185,-115,20.2,249.1,-107.46
15,185,-105,20.14,248.4,-93.17
15,185,-95,20.06,247.42,-79.04
15,185,-85,17.24,212.64,-140.44
15,185,-75,17.34,213.81,-129.94
15,185,-65,17.45,215.21,-119.3
15,185,-55,17.58,216.83,-108.51
15,185,-45,17.73,218.65,-97.54
15,185,45,17.73,218.65,97.54
15,185,55,17.58,216.83,108.51
15,185,65,17.45,215.21,119.3
15,185,75,17.34,213.81,129.94
15,185,85,17.24,212.64,140.44
15,185,95,20.06,247.42,79.04
15,185,105,20.14,248.4,93.17
15,185,115,20.2,249.1,107.46
15,185,125,20.23,249.49,121.89
15,185,135,20.23,249.56,136.47
15,185,145,20.21,249.25,151.23
15,185,155,20.15,248.53,166.19
15,185,165,20.05,247.29,181.41
15,185,175,19.9,245.4,197.03
15,185,185,17.8,219.52,237.05
15,185,195,18.25,225.1,243.42
15,195,-185,19.13,248.75,-219.1
15,195,-175,19.5,253.53,-200.82
15,195,-165,19.7,256.11,-184.5
15,195,-155,19.83,257.73,-168.89
15,195,-145,19.9,258.73,-153.7
15,195,-135,19.94,259.24,-138.8
15,195,-125,19.95,259.35,-124.12
15,195,-115,19.93,259.12,-109.63
15,195,-105,19.89,258.58,-95.33
15,195,-95,19.83,257.75,-81.19
15,195,-85,19.74,256.67,-67.23
15,195,-75,19.64,255.36,-53.44
15,195,-65,19.53,253.84,-39.84
15,195,-55,17.71,230.2,-106.52
15,195,-45,17.83,231.85,-95.5
15,195,-35,17.97,233.65,-84.29
15,195,-25,18.12,235.6,-72.87
15,195,-15,18.28,237.64,-61.25
15,195,-5,18.44,239.76,-49.41
15,195,5,18.44,239.76,49.41
15,195,15,18.28,237.64,61.25
15,195,25,18.12,235.6,72.87
15,195,35,17.97,233.65,84.29
15,195,45,17.83,231.85,95.5
15,195,55,17.71,230.2,106.52
15,195,65,19.53,253.84,39.84
15,195,75,19.64,255.36,53.44
15,195,85,19.74,256.67,67.23
15,195,95,19.83,257.75,81.19
15,195,105,19.89,258.58,95.33
15,195,115,19.93,259.12,109.63
15,195,125,19.95,259.35,124.12
15,195,135,19.94,259.24,138.8
15,195,145,19.9,258.73,153.7
15,195,155,19.83,257.73,168.89
15,195,165,19.7,256.11,184.5
15,195,175,19.5,253.53,200.82
15,195,185,19.13,248.75,219.1
15,205,-175,18.99,259.49,-207.7
15,205,-165,19.33,264.2,-188.93
15,205,-155,19.5,266.56,-172.5
15,205,-145,19.61,267.98,-156.87
15,205,-135,19.67,268.79,-141.71
15,205,-125,19.69,269.13,-126.86
15,205,-115,19.69,269.1,-112.27
15,205,-105,19.66,268.74,-97.89
15,205,-95,19.62,268.09,-83.72
15,205,-85,19.55,267.19,-69.73
15,205,-75,19.47,266.06,-55.94
15,205,-65,19.37,264.73,-42.35
15,205,-55,19.26,263.23,-28.95
15,205,-45,19.14,261.58,-15.76
15,205,-35,19.01,259.8,-2.78
15,205,-25,18.87,257.94,9.98
15,205,-15,18.73,256.02,22.51
15,205,-5,18.59,254.08,34.83
15,205,5,18.59,254.08,-34.83
15,205,15,18.73,256.02,-22.51
15,205,25,18.87,257.94,-9.98
15,205,35,19.01,259.8,2.78
15,205,45,19.14,261.58,15.76
15,205,55,19.26,263.23,28.95
15,205,65,19.37,264.73,42.35
15,205,75,19.47,266.06,55.94
15,205,85,19.55,267.19,69.73
15,205,95,19.62,268.09,83.72
15,205,105,19.66,268.74,97.89
15,205,115,19.69,269.1,112.27
15,205,125,19.69,269.13,126.86
15,205,135,19.67,268.79,141.71
15,205,145,19.61,267.98,156.87
15,205,155,19.5,266.56,172.5
15,205,165,19.33,264.2,188.93
15,205,175,18.99,259.49,207.7
15,215,-165,19.84,284.37,-175.34
15,215,-155,19.15,274.48,-177.83
15,215,-145,19.31,276.77,-161.15
15,215,-135,19.4,278.07,-145.45
15,215,-125,19.45,278.75,-130.28
15,215,-115,19.46,278.98,-115.48
15,215,-105,19.45,278.85,-100.97
15,215,-95,19.42,278.41,-86.71
15,215,-85,19.37,277.7,-72.67
15,215,-75,19.31,276.77,-58.84
15,215,-65,19.23,275.64,-45.22
15,215,-55,19.14,274.33,-31.82
15,215,-45,19.04,272.88,-18.62
15,215,-35,18.93,271.32,-5.63
15,215,-25,18.81,269.67,7.13
15,215,-15,18.7,267.97,19.68
15,215,-5,18.57,266.24,32.01
15,215,5,18.57,266.24,-32.01
15,215,15,18.7,267.97,-19.68
15,215,25,18.81,269.67,-7.13
15,215,35,18.93,271.32,5.63
15,215,45,19.04,272.88,18.62
15,215,55,19.14,274.33,31.82
15,215,65,19.23,275.64,45.22
15,215,75,19.31,276.77,58.84
15,215,85,19.37,277.7,72.67
15,215,95,19.42,278.41,86.71
15,215,105,19.45,278.85,100.97
15,215,115,19.46,278.98,115.48
15,215,125,19.45,278.75,130.28
15,215,135,19.4,278.07,145.45
15,215,145,19.31,276.77,161.15
15,215,155,19.15,274.48,177.83
15,215,165,19.84,284.37,175.34
15,225,-145,18.95,284.25,-167.99
15,225,-135,19.12,286.74,-150.65
15,225,-125,19.2,288.02,-134.76
15,225,-115,19.24,288.64,-119.54
15,225,-105,19.25,288.81,-104.76
15,225,-95,19.24,288.63,-90.32
15,225,-85,19.21,288.16,-76.16
15,225,-75,19.16,287.45,-62.25
15,225,-65,19.1,286.53,-48.57
15,225,-55,19.03,285.43,-35.12
15,225,-45,18.95,284.2,-21.89
15,225,-35,18.86,282.85,-8.88
15,225,-25,18.76,281.41,3.9
15,225,-15,18.66,279.92,16.47
15,225,-5,18.56,278.4,28.81
15,225,5,18.56,278.4,-28.81
15,225,15,18.66,279.92,-16.47
15,225,25,18.76,281.41,-3.9
15,225,35,18.86,282.85,8.88
15,225,45,18.95,284.2,21.89
15,225,55,19.03,285.43,35.12
15,225,65,19.1,286.53,48.57
15,225,75,19.16,287.45,62.25
15,225,85,19.21,288.16,76.16
15,225,95,19.24,288.63,90.32
15,225,105,19.25,288.81,104.76
15,225,115,19.24,288.64,119.54
15,225,125,19.2,288.02,134.76
15,225,135,19.12,286.74,150.65
15,225,145,18.95,284.25,167.99
15,235,-135,19.46,304.84,-136.74
15,235,-125,18.92,296.35,-141.5
15,235,-115,19.01,297.81,-125.08
15,235,-105,19.05,298.48,-109.68
15,235,-95,19.06,298.66,-94.85
15,235,-85,19.05,298.49,-80.44
15,235,-75,19.02,298.04,-66.35
15,235,-65,18.98,297.36,-52.55
15,235,-55,18.93,296.5,-39.01
15,235,-45,18.86,295.49,-25.72
15,235,-35,18.79,294.36,-12.66
15,235,-25,18.71,293.14,0.16
15,235,-15,18.63,291.87,12.75
15,235,-5,18.55,290.57,25.12
15,235,5,18.55,290.57,-25.12
15,235,15,18.63,291.87,-12.75
15,235,25,18.71,293.14,-0.16
15,235,35,18.79,294.36,12.66
15,235,45,18.86,295.49,25.72
15,235,55,18.93,296.5,39.01
15,235,65,18.98,297.36,52.55
15,235,75,19.02,298.04,66.35
15,235,85,19.05,298.49,80.44
15,235,95,19.06,298.66,94.85
15,235,105,19.05,298.48,109.68
15,235,115,19.01,297.81,125.08
15,235,125,18.92,296.35,141.5
15,235,135,19.46,304.84,136.74
15,245,-115,18.65,304.67,-136.17
15,245,-105,18.81,307.28,-117.14
15,245,-95,18.87,308.21,-101.13
15,245,-85,18.89,308.51,-86.07
15,245,-75,18.88,308.42,-71.58
15,245,-65,18.86,308.05,-57.51
15,245,-55,18.82,307.46,-43.78
15,245,-45,18.78,306.71,-30.35
15,245,-35,18.72,305.82,-17.2
15,245,-25,18.66,304.85,-4.31
15,245,-15,18.6,303.81,8.33
15,245,-5,18.53,302.73,20.73
15,245,5,18.53,302.73,-20.73
15,245,15,18.6,303.81,-8.33
15,245,25,18.66,304.85,4.31
15,245,35,18.72,305.82,17.2
15,245,45,18.78,306.71,30.35
15,245,55,18.82,307.46,43.78
15,245,65,18.86,308.05,57.51
15,245,75,18.88,308.42,71.58
15,245,85,18.89,308.51,86.07
15,245,95,18.87,308.21,101.13
15,245,105,18.81,307.28,117.14
15,245,115,18.65,304.67,136.17
15,255,-85,18.67,317.47,-95.48
15,255,-75,18.72,318.24,-79.3
15,255,-65,18.73,318.39,-64.39
15,255,-55,18.72,318.19,-50.16
15,255,-45,18.69,317.77,-36.39
15,255,-35,18.66,317.18,-23.02
15,255,-25,18.62,316.48,-9.97
15,255,-15,18.57,315.7,2.77
15,255,-5,18.52,314.89,15.22
15,255,5,18.52,314.89,-15.22
15,255,15,18.57,315.7,-2.77
15,255,25,18.62,316.48,9.97
15,255,35,18.66,317.18,23.02
15,255,45,18.69,317.77,36.39
15,255,55,18.72,318.19,50.16
15,255,65,18.73,318.39,64.39
15,255,75,18.72,318.24,79.3
15,255,85,18.67,317.47,95.48
15,265,-55,18.55,327.76,-62.77
15,265,-45,18.58,328.25,-46.46
15,265,-35,18.58,328.19,-32.03
15,265,-25,18.56,327.91,-18.41
15,265,-15,18.54,327.49,-5.35
15,265,-5,18.51,327.01,7.25
15,265,5,18.51,327.01,-7.25
15,265,15,18.54,327.49,5.35
15,265,25,18.56,327.91,18.41
15,265,35,18.58,328.19,32.03
15,265,45,18.58,328.25,46.46
15,265,55,18.55,327.76,62.77
25,-265,-55,30.73,-325.7,-59.34
25,-265,-45,30.74,-325.85,-44.27
25,-265,-35,30.72,-325.66,-30.21
25,-265,-25,30.69,-325.29,-16.77
25,-265,-15,30.64,-324.81,-3.8
25,-265,-5,30.59,-324.26,8.75
25,-265,5,30.59,-324.26,-8.75
25,-265,15,30.64,-324.81,3.8
25,-265,25,30.69,-325.29,16.77
25,-265,35,30.72,-325.66,30.21
25,-265,45,30.74,-325.85,44.27
25,-265,55,30.73,-325.7,59.34
25,-255,-95,30.74,-313.52,-111.68
25,-255,-85,30.91,-315.29,-93.37
25,-255,-75,30.96,-315.81,-77.77
25,-255,-65,30.97,-315.85,-63.09
25,-255,-55,30.94,-315.58,-48.98
25,-255,-45,30.89,-315.09,-35.3
25,-255,-35,30.83,-314.45,-21.97
25,-255,-25,30.76,-313.7,-8.96
25,-255,-15,30.67,-312.88,3.75
25,-255,-5,30.59,-312.03,16.19
25,-255,5,30.59,-312.03,-16.19
25,-255,15,30.67,-312.88,-3.75
25,-255,25,30.76,-313.7,8.96
25,-255,35,30.83,-314.45,21.97
25,-255,45,30.89,-315.09,35.3
25,-255,55,30.94,-315.58,48.98
25,-255,65,30.97,-315.85,63.09
25,-255,75,30.96,-315.81,77.77
25,-255,85,30.91,-315.29,93.37
25,-255,95,30.74,-313.52,111.68
25,-245,-115,30.93,-303.16,-132.98
25,-245,-105,31.12,-304.97,-115.57
25,-245,-95,31.19,-305.7,-99.9
25,-245,-85,31.21,-305.9,-85.01
25,-245,-75,31.2,-305.74,-70.62
25,-245,-65,31.15,-305.31,-56.61
25,-245,-55,31.09,-304.68,-42.92
25,-245,-45,31.01,-303.88,-29.52
25,-245,-35,30.91,-302.95,-16.39
25,-245,-25,30.81,-301.94,-3.51
25,-245,-15,30.7,-300.86,9.12
25,-245,-5,30.59,-299.76,21.51
25,-245,5,30.59,-299.76,-21.51
25,-245,15,30.7,-300.86,-9.12
25,-245,25,30.81,-301.94,3.51
25,-245,35,30.91,-302.95,16.39
25,-245,45,31.01,-303.88,29.52
25,-245,55,31.09,-304.68,42.92
25,-245,65,31.15,-305.31,56.61
25,-245,75,31.2,-305.74,70.62
25,-245,85,31.21,-305.9,85.01
25,-245,95,31.19,-305.7,99.9
25,-245,105,31.12,-304.97,115.57
25,-245,115,30.93,-303.16,132.98
25,-235,-135,30.98,-291.26,-158.26
25,-235,-125,31.28,-294.02,-140.05
25,-235,-115,31.41,-295.25,-123.97
25,-235,-105,31.47,-295.81,-108.73
25,-235,-95,31.48,-295.91,-93.99
25,-235,-85,31.46,-295.68,-79.63
25,-235,-75,31.4,-295.18,-65.59
25,-235,-65,31.33,-294.46,-51.81
25,-235,-55,31.23,-293.56,-38.29
25,-235,-45,31.12,-292.52,-25.02
25,-235,-35,30.99,-291.35,-11.97
25,-235,-25,30.86,-290.1,0.84
25,-235,-15,30.72,-288.8,13.43
25,-235,-5,30.58,-287.46,25.79
25,-235,5,30.58,-287.46,-25.79
25,-235,15,30.72,-288.8,-13.43
25,-235,25,30.86,-290.1,-0.84
25,-235,35,30.99,-291.35,11.97
25,-235,45,31.12,-292.52,25.02
25,-235,55,31.23,-293.56,38.29
25,-235,65,31.33,-294.46,51.81
25,-235,75,31.4,-295.18,65.59
25,-235,85,31.46,-295.68,79.63
25,-235,95,31.48,-295.91,93.99
25,-235,105,31.47,-295.81,108.73
25,-235,115,31.41,-295.25,123.97
25,-235,125,31.28,-294.02,140.05
25,-235,135,30.98,-291.26,158.26
25,-225,-145,31.34,-282.03,-166.38
25,-225,-135,31.57,-284.16,-149.56
25,-225,-125,31.7,-285.29,-133.85
25,-225,-115,31.76,-285.83,-118.73
25,-225,-105,31.77,-285.94,-104.02
25,-225,-95,31.75,-285.71,-89.62
25,-225,-85,31.69,-285.19,-75.49
25,-225,-75,31.6,-284.44,-61.59
25,-225,-65,31.5,-283.48,-47.93
25,-225,-55,31.37,-282.35,-34.49
25,-225,-45,31.23,-281.08,-21.27
25,-225,-35,31.08,-279.7,-8.27
25,-225,-25,30.91,-278.23,4.51
25,-225,-15,30.75,-276.71,17.07
25,-225,-5,30.57,-275.16,29.42
25,-225,5,30.57,-275.16,-29.42
25,-225,15,30.75,-276.71,-17.07
25,-225,25,30.91,-278.23,-4.51
25,-225,35,31.08,-279.7,8.27
25,-225,45,31.23,-281.08,21.27
25,-225,55,31.37,-282.35,34.49
25,-225,65,31.5,-283.48,47.93
25,-225,75,31.6,-284.44,61.59
25,-225,85,31.69,-285.19,75.49
25,-225,95,31.75,-285.71,89.62
25,-225,105,31.77,-285.94,104.02
25,-225,115,31.76,-285.83,118.73
25,-225,125,31.7,-285.29,133.85
25,-225,135,31.57,-284.16,149.56
25,-225,145,31.34,-282.03,166.38
25,-215,-165,31.14,-267.81,-195.31
25,-215,-155,31.62,-271.97,-176.61
25,-215,-145,31.86,-274.02,-160.23
25,-215,-135,32.0,-275.19,-144.66
25,-215,-125,32.07,-275.8,-129.58
25,-215,-115,32.09,-275.97,-114.83
25,-215,-105,32.07,-275.79,-100.35
25,-215,-95,32.01,-275.31,-86.11
25,-215,-85,31.93,-274.57,-72.08
25,-215,-75,31.81,-273.61,-58.27
25,-215,-65,31.68,-272.44,-44.65
25,-215,-55,31.52,-271.1,-31.25
25,-215,-45,31.35,-269.62,-18.06
25,-215,-35,31.17,-268.03,-5.07
25,-215,-25,30.97,-266.35,7.69
25,-215,-15,30.77,-264.61,20.24
25,-215,-5,30.56,-262.85,32.56
25,-215,5,30.56,-262.85,-32.56
25,-215,15,30.77,-264.61,-20.24
25,-215,25,30.97,-266.35,-7.69
25,-215,35,31.17,-268.03,5.07
25,-215,45,31.35,-269.62,18.06
25,-215,55,31.52,-271.1,31.25
25,-215,65,31.68,-272.44,44.65
25,-215,75,31.81,-273.61,58.27
25,-215,85,31.93,-274.57,72.08
25,-215,95,32.01,-275.31,86.11
25,-215,105,32.07,-275.79,100.35
25,-215,115,32.09,-275.97,114.83
25,-215,125,32.07,-275.8,129.58
25,-215,135,32.0,-275.19,144.66
25,-215,145,31.86,-274.02,160.23
25,-215,155,31.62,-271.97,176.61
25,-215,165,31.14,-267.81,195.31
25,-205,-175,31.41,-257.58,-205.75
25,-205,-165,31.89,-261.49,-187.9
25,-205,-155,32.15,-263.64,-171.7
25,-205,-145,32.31,-264.95,-156.18
25,-205,-135,32.4,-265.69,-141.08
25,-205,-125,32.44,-265.98,-126.28
25,-205,-115,32.43,-265.91,-111.71
25,-205,-105,32.38,-265.51,-97.35
25,-205,-95,32.3,-264.83,-83.19
25,-205,-85,32.18,-263.9,-69.21
25,-205,-75,32.04,-262.74,-55.42
25,-205,-65,31.88,-261.38,-41.83
25,-205,-55,31.69,-259.84,-28.43
25,-205,-45,29.43,-241.32,-93.63
25,-205,-35,29.63,-242.96,-82.39
25,-205,-25,29.85,-244.74,-70.95
25,-205,-15,30.07,-246.61,-59.3
25,-205,-5,30.31,-248.55,-47.43
25,-205,5,30.31,-248.55,47.43
25,-205,15,30.07,-246.61,59.3
25,-205,25,29.85,-244.74,70.95
25,-205,35,29.63,-242.96,82.39
25,-205,45,29.43,-241.32,93.63
25,-205,55,31.69,-259.84,28.43
25,-205,65,31.88,-261.38,41.83
25,-205,75,32.04,-262.74,55.42
25,-205,85,32.18,-263.9,69.21
25,-205,95,32.3,-264.83,83.19
25,-205,105,32.38,-265.51,97.35
25,-205,115,32.43,-265.91,111.71
25,-205,125,32.44,-265.98,126.28
25,-205,135,32.4,-265.69,141.08
25,-205,145,32.31,-264.95,156.18
25,-205,155,32.15,-263.64,171.7
25,-205,165,31.89,-261.49,187.9
25,-205,175,31.41,-257.58,205.75
25,-195,-185,29.75,-232.08,-233.1
25,-195,-175,32.13,-250.65,-199.91
25,-195,-165,32.44,-253.03,-183.78
25,-195,-155,32.63,-254.55,-168.28
25,-195,-145,32.75,-255.47,-153.14
25,-195,-135,32.81,-255.93,-138.28
25,-195,-125,32.82,-256.0,-123.62
25,-195,-115,32.79,-255.74,-109.15
25,-195,-105,32.71,-255.16,-94.85
25,-195,-95,32.6,-254.31,-80.72
25,-195,-85,32.46,-253.2,-66.75
25,-195,-75,28.66,-223.51,-128.47
25,-195,-65,28.82,-224.79,-117.79
25,-195,-55,29.01,-226.28,-106.95
25,-195,-45,29.22,-227.95,-95.94
25,-195,-35,29.46,-229.79,-84.74
25,-195,-25,29.71,-231.76,-73.34
25,-195,-15,29.98,-233.84,-61.73
25,-195,-5,30.26,-235.99,-49.89
25,-195,5,30.26,-235.99,49.89
25,-195,15,29.98,-233.84,61.73
25,-195,25,29.71,-231.76,73.34
25,-195,35,29.46,-229.79,84.74
25,-195,45,29.22,-227.95,95.94
25,-195,55,29.01,-226.28,106.95
25,-195,65,28.82,-224.79,117.79
25,-195,75,28.66,-223.51,128.47
25,-195,85,32.46,-253.2,66.75
25,-195,95,32.6,-254.31,80.72
25,-195,105,32.71,-255.16,94.85
25,-195,115,32.79,-255.74,109.15
25,-195,125,32.82,-256.0,123.62
25,-195,135,32.81,-255.93,138.28
25,-195,145,32.75,-255.47,153.14
25,-195,155,32.63,-254.55,168.28
25,-195,165,32.44,-253.03,183.78
25,-195,175,32.13,-250.65,199.91
25,-195,185,29.75,-232.08,233.1
25,-185,-195,29.68,-219.61,-244.89
25,-185,-185,29.02,-214.75,-237.84
25,-185,-175,28.62,-211.77,-229.35
25,-185,-165,32.96,-243.93,-180.86
25,-185,-155,33.12,-245.09,-165.69
25,-185,-145,33.21,-245.77,-150.77
25,-185,-135,33.25,-246.04,-136.03
25,-185,-125,33.24,-245.94,-121.46
25,-185,-115,33.18,-245.52,-107.03
25,-185,-105,33.08,-244.79,-92.75
25,-185,-95,28.04,-207.51,-151.16
25,-185,-85,28.17,-208.45,-140.8
25,-185,-75,28.33,-209.63,-130.31
25,-185,-65,28.52,-211.06,-119.68
25,-185,-55,28.74,-212.7,-108.9
25,-185,55,28.74,-212.7,108.9
25,-185,65,28.52,-211.06,119.68
25,-185,75,28.33,-209.63,130.31
25,-185,85,28.17,-208.45,140.8
25,-185,95,28.04,-207.51,151.16
25,-185,105,33.08,-244.79,92.75
25,-185,115,33.18,-245.52,107.03
25,-185,125,33.24,-245.94,121.46
25,-185,135,33.25,-246.04,136.03
25,-185,145,33.21,-245.77,150.77
25,-185,155,33.12,-245.09,165.69
25,-185,165,32.96,-243.93,180.86
25,-185,175,28.62,-211.77,229.35
25,-185,185,29.02,-214.75,237.84
25,-185,195,29.68,-219.61,244.89
25,-175,-205,29.71,-207.97,-256.0
25,-175,-195,28.9,-202.28,-249.14
25,-175,-185,28.41,-198.86,-240.66
25,-175,-175,28.06,-196.44,-231.58
25,-175,-165,27.81,-194.68,-222.18
25,-175,-155,33.63,-235.44,-163.69
25,-175,-145,33.71,-235.94,-148.89
25,-175,-135,33.72,-236.06,-134.24
25,-175,-125,33.69,-235.84,-119.7
25,-175,-115,27.45,-192.14,-172.93
25,-175,-105,27.52,-192.61,-162.8
25,-175,-95,27.62,-193.37,-152.58
25,-175,-85,27.77,-194.41,-142.26
25,-175,85,27.77,-194.41,142.26
25,-175,95,27.62,-193.37,152.58
25,-175,105,27.52,-192.61,162.8
25,-175,115,27.45,-192.14,172.93
25,-175,125,33.69,-235.84,119.7
25,-175,135,33.72,-236.06,134.24
25,-175,145,33.71,-235.94,148.89
25,-175,155,33.63,-235.44,163.69
25,-175,165,27.81,-194.68,222.18
25,-175,175,28.06,-196.44,231.58
25,-175,185,28.41,-198.86,240.66
25,-175,195,28.9,-202.28,249.14
25,-175,205,29.71,-207.97,256.0
25,-165,-215,29.94,-197.6,-266.26
25,-165,-205,28.84,-190.38,-260.04
25,-165,-195,28.24,-186.39,-251.62
25,-165,-185,27.81,-183.57,-242.54
25,-165,-175,27.5,-181.47,-233.13
25,-165,-165,27.26,-179.91,-223.51
25,-165,-155,27.09,-178.79,-213.76
25,-165,-145,34.25,-226.04,-147.44
25,-165,-135,34.25,-226.05,-132.82
25,-165,-125,26.91,-177.58,-183.99
25,-165,-115,26.94,-177.82,-173.95
25,-165,-105,27.03,-178.37,-163.84
25,-165,105,27.03,-178.37,163.84
25,-165,115,26.94,-177.82,173.95
25,-165,125,26.91,-177.58,183.99
25,-165,135,34.25,-226.05,132.82
25,-165,145,34.25,-226.04,147.44
25,-165,155,27.09,-178.79,213.76
25,-165,165,27.26,-179.91,223.51
25,-165,175,27.5,-181.47,233.13
25,-165,185,27.81,-183.57,242.54
25,-165,195,28.24,-186.39,251.62
25,-165,205,28.84,-190.38,260.04
25,-165,215,29.94,-197.6,266.26
25,-155,-215,28.9,-179.2,-270.57
25,-155,-205,28.13,-174.43,-262.3
25,-155,-195,27.6,-171.12,-253.24
25,-155,-185,27.2,-168.64,-243.8
25,-155,-175,26.89,-166.75,-234.16
25,-155,-165,26.66,-165.32,-224.39
25,-155,-155,26.5,-164.28,-214.53
25,-155,-145,26.39,-163.61,-204.61
25,-155,-135,26.33,-163.26,-194.65
25,-155,-125,26.33,-163.24,-184.65
25,-155,-115,26.38,-163.53,-174.62
25,-155,115,26.38,-163.53,174.62
25,-155,125,26.33,-163.24,184.65
25,-155,135,26.33,-163.26,194.65
25,-155,145,26.39,-163.61,204.61
25,-155,155,26.5,-164.28,214.53
25,-155,165,26.66,-165.32,224.39
25,-155,175,26.89,-166.75,234.16
25,-155,185,27.2,-168.64,243.8
25,-155,195,27.6,-171.12,253.24
25,-155,205,28.13,-174.43,262.3
25,-155,215,28.9,-179.2,270.57
25,-145,-225,29.15,-169.07,-280.66
25,-145,-215,28.12,-163.1,-272.73
25,-145,-205,27.45,-159.18,-263.71
25,-145,-195,26.94,-156.26,-254.26
25,-145,-185,26.55,-153.99,-244.58
25,-145,-175,26.25,-152.22,-234.77
25,-145,-165,26.01,-150.87,-224.87
25,-145,-155,25.84,-149.89,-214.93
25,-145,-145,25.73,-149.25,-204.96
25,-145,-135,25.68,-148.93,-194.97
25,-145,135,25.68,-148.93,194.97
25,-145,145,25.73,-149.25,204.96
25,-145,155,25.84,-149.89,214.93
25,-145,165,26.01,-150.87,224.87
25,-145,175,26.25,-152.22,234.77
25,-145,185,26.55,-153.99,244.58
25,-145,195,26.94,-156.26,254.26
25,-145,205,27.45,-159.18,263.71
25,-145,215,28.12,-163.1,272.73
25,-145,225,29.15,-169.07,280.66
25,-135,-235,29.82,-161.02,-289.86
25,-135,-225,28.25,-152.57,-282.91
25,-135,-215,27.38,-147.83,-274.0
25,-135,-205,26.74,-144.38,-264.55
25,-135,-195,26.24,-141.69,-254.82
25,-135,-185,25.84,-139.56,-244.95
25,-135,-175,25.53,-137.87,-235.0
25,-135,-165,25.29,-136.57,-225.0
25,-135,-155,25.11,-135.61,-214.98
25,-135,-145,25.0,-134.98,-204.96
25,-135,145,25.0,-134.98,204.96
25,-135,155,25.11,-135.61,214.98
25,-135,165,25.29,-136.57,225.0
25,-135,175,25.53,-137.87,235.0
25,-135,185,25.84,-139.56,244.95
25,-135,195,26.24,-141.69,254.82
25,-135,205,26.74,-144.38,264.55
25,-135,215,27.38,-147.83,274.0
25,-135,225,28.25,-152.57,282.91
25,-135,235,29.82,-161.02,289.86
25,-125,-235,28.64,-143.2,-292.76
25,-125,-225,27.44,-137.2,-284.14
25,-125,-215,26.62,-133.08,-274.71
25,-125,-205,25.98,-129.91,-264.94
25,-125,-195,25.47,-127.37,-255.0
25,-125,-185,25.07,-125.33,-244.97
25,-125,-175,24.74,-123.69,-234.89
25,-125,-165,24.48,-122.4,-224.79
25,-125,-155,24.29,-121.45,-214.7
25,-125,155,24.29,-121.45,214.7
25,-125,165,24.48,-122.4,224.79
25,-125,175,24.74,-123.69,234.89
25,-125,185,25.07,-125.33,244.97
25,-125,195,25.47,-127.37,255.0
25,-125,205,25.98,-129.91,264.94
25,-125,215,26.62,-133.08,274.71
25,-125,225,27.44,-137.2,284.14
25,-125,235,28.64,-143.2,292.76
25,-115,-245,29.61,-136.22,-301.85
25,-115,-235,27.72,-127.51,-294.11
25,-115,-225,26.62,-122.46,-284.78
25,-115,-215,25.81,-118.71,-274.99
25,-115,-205,25.16,-115.73,-264.97
25,-115,-195,24.63,-113.3,-254.85
25,-115,-185,24.2,-111.3,-244.67
25,-115,-175,23.84,-109.68,-234.47
25,-115,-165,23.56,-108.4,-224.28
25,-115,-155,23.35,-107.42,-214.11
25,-115,155,23.35,-107.42,214.11
25,-115,165,23.56,-108.4,224.28
25,-115,175,23.84,-109.68,234.47
25,-115,185,24.2,-111.3,244.67
25,-115,195,24.63,-113.3,254.85
25,-115,205,25.16,-115.73,264.97
25,-115,215,25.81,-118.71,274.99
25,-115,225,26.62,-122.46,284.78
25,-115,235,27.72,-127.51,294.11
25,-115,245,29.61,-136.22,301.85
25,-105,-245,28.4,-119.28,-303.8
25,-105,-235,26.83,-112.69,-294.78
25,-105,-225,25.76,-108.18,-285.0
25,-105,-215,24.92,-104.68,-274.92
25,-105,-205,24.24,-101.82,-264.7
25,-105,-195,23.68,-99.46,-254.4
25,-105,-185,23.21,-97.5,-244.08
25,-105,-175,22.83,-95.88,-233.76
25,-105,-165,22.52,-94.57,-223.47
25,-105,165,22.52,-94.57,223.47
25,-105,175,22.83,-95.88,233.76
25,-105,185,23.21,-97.5,244.08
25,-105,195,23.68,-99.46,254.4
25,-105,205,24.24,-101.82,264.7
25,-105,215,24.92,-104.68,274.92
25,-105,225,25.76,-108.18,285.0
25,-105,235,26.83,-112.69,294.78
25,-105,245,28.4,-119.28,303.8
25,-95,-255,30.37,-115.39,-312.21
25,-95,-245,27.4,-104.11,-304.66
25,-95,-235,25.91,-98.47,-295.0
25,-95,-225,24.82,-94.3,-284.88
25,-95,-215,23.94,-90.97,-274.57
25,-95,-205,23.21,-88.21,-264.16
25,-95,-195,22.6,-85.89,-253.7
25,-95,-185,22.09,-83.94,-243.24
25,-95,-175,21.66,-82.31,-232.79
25,-95,175,21.66,-82.31,232.79
25,-95,185,22.09,-83.94,243.24
25,-95,195,22.6,-85.89,253.7
25,-95,205,23.21,-88.21,264.16
25,-95,215,23.94,-90.97,274.57
25,-95,225,24.82,-94.3,284.88
25,-95,235,25.91,-98.47,295.0
25,-95,245,27.4,-104.11,304.66
25,-95,255,30.37,-115.39,312.21
25,-85,-255,28.75,-97.75,-314.17
25,-85,-245,26.42,-89.82,-304.98
25,-85,-235,24.92,-84.72,-294.89
25,-85,-225,23.77,-80.8,-284.5
25,-85,-215,22.82,-77.6,-273.98
25,-85,-205,22.03,-74.91,-263.38
25,-85,-195,21.36,-72.63,-252.77
25,-85,-185,20.79,-70.68,-242.16
25,-85,-175,20.3,-69.03,-231.58
25,-85,175,20.3,-69.03,231.58
25,-85,185,20.79,-70.68,242.16
25,-85,195,21.36,-72.63,252.77
25,-85,205,22.03,-74.91,263.38
25,-85,215,22.82,-77.6,273.98
25,-85,225,23.77,-80.8,284.5
25,-85,235,24.92,-84.72,294.89
25,-85,245,26.42,-89.82,304.98
25,-85,255,28.75,-97.75,314.17
25,-75,-255,27.62,-82.87,-314.82
25,-75,-245,25.38,-76.15,-304.95
25,-75,-235,23.81,-71.44,-294.53
25,-75,-225,22.57,-67.71,-283.91
25,-75,-215,21.54,-64.61,-273.18
25,-75,-205,20.66,-61.98,-262.41
25,-75,-195,19.91,-59.72,-251.63
25,-75,-185,19.26,-57.77,-240.87
25,-75,185,19.26,-57.77,240.87
25,-75,195,19.91,-59.72,251.63
25,-75,205,20.66,-61.98,262.41
25,-75,215,21.54,-64.61,273.18
25,-75,225,22.57,-67.71,283.91
25,-75,235,23.81,-71.44,294.53
25,-75,245,25.38,-76.15,304.95
25,-75,255,27.62,-82.87,314.82
25,-65,-255,26.56,-69.05,-315.0
25,-65,-245,24.25,-63.06,-304.67
25,-65,-235,22.56,-58.64,-293.98
25,-65,-225,21.18,-55.08,-283.14
25,-65,-215,20.03,-52.08,-272.23
25,-65,-205,19.04,-49.5,-261.28
25,-65,-195,18.18,-47.27,-250.34
25,-65,-185,17.43,-45.33,-239.42
25,-65,185,17.43,-45.33,239.42
25,-65,195,18.18,-47.27,250.34
25,-65,205,19.04,-49.5,261.28
25,-65,215,20.03,-52.08,272.23
25,-65,225,21.18,-55.08,283.14
25,-65,235,22.56,-58.64,293.98
25,-65,245,24.25,-63.06,304.67
25,-65,255,26.56,-69.05,315.0
25,-55,-265,29.72,-65.38,-324.63
25,-55,-255,25.47,-56.04,-314.89
25,-55,-245,22.99,-50.57,-304.22
25,-55,-235,21.1,-46.42,-293.29
25,-55,-225,19.55,-43.01,-282.25
25,-55,-215,18.23,-40.11,-271.16
25,-55,-205,17.09,-37.61,-260.04
25,-55,-195,16.1,-35.42,-248.94
25,-55,-185,15.23,-33.5,-237.85
25,-55,185,15.23,-33.5,237.85
25,-55,195,16.1,-35.42,248.94
25,-55,205,17.09,-37.61,260.04
25,-55,215,18.23,-40.11,271.16
25,-55,225,19.55,-43.01,282.25
25,-55,235,21.1,-46.42,293.29
25,-55,245,22.99,-50.57,304.22
25,-55,255,25.47,-56.04,314.89
25,-55,265,29.72,-65.38,324.63
25,-45,-265,28.64,-51.56,-324.97
25,-45,-255,24.33,-43.79,-314.6
25,-45,-245,21.55,-38.79,-303.65
25,-45,-235,19.39,-34.9,-292.52
25,-45,-225,17.6,-31.68,-281.29
25,-45,-215,16.06,-28.92,-270.02
25,-45,-205,14.73,-26.51,-258.74
25,-45,-195,13.55,-24.4,-247.47
25,-45,195,13.55,-24.4,247.47
25,-45,205,14.73,-26.51,258.74
25,-45,215,16.06,-28.92,270.02
25,-45,225,17.6,-31.68,281.29
25,-45,235,19.39,-34.9,292.52
25,-45,245,21.55,-38.79,303.65
25,-45,255,24.33,-43.79,314.6
25,-45,265,28.64,-51.56,324.97
25,-35,-265,27.88,-39.03,-324.98
25,-35,-255,23.14,-32.39,-314.21
25,-35,-245,19.92,-27.89,-303.04
25,-35,-235,17.38,-24.34,-291.71
25,-35,-225,15.26,-21.37,-280.32
25,-35,-215,13.44,-18.81,-268.89
25,-35,-205,11.84,-16.58,-257.46
25,-35,-195,10.43,-14.6,-246.03
25,-35,195,10.43,-14.6,246.03
25,-35,205,11.84,-16.58,257.46
25,-35,215,13.44,-18.81,268.89
25,-35,225,15.26,-21.37,280.32
25,-35,235,17.38,-24.34,291.71
25,-35,245,19.92,-27.89,303.04
25,-35,255,23.14,-32.39,314.21
25,-35,265,27.88,-39.03,324.98
25,-25,-265,27.45,-27.45,-324.85
25,-25,-255,21.97,-21.97,-313.8
25,-25,-245,18.15,-18.15,-302.44
25,-25,-235,15.11,-15.11,-290.96
25,-25,-225,12.55,-12.55,-279.42
25,-25,-215,10.33,-10.33,-267.85
25,-25,-205,8.39,-8.39,-256.28
25,-25,-195,6.66,-6.66,-244.72
25,-25,195,6.66,-6.66,244.72
25,-25,205,8.39,-8.39,256.28
25,-25,215,10.33,-10.33,267.85
25,-25,225,12.55,-12.55,279.42
25,-25,235,15.11,-15.11,290.96
25,-25,245,18.15,-18.15,302.44
25,-25,255,21.97,-21.97,313.8
25,-25,265,27.45,-27.45,324.85
25,-15,-265,27.46,-16.48,-324.69
25,-15,-255,21.03,-12.62,-313.45
25,-15,-245,16.46,-9.88,-301.95
25,-15,-235,12.8,-7.68,-290.35
25,-15,-225,9.71,-5.83,-278.71
25,-15,-215,7.04,-4.22,-267.03
25,-15,-205,4.68,-2.81,-255.36
25,-15,-195,2.58,-1.55,-243.68
25,-15,195,2.58,-1.55,243.68
25,-15,205,4.68,-2.81,255.36
25,-15,215,7.04,-4.22,267.03
25,-15,225,9.71,-5.83,278.71
25,-15,235,12.8,-7.68,290.35
25,-15,245,16.46,-9.88,301.95
25,-15,255,21.03,-12.62,313.45
25,-15,265,27.46,-16.48,324.69
25,-5,-265,27.78,-5.56,-324.59
25,-5,-255,20.53,-4.11,-313.24
25,-5,-245,15.35,-3.07,-301.67
25,-5,-235,11.18,-2.24,-290.01
25,-5,-225,7.66,-1.53,-278.3
25,-5,-215,4.6,-0.92,-266.57
25,-5,-205,1.9,-0.38,-254.83
25,-5,-195,-0.5,0.1,-243.1
25,-5,195,-0.5,0.1,243.1
25,-5,205,1.9,-0.38,254.83
25,-5,215,4.6,-0.92,266.57
25,-5,225,7.66,-1.53,278.3
25,-5,235,11.18,-2.24,290.01
25,-5,245,15.35,-3.07,301.67
25,-5,255,20.53,-4.11,313.24
25,-5,265,27.78,-5.56,324.59
25,5,-265,27.78,5.56,-324.59
25,5,-255,20.53,4.11,-313.24
25,5,-245,15.35,3.07,-301.67
25,5,-235,11.18,2.24,-290.01
25,5,-225,7.66,1.53,-278.3
25,5,-215,4.6,0.92,-266.57
25,5,-205,1.9,0.38,-254.83
25,5,-195,-0.5,-0.1,-243.1
25,5,195,-0.5,-0.1,243.1
25,5,205,1.9,0.38,254.83
25,5,215,4.6,0.92,266.57
25,5,225,7.66,1.53,278.3
25,5,235,11.18,2.24,290.01
25,5,245,15.35,3.07,301.67
25,5,255,20.53,4.11,313.24
25,5,265,27.78,5.56,324.59
25,15,-265,27.46,16.48,-324.69
25,15,-255,21.03,12.62,-313.45
25,15,-245,16.46,9.88,-301.95
25,15,-235,12.8,7.68,-290.35
25,15,-225,9.71,5.83,-278.71
25,15,-215,7.04,4.22,-267.03
25,15,-205,4.68,2.81,-255.36
25,15,-195,2.58,1.55,-243.68
25,15,195,2.58,1.55,243.68
25,15,205,4.68,2.81,255.36
25,15,215,7.04,4.22,267.03
25,15,225,9.71,5.83,278.71
25,15,235,12.8,7.68,290.35
25,15,245,16.46,9.88,301.95
25,15,255,21.03,12.62,313.45
25,15,265,27.46,16.48,324.69
25,25,-265,27.45,27.45,-324.85
25,25,-255,21.97,21.97,-313.8
25,25,-245,18.15,18.15,-302.44
25,25,-235,15.11,15.11,-290.96
25,25,-225,12.55,12.55,-279.42
25,25,-215,10.33,10.33,-267.85
25,25,-205,8.39,8.39,-256.28
25,25,-195,6.66,6.66,-244.72
25,25,195,6.66,6.66,244.72
25,25,205,8.39,8.39,256.28
25,25,215,10.33,10.33,267.85
25,25,225,12.55,12.55,279.42
25,25,235,15.11,15.11,290.96
25,25,245,18.15,18.15,302.44
25,25,255,21.97,21.97,313.8
25,25,265,27.45,27.45,324.85
25,35,-265,27.88,39.03,-324.98
25,35,-255,23.14,32.39,-314.21
25,35,-245,19.92,27.89,-303.04
25,35,-235,17.38,24.34,-291.71
25,35,-225,15.26,21.37,-280.32
25,35,-215,13.44,18.81,-268.89
25,35,-205,11.84,16.58,-257.46
25,35,-195,10.43,14.6,-246.03
25,35,195,10.43,14.6,246.03
25,35,205,11.84,16.58,257.46
25,35,215,13.44,18.81,268.89
25,35,225,15.26,21.37,280.32
25,35,235,17.38,24.34,291.71
25,35,245,19.92,27.89,303.04
25,35,255,23.14,32.39,314.21
25,35,265,27.88,39.03,324.98
25,45,-265,28.64,51.56,-324.97
25,45,-255,24.33,43.79,-314.6
25,45,-245,21.55,38.79,-303.65
25,45,-235,19.39,34.9,-292.52
25,45,-225,17.6,31.68,-281.29
25,45,-215,16.06,28.92,-270.02
25,45,-205,14.73,26.51,-258.74
25,45,-195,13.55,24.4,-247.47
25,45,195,13.55,24.4,247.47
25,45,205,14.73,26.51,258.74
25,45,215,16.06,28.92,270.02
25,45,225,17.6,31.68,281.29
25,45,235,19.39,34.9,292.52
25,45,245,21.55,38.79,303.65
25,45,255,24.33,43.79,314.6
25,45,265,28.64,51.56,324.97
25,55,-265,29.72,65.38,-324.63
25,55,-255,25.47,56.04,-314.89
25,55,-245,22.99,50.57,-304.22
25,55,-235,21.1,46.42,-293.29
25,55,-225,19.55,43.01,-282.25
25,55,-215,18.23,40.11,-271.16
25,55,-205,17.09,37.61,-260.04
25,55,-195,16.1,35.42,-248.94
25,55,-185,15.23,33.5,-237.85
25,55,185,15.23,33.5,237.85
25,55,195,16.1,35.42,248.94
25,55,205,17.09,37.61,260.04
25,55,215,18.23,40.11,271.16
25,55,225,19.55,43.01,282.25
25,55,235,21.1,46.42,293.29
25,55,245,22.99,50.57,304.22
25,55,255,25.47,56.04,314.89
25,55,265,29.72,65.38,324.63
25,65,-255,26.56,69.05,-315.0
25,65,-245,24.25,63.06,-304.67
25,65,-235,22.56,58.64,-293.98
25,65,-225,21.18,55.08,-283.14
25,65,-215,20.03,52.08,-272.23
25,65,-205,19.04,49.5,-261.28
25,65,-195,18.18,47.27,-250.34
25,65,-185,17.43,45.33,-239.42
25,65,185,17.43,45.33,239.42
25,65,195,18.18,47.27,250.34
25,65,205,19.04,49.5,261.28
25,65,215,20.03,52.08,272.23
25,65,225,21.18,55.08,283.14
25,65,235,22.56,58.64,293.98
25,65,245,24.25,63.06,304.67
25,65,255,26.56,69.05,315.0
25,75,-255,27.62,82.87,-314.82
25,75,-245,25.38,76.15,-304.95
25,75,-235,23.81,71.44,-294.53
25,75,-225,22.57,67.71,-283.91
25,75,-215,21.54,64.61,-273.18
25,75,-205,20.66,61.98,-262.41
25,75,-195,19.91,59.72,-251.63
25,75,-185,19.26,57.77,-240.87
25,75,185,19.26,57.77,240.87
25,75,195,19.91,59.72,251.63
25,75,205,20.66,61.98,262.41
25,75,215,21.54,64.61,273.18
25,75,225,22.57,67.71,283.91
25,75,235,23.81,71.44,294.53
25,75,245,25.38,76.15,304.95
25,75,255,27.62,82.87,314.82
25,85,-255,28.75,97.75,-314.17
25,85,-245,26.42,89.82,-304.98
25,85,-235,24.92,84.72,-294.89
25,85,-225,23.77,80.8,-284.5
25,85,-215,22.82,77.6,-273.98
25,85,-205,22.03,74.91,-263.38
25,85,-195,21.36,72.63,-252.77
25,85,-185,20.79,70.68,-242.16
25,85,-175,20.3,69.03,-231.58
25,85,175,20.3,69.03,231.58
25,85,185,20.79,70.68,242.16
25,85,195,21.36,72.63,252.77
25,85,205,22.03,74.91,263.38
25,85,215,22.82,77.6,273.98
25,85,225,23.77,80.8,284.5
25,85,235,24.92,84.72,294.89
25,85,245,26.42,89.82,304.98
25,85,255,28.75,97.75,314.17
25,95,-255,30.37,115.39,-312.21
25,95,-245,27.4,104.11,-304.66
25,95,-235,25.91,98.47,-295.0
25,95,-225,24.82,94.3,-284.88
25,95,-215,23.94,90.97,-274.57
25,95,-205,23.21,88.21,-264.16
25,95,-195,22.6,85.89,-253.7
25,95,-185,22.09,83.94,-243.24
25,95,-175,21.66,82.31,-232.79
25,95,175,21.66,82.31,232.79
25,95,185,22.09,83.94,243.24
25,95,195,22.6,85.89,253.7
25,95,205,23.21,88.21,264.16
25,95,215,23.94,90.97,274.57
25,95,225,24.82,94.3,284.88
25,95,235,25.91,98.47,295.0
25,95,245,27.4,104.11,304.66
25,95,255,30.37,115.39,312.21
25,105,-245,28.4,119.28,-303.8
25,105,-235,26.83,112.69,-294.78
25,105,-225,25.76,108.18,-285.0
25,105,-215,24.92,104.68,-274.92
25,105,-205,24.24,101.82,-264.7
25,105,-195,23.68,99.46,-254.4
25,105,-185,23.21,97.5,-244.08
25,105,-175,22.83,95.88,-233.76
25,105,-165,22.52,94.57,-223.47
25,105,165,22.52,94.57,223.47
25,105,175,22.83,95.88,233.76
25,105,185,23.21,97.5,244.08
25,105,195,23.68,99.46,254.4
25,105,205,24.24,101.82,264.7
25,105,215,24.92,104.68,274.92
25,105,225,25.76,108.18,285.0
25,105,235,26.83,112.69,294.78
25,105,245,28.4,119.28,303.8
25,115,-245,29.61,136.22,-301.85
25,115,-235,27.72,127.51,-294.11
25,115,-225,26.62,122.46,-284.78
25,115,-215,25.81,118.71,-274.99
25,115,-205,25.16,115.73,-264.97
25,115,-195,24.63,113.3,-254.85
25,115,-185,24.2,111.3,-244.67
25,115,-175,23.84,109.68,-234.47
25,115,-165,23.56,108.4,-224.28
25,115,-155,23.35,107.42,-214.11
25,115,155,23.35,107.42,214.11
25,115,165,23.56,108.4,224.28
25,115,175,23.84,109.68,234.47
25,115,185,24.2,111.3,244.67
25,115,195,24.63,113.3,254.85
25,115,205,25.16,115.73,264.97
25,115,215,25.81,118.71,274.99
25,115,225,26.62,122.46,284.78
25,115,235,27.72,127.51,294.11
25,115,245,29.61,136.22,301.85
25,125,-235,28.64,143.2,-292.76
25,125,-225,27.44,137.2,-284.14
25,125,-215,26.62,133.08,-274.71
25,125,-205,25.98,129.91,-264.94
25,125,-195,25.47,127.37,-255.0
25,125,-185,25.07,125.33,-244.97
25,125,-175,24.74,123.69,-234.89
25,125,-165,24.48,122.4,-224.79
25,125,-155,24.29,121.45,-214.7
25,125,155,24.29,121.45,214.7
25,125,165,24.48,122.4,224.79
25,125,175,24.74,123.69,234.89
25,125,185,25.07,125.33,244.97
25,125,195,25.47,127.37,255.0
25,125,205,25.98,129.91,264.94
25,125,215,26.62,133.08,274.71
25,125,225,27.44,137.2,284.14
25,125,235,28.64,143.2,292.76
25,135,-235,29.82,161.02,-289.86
25,135,-225,28.25,152.57,-282.91
25,135,-215,27.38,147.83,-274.0
25,135,-205,26.74,144.38,-264.55
25,135,-195,26.24,141.69,-254.82
25,135,-185,25.84,139.56,-244.95
25,135,-175,25.53,137.87,-235.0
25,135,-165,25.29,136.57,-225.0
25,135,-155,25.11,135.61,-214.98
25,135,-145,25.0,134.98,-204.96
25,135,145,25.0,134.98,204.96
25,135,155,25.11,135.61,214.98
25,135,165,25.29,136.57,225.0
25,135,175,25.53,137.87,235.0
25,135,185,25.84,139.56,244.95
25,135,195,26.24,141.69,254.82
25,135,205,26.74,144.38,264.55
25,135,215,27.38,147.83,274.0
25,135,225,28.25,152.57,282.91
25,135,235,29.82,161.02,289.86
25,145,-225,29.15,169.07,-280.66
25,145,-215,28.12,163.1,-272.73
25,145,-205,27.45,159.18,-263.71
25,145,-195,26.94,156.26,-254.26
25,145,-185,26.55,153.99,-244.58
25,145,-175,26.25,152.22,-234.77
25,145,-165,26.01,150.87,-224.87
25,145,-155,25.84,149.89,-214.93
25,145,-145,25.73,149.25,-204.96
25,145,-135,25.68,148.93,-194.97
25,145,135,25.68,148.93,194.97
25,145,145,25.73,149.25,204.96
25,145,155,25.84,149.89,214.93
25,145,165,26.01,150.87,224.87
25,145,175,26.25,152.22,234.77
25,145,185,26.55,153.99,244.58
25,145,195,26.94,156.26,254.26
25,145,205,27.45,159.18,263.71
25,145,215,28.12,163.1,272.73
25,145,225,29.15,169.07,280.66
25,155,-215,28.9,179.2,-270.57
25,155,-205,28.13,174.43,-262.3
25,155,-195,27.6,171.12,-253.24
25,155,-185,27.2,168.64,-243.8
25,155,-175,26.89,166.75,-234.16
25,155,-165,26.66,165.32,-224.39
25,155,-155,26.5,164.28,-214.53
25,155,-145,26.39,163.61,-204.61
25,155,-135,26.33,163.26,-194.65
25,155,-125,26.33,163.24,-184.65
25,155,-115,26.38,163.53,-174.62
25,155,115,26.38,163.53,174.62
25,155,125,26.33,163.24,184.65
25,155,135,26.33,163.26,194.65
25,155,145,26.39,163.61,204.61
25,155,155,26.5,164.28,214.53
25,155,165,26.66,165.32,224.39
25,155,175,26.89,166.75,234.16
25,155,185,27.2,168.64,243.8
25,155,195,27.6,171.12,253.24
25,155,205,28.13,174.43,262.3
25,155,215,28.9,179.2,270.57
25,165,-215,29.94,197.6,-266.26
25,165,-205,28.84,190.38,-260.04
25,165,-195,28.24,186.39,-251.62
25,165,-185,27.81,183.57,-242.54
25,165,-175,27.5,181.47,-233.13
25,165,-165,27.26,179.91,-223.51
25,165,-155,27.09,178.79,-213.76
25,165,-145,34.25,226.04,-147.44
25,165,-135,34.25,226.05,-132.82
25,165,-125,26.91,177.58,-183.99
25,165,-115,26.94,177.82,-173.95
25,165,-105,27.03,178.37,-163.84
25,165,105,27.03,178.37,163.84
25,165,115,26.94,177.82,173.95
25,165,125,26.91,177.58,183.99
25,165,135,34.25,226.05,132.82
25,165,145,34.25,226.04,147.44
25,165,155,27.09,178.79,213.76
25,165,165,27.26,179.91,223.51
25,165,175,27.5,181.47,233.13
25,165,185,27.81,183.57,242.54
25,165,195,28.24,186.39,251.62
25,165,205,28.84,190.38,260.04
25,165,215,29.94,197.6,266.26
25,175,-205,29.71,207.97,-256.0
25,175,-195,28.9,202.28,-249.14
25,175,-185,28.41,198.86,-240.66
25,175,-175,28.06,196.44,-231.58
25,175,-165,27.81,194.68,-222.18
25,175,-155,33.63,235.44,-163.69
25,175,-145,33.71,235.94,-148.89
25,175,-135,33.72,236.06,-134.24
25,175,-125,33.69,235.84,-119.7
25,175,-115,27.45,192.14,-172.93
25,175,-105,27.52,192.61,-162.8
25,175,-95,27.62,193.37,-152.58
25,175,-85,27.77,194.41,-142.26
25,175,85,27.77,194.41,142.26
25,175,95,27.62,193.37,152.58
25,175,105,27.52,192.61,162.8
25,175,115,27.45,192.14,172.93
25,175,125,33.69,235.84,119.7
25,175,135,33.72,236.06,134.24
25,175,145,33.71,235.94,148.89
25,175,155,33.63,235.44,163.69
25,175,165,27.81,194.68,222.18
25,175,175,28.06,196.44,231.58
25,175,185,28.41,198.86,240.66
25,175,195,28.9,202.28,249.14
25,175,205,29.71,207.97,256.0
25,185,-195,29.68,219.61,-244.89
25,185,-185,29.02,214.75,-237.84
25,185,-175,28.62,211.77,-229.35
25,185,-165,32.96,243.93,-180.86
25,185,-155,33.12,245.09,-165.69
25,185,-145,33.21,245.77,-150.77
25,185,-135,33.25,246.04,-136.03
25,185,-125,33.24,245.94,-121.46
25,185,-115,33.18,245.52,-107.03
25,185,-105,33.08,244.79,-92.75
25,185,-95,28.04,207.51,-151.16
25,185,-85,28.17,208.45,-140.8
25,185,-75,28.33,209.63,-130.31
25,185,-65,28.52,211.06,-119.68
25,185,-55,28.74,212.7,-108.9
25,185,55,28.74,212.7,108.9
25,185,65,28.52,211.06,119.68
25,185,75,28.33,209.63,130.31
25,185,85,28.17,208.45,140.8
25,185,95,28.04,207.51,151.16
25,185,105,33.08,244.79,92.75
25,185,115,33.18,245.52,107.03
25,185,125,33.24,245.94,121.46
25,185,135,33.25,246.04,136.03
25,185,145,33.21,245.77,150.77
25,185,155,33.12,245.09,165.69
25,185,165,32.96,243.93,180.86
25,185,175,28.62,211.77,229.35
25,185,185,29.02,214.75,237.84
25,185,195,29.68,219.61,244.89
25,195,-185,29.75,232.08,-233.1
25,195,-175,32.13,250.65,-199.91
25,195,-165,32.44,253.03,-183.78
25,195,-155,32.63,254.55,-168.28
25,195,-145,32.75,255.47,-153.14
25,195,-135,32.81,255.93,-138.28
25,195,-125,32.82,256.0,-123.62
25,195,-115,32.79,255.74,-109.15
25,195,-105,32.71,255.16,-94.85
25,195,-95,32.6,254.31,-80.72
25,195,-85,32.46,253.2,-66.75
25,195,-75,28.66,223.51,-128.47
25,195,-65,28.82,224.79,-117.79
25,195,-55,29.01,226.28,-106.95
25,195,-45,29.22,227.95,-95.94
25,195,-35,29.46,229.79,-84.74
25,195,-25,29.71,231.76,-73.34
25,195,-15,29.98,233.84,-61.73
25,195,-5,30.26,235.99,-49.89
25,195,5,30.26,235.99,49.89
25,195,15,29.98,233.84,61.73
25,195,25,29.71,231.76,73.34
25,195,35,29.46,229.79,84.74
25,195,45,29.22,227.95,95.94
25,195,55,29.01,226.28,106.95
25,195,65,28.82,224.79,117.79
25,195,75,28.66,223.51,128.47
25,195,85,32.46,253.2,66.75
25,195,95,32.6,254.31,80.72
25,195,105,32.71,255.16,94.85
25,195,115,32.79,255.74,109.15
25,195,125,32.82,256.0,123.62
25,195,135,32.81,255.93,138.28
25,195,145,32.75,255.47,153.14
25,195,155,32.63,254.55,168.28
25,195,165,32.44,253.03,183.78
25,195,175,32.13,250.65,199.91
25,195,185,29.75,232.08,233.1
25,205,-175,31.41,257.58,-205.75
25,205,-165,31.89,261.49,-187.9
25,205,-155,32.15,263.64,-171.7
25,205,-145,32.31,264.95,-156.18
25,205,-135,32.4,265.69,-141.08
25,205,-125,32.44,265.98,-126.28
25,205,-115,32.43,265.91,-111.71
25,205,-105,32.38,265.51,-97.35
25,205,-95,32.3,264.83,-83.19
25,205,-85,32.18,263.9,-69.21
25,205,-75,32.04,262.74,-55.42
25,205,-65,31.88,261.38,-41.83
25,205,-55,31.69,259.84,-28.43
25,205,-45,29.43,241.32,-93.63
25,205,-35,29.63,242.96,-82.39
25,205,-25,29.85,244.74,-70.95
25,205,-15,30.07,246.61,-59.3
25,205,-5,30.31,248.55,-47.43
25,205,5,30.31,248.55,47.43
25,205,15,30.07,246.61,59.3
25,205,25,29.85,244.74,70.95
25,205,35,29.63,242.96,82.39
25,205,45,29.43,241.32,93.63
25,205,55,31.69,259.84,28.43
25,205,65,31.88,261.38,41.83
25,205,75,32.04,262.74,55.42
25,205,85,32.18,263.9,69.21
25,205,95,32.3,264.83,83.19
25,205,105,32.38,265.51,97.35
25,205,115,32.43,265.91,111.71
25,205,125,32.44,265.98,126.28
25,205,135,32.4,265.69,141.08
25,205,145,32.31,264.95,156.18
25,205,155,32.15,263.64,171.7
25,205,165,31.89,261.49,187.9
25,205,175,31.41,257.58,205.75
25,215,-165,31.14,267.81,-195.31
25,215,-155,31.62,271.97,-176.61
25,215,-145,31.86,274.02,-160.23
25,215,-135,32.0,275.19,-144.66
25,215,-125,32.07,275.8,-129.58
25,215,-115,32.09,275.97,-114.83
25,215,-105,32.07,275.79,-100.35
25,215,-95,32.01,275.31,-86.11
25,215,-85,31.93,274.57,-72.08
25,215,-75,31.81,273.61,-58.27
25,215,-65,31.68,272.44,-44.65
25,215,-55,31.52,271.1,-31.25
25,215,-45,31.35,269.62,-18.06
25,215,-35,31.17,268.03,-5.07
25,215,-25,30.97,266.35,7.69
25,215,-15,30.77,264.61,20.24
25,215,-5,30.56,262.85,32.56
25,215,5,30.56,262.85,-32.56
25,215,15,30.77,264.61,-20.24
25,215,25,30.97,266.35,-7.69
25,215,35,31.17,268.03,5.07
25,215,45,31.35,269.62,18.06
25,215,55,31.52,271.1,31.25
25,215,65,31.68,272.44,44.65
25,215,75,31.81,273.61,58.27
25,215,85,31.93,274.57,72.08
25,215,95,32.01,275.31,86.11
25,215,105,32.07,275.79,100.35
25,215,115,32.09,275.97,114.83
25,215,125,32.07,275.8,129.58
25,215,135,32.0,275.19,144.66
25,215,145,31.86,274.02,160.23
25,215,155,31.62,271.97,176.61
25,215,165,31.14,267.81,195.31
25,225,-145,31.34,282.03,-166.38
25,225,-135,31.57,284.16,-149.56
25,225,-125,31.7,285.29,-133.85
25,225,-115,31.76,285.83,-118.73
25,225,-105,31.77,285.94,-104.02
25,225,-95,31.75,285.71,-89.62
25,225,-85,31.69,285.19,-75.49
25,225,-75,31.6,284.44,-61.59
25,225,-65,31.5,283.48,-47.93
25,225,-55,31.37,282.35,-34.49
25,225,-45,31.23,281.08,-21.27
25,225,-35,31.08,279.7,-8.27
25,225,-25,30.91,278.23,4.51
25,225,-15,30.75,276.71,17.07
25,225,-5,30.57,275.16,29.42
25,225,5,30.57,275.16,-29.42
25,225,15,30.75,276.71,-17.07
25,225,25,30.91,278.23,-4.51
25,225,35,31.08,279.7,8.27
25,225,45,31.23,281.08,21.27
25,225,55,31.37,282.35,34.49
25,225,65,31.5,283.48,47.93
25,225,75,31.6,284.44,61.59
25,225,85,31.69,285.19,75.49
25,225,95,31.75,285.71,89.62
25,225,105,31.77,285.94,104.02
25,225,115,31.76,285.83,118.73
25,225,125,31.7,285.29,133.85
25,225,135,31.57,284.16,149.56
25,225,145,31.34,282.03,166.38
25,235,-135,30.98,291.26,-158.26
25,235,-125,31.28,294.02,-140.05
25,235,-115,31.41,295.25,-123.97
25,235,-105,31.47,295.81,-108.73
25,235,-95,31.48,295.91,-93.99
25,235,-85,31.46,295.68,-79.63
25,235,-75,31.4,295.18,-65.59
25,235,-65,31.33,294.46,-51.81
25,235,-55,31.23,293.56,-38.29
25,235,-45,31.12,292.52,-25.02
25,235,-35,30.99,291.35,-11.97
25,235,-25,30.86,290.1,0.84
25,235,-15,30.72,288.8,13.43
25,235,-5,30.58,287.46,25.79
25,235,5,30.58,287.46,-25.79
25,235,15,30.72,288.8,-13.43
25,235,25,30.86,290.1,-0.84
25,235,35,30.99,291.35,11.97
25,235,45,31.12,292.52,25.02
25,235,55,31.23,293.56,38.29
25,235,65,31.33,294.46,51.81
25,235,75,31.4,295.18,65.59
25,235,85,31.46,295.68,79.63
25,235,95,31.48,295.91,93.99
25,235,105,31.47,295.81,108.73
25,235,115,31.41,295.25,123.97
25,235,125,31.28,294.02,140.05
25,235,135,30.98,291.26,158.26
25,245,-115,30.93,303.16,-132.98
25,245,-105,31.12,304.97,-115.57
25,245,-95,31.19,305.7,-99.9
25,245,-85,31.21,305.9,-85.01
25,245,-75,31.2,305.74,-70.62
25,245,-65,31.15,305.31,-56.61
25,245,-55,31.09,304.68,-42.92
25,245,-45,31.01,303.88,-29.52
25,245,-35,30.91,302.95,-16.39
25,245,-25,30.81,301.94,-3.51
25,245,-15,30.7,300.86,9.12
25,245,-5,30.59,299.76,21.51
25,245,5,30.59,299.76,-21.51
25,245,15,30.7,300.86,-9.12
25,245,25,30.81,301.94,3.51
25,245,35,30.91,302.95,16.39
25,245,45,31.01,303.88,29.52
25,245,55,31.09,304.68,42.92
25,245,65,31.15,305.31,56.61
25,245,75,31.2,305.74,70.62
25,245,85,31.21,305.9,85.01
25,245,95,31.19,305.7,99.9
25,245,105,31.12,304.97,115.57
25,245,115,30.93,303.16,132.98
25,255,-95,30.74,313.52,-111.68
25,255,-85,30.91,315.29,-93.37
25,255,-75,30.96,315.81,-77.77
25,255,-65,30.97,315.85,-63.09
25,255,-55,30.94,315.58,-48.98
25,255,-45,30.89,315.09,-35.3
25,255,-35,30.83,314.45,-21.97
25,255,-25,30.76,313.7,-8.96
25,255,-15,30.67,312.88,3.75
25,255,-5,30.59,312.03,16.19
25,255,5,30.59,312.03,-16.19
25,255,15,30.67,312.88,-3.75
25,255,25,30.76,313.7,8.96
25,255,35,30.83,314.45,21.97
25,255,45,30.89,315.09,35.3
25,255,55,30.94,315.58,48.98
25,255,65,30.97,315.85,63.09
25,255,75,30.96,315.81,77.77
25,255,85,30.91,315.29,93.37
25,255,95,30.74,313.52,111.68
25,265,-55,30.73,325.7,-59.34
25,265,-45,30.74,325.85,-44.27
25,265,-35,30.72,325.66,-30.21
25,265,-25,30.69,325.29,-16.77
25,265,-15,30.64,324.81,-3.8
25,265,-5,30.59,324.26,8.75
25,265,5,30.59,324.26,-8.75
25,265,15,30.64,324.81,3.8
25,265,25,30.69,325.29,16.77
25,265,35,30.72,325.66,30.21
25,265,45,30.74,325.85,44.27
25,265,55,30.73,325.7,59.34
35,-265,-55,42.7,-323.31,-57.54
35,-265,-45,42.7,-323.33,-42.88
35,-265,-35,42.67,-323.07,-29.0
35,-265,-25,42.61,-322.64,-15.66
35,-265,-15,42.54,-322.11,-2.74
35,-265,-5,42.47,-321.53,9.79
35,-265,5,42.47,-321.53,-9.79
35,-265,15,42.54,-322.11,2.74
35,-265,25,42.61,-322.64,15.66
35,-265,35,42.67,-323.07,29.0
35,-265,45,42.7,-323.33,42.88
35,-265,55,42.7,-323.31,57.54
35,-255,-95,42.77,-311.63,-109.05
35,-255,-85,42.94,-312.88,-92.04
35,-255,-75,43.0,-313.26,-76.72
35,-255,-65,42.99,-313.22,-62.18
35,-255,-55,42.95,-312.9,-48.15
35,-255,-45,42.87,-312.37,-34.52
35,-255,-35,42.78,-311.7,-21.23
35,-255,-25,42.68,-310.92,-8.24
35,-255,-15,42.56,-310.07,4.46
35,-255,-5,42.44,-309.19,16.89
35,-255,5,42.44,-309.19,-16.89
35,-255,15,42.56,-310.07,-4.46
35,-255,25,42.68,-310.92,8.24
35,-255,35,42.78,-311.7,21.23
35,-255,45,42.87,-312.37,34.52
35,-255,55,42.95,-312.9,48.15
35,-255,65,42.99,-313.22,62.18
35,-255,75,43.0,-313.26,76.72
35,-255,85,42.94,-312.88,92.04
35,-255,95,42.77,-311.63,109.05
35,-245,-115,42.99,-300.95,-131.32
35,-245,-105,43.21,-302.44,-114.52
35,-245,-95,43.29,-303.06,-99.04
35,-245,-85,43.31,-303.19,-84.25
35,-245,-75,43.28,-302.98,-69.92
35,-245,-65,43.22,-302.51,-55.95
35,-245,-55,43.12,-301.85,-42.29
35,-245,-45,43.0,-301.02,-28.91
35,-245,-35,42.87,-300.07,-15.8
35,-245,-25,42.72,-299.03,-2.93
35,-245,-15,42.56,-297.93,9.7
35,-245,-5,42.4,-296.8,22.08
35,-245,5,42.4,-296.8,-22.08
35,-245,15,42.56,-297.93,-9.7
35,-245,25,42.72,-299.03,2.93
35,-245,35,42.87,-300.07,15.8
35,-245,45,43.0,-301.02,28.91
35,-245,55,43.12,-301.85,42.29
35,-245,65,43.22,-302.51,55.95
35,-245,75,43.28,-302.98,69.92
35,-245,85,43.31,-303.19,84.25
35,-245,95,43.29,-303.06,99.04
35,-245,105,43.21,-302.44,114.52
35,-245,115,42.99,-300.95,131.32
35,-235,-135,43.06,-289.14,-156.54
35,-235,-125,43.41,-291.44,-139.06
35,-235,-115,43.57,-292.54,-123.19
35,-235,-105,43.64,-293.02,-108.04
35,-235,-95,43.65,-293.07,-93.37
35,-235,-85,43.61,-292.8,-79.05
35,-235,-75,43.53,-292.27,-65.03
35,-235,-65,43.42,-291.52,-51.28
35,-235,-55,43.28,-290.59,-37.77
35,-235,-45,43.12,-289.52,-24.5
35,-235,-35,42.94,-288.34,-11.46
35,-235,-25,42.75,-287.07,1.35
35,-235,-15,42.56,-285.74,13.93
35,-235,-5,42.36,-284.38,26.29
35,-235,5,42.36,-284.38,-26.29
35,-235,15,42.56,-285.74,-13.93
35,-235,25,42.75,-287.07,-1.35
35,-235,35,42.94,-288.34,11.46
35,-235,45,43.12,-289.52,24.5
35,-235,55,43.28,-290.59,37.77
35,-235,65,43.42,-291.52,51.28
35,-235,75,43.53,-292.27,65.03
35,-235,85,43.61,-292.8,79.05
35,-235,95,43.65,-293.07,93.37
35,-235,105,43.64,-293.02,108.04
35,-235,115,43.57,-292.54,123.19
35,-235,125,43.41,-291.44,139.06
35,-235,135,43.06,-289.14,156.54
35,-225,-145,43.47,-279.48,-165.32
35,-225,-135,43.77,-281.4,-148.79
35,-225,-125,43.93,-282.42,-133.2
35,-225,-115,44.01,-282.9,-118.15
35,-225,-105,44.02,-282.96,-103.48
35,-225,-95,43.97,-282.69,-89.11
35,-225,-85,43.89,-282.15,-74.99
35,-225,-75,43.77,-281.37,-61.12
35,-225,-65,43.62,-280.39,-47.46
35,-225,-55,43.44,-279.24,-34.03
35,-225,-45,43.24,-277.95,-20.81
35,-225,-35,43.02,-276.55,-7.82
35,-225,-25,42.79,-275.06,4.96
35,-225,-15,42.55,-273.52,17.52
35,-225,-5,42.3,-271.95,29.86
35,-225,5,42.3,-271.95,-29.86
35,-225,15,42.55,-273.52,-17.52
35,-225,25,42.79,-275.06,-4.96
35,-225,35,43.02,-276.55,7.82
35,-225,45,43.24,-277.95,20.81
35,-225,55,43.44,-279.24,34.03
35,-225,65,43.62,-280.39,47.46
35,-225,75,43.77,-281.37,61.12
35,-225,85,43.89,-282.15,74.99
35,-225,95,43.97,-282.69,89.11
35,-225,105,44.02,-282.96,103.48
35,-225,115,44.01,-282.9,118.15
35,-225,125,43.93,-282.42,133.2
35,-225,135,43.77,-281.4,148.79
35,-225,145,43.47,-279.48,165.32
35,-215,-165,43.24,-265.62,-193.74
35,-215,-155,43.82,-269.19,-175.78
35,-215,-145,44.13,-271.08,-159.58
35,-215,-135,44.31,-272.17,-144.1
35,-215,-125,44.4,-272.72,-129.07
35,-215,-115,44.42,-272.85,-114.35
35,-215,-105,44.38,-272.64,-99.9
35,-215,-95,44.3,-272.14,-85.67
35,-215,-85,44.18,-271.37,-71.65
35,-215,-75,44.02,-270.38,-57.84
35,-215,-65,43.82,-269.2,-44.23
35,-215,-55,43.6,-267.84,-30.83
35,-215,-45,43.36,-266.34,-17.64
35,-215,-35,43.1,-264.73,-4.66
35,-215,-25,42.82,-263.03,8.1
35,-215,-15,42.53,-261.27,20.65
35,-215,-5,42.24,-259.49,32.97
35,-215,5,42.24,-259.49,-32.97
35,-215,15,42.53,-261.27,-20.65
35,-215,25,42.82,-263.03,-8.1
35,-215,35,43.1,-264.73,4.66
35,-215,45,43.36,-266.34,17.64
35,-215,55,43.6,-267.84,30.83
35,-215,65,43.82,-269.2,44.23
35,-215,75,44.02,-270.38,57.84
35,-215,85,44.18,-271.37,71.65
35,-215,95,44.3,-272.14,85.67
35,-215,105,44.38,-272.64,99.9
35,-215,115,44.42,-272.85,114.35
35,-215,125,44.4,-272.72,129.07
35,-215,135,44.31,-272.17,144.1
35,-215,145,44.13,-271.08,159.58
35,-215,155,43.82,-269.19,175.78
35,-215,165,43.24,-265.62,193.74
35,-205,-175,43.54,-255.02,-204.59
35,-205,-165,44.14,-258.53,-187.18
35,-205,-155,44.48,-260.54,-171.12
35,-205,-145,44.69,-261.77,-155.68
35,-205,-135,44.81,-262.46,-140.63
35,-205,-125,44.85,-262.71,-125.85
35,-205,-115,44.83,-262.6,-111.3
35,-205,-105,44.76,-262.18,-96.96
35,-205,-95,44.64,-261.48,-82.8
35,-205,-85,44.48,-260.53,-68.83
35,-205,-75,44.28,-259.35,-55.04
35,-205,-65,44.04,-257.97,-41.45
35,-205,-55,40.33,-236.2,-105.04
35,-205,-45,40.59,-237.72,-93.99
35,-205,-35,40.87,-239.38,-82.76
35,-205,-25,41.18,-241.17,-71.32
35,-205,-15,41.5,-243.06,-59.67
35,-205,-5,41.83,-245.01,-47.81
35,-205,5,41.83,-245.01,47.81
35,-205,15,41.5,-243.06,59.67
35,-205,25,41.18,-241.17,71.32
35,-205,35,40.87,-239.38,82.76
35,-205,45,40.59,-237.72,93.99
35,-205,55,40.33,-236.2,105.04
35,-205,65,44.04,-257.97,41.45
35,-205,75,44.28,-259.35,55.04
35,-205,85,44.48,-260.53,68.83
35,-205,95,44.64,-261.48,82.8
35,-205,105,44.76,-262.18,96.96
35,-205,115,44.83,-262.6,111.3
35,-205,125,44.85,-262.71,125.85
35,-205,135,44.81,-262.46,140.63
35,-205,145,44.69,-261.77,155.68
35,-205,155,44.48,-260.54,171.12
35,-205,165,44.14,-258.53,187.18
35,-205,175,43.54,-255.02,204.59
35,-195,-185,40.83,-227.48,-234.08
35,-195,-175,40.11,-223.48,-226.69
35,-195,-165,44.83,-249.76,-183.27
35,-195,-155,45.09,-251.19,-167.83
35,-195,-145,45.24,-252.07,-152.74
35,-195,-135,45.32,-252.49,-137.9
35,-195,-125,45.33,-252.54,-123.26
35,-195,-115,45.27,-252.24,-108.8
35,-195,-105,45.17,-251.65,-94.5
35,-195,-95,45.01,-250.78,-80.37
35,-195,-85,39.24,-218.63,-139.3
35,-195,-75,39.43,-219.7,-128.77
35,-195,-65,39.67,-220.99,-118.1
35,-195,-55,39.93,-222.49,-107.27
35,-195,-45,40.24,-224.18,-96.27
35,-195,-35,40.57,-226.03,-85.08
35,-195,-25,40.93,-228.02,-73.68
35,-195,-15,41.3,-230.12,-62.08
35,-195,-5,41.69,-232.29,-50.25
35,-195,5,41.69,-232.29,50.25
35,-195,15,41.3,-230.12,62.08
35,-195,25,40.93,-228.02,73.68
35,-195,35,40.57,-226.03,85.08
35,-195,45,40.24,-224.18,96.27
35,-195,55,39.93,-222.49,107.27
35,-195,65,39.67,-220.99,118.1
35,-195,75,39.43,-219.7,128.77
35,-195,85,39.24,-218.63,139.3
35,-195,95,45.01,-250.78,80.37
35,-195,105,45.17,-251.65,94.5
35,-195,115,45.27,-252.24,108.8
35,-195,125,45.33,-252.54,123.26
35,-195,135,45.32,-252.49,137.9
35,-195,145,45.24,-252.07,152.74
35,-195,155,45.09,-251.19,167.83
35,-195,165,44.83,-249.76,183.27
35,-195,175,40.11,-223.48,226.69
35,-195,185,40.83,-227.48,234.08
35,-185,-195,40.64,-214.79,-245.81
35,-185,-185,39.79,-210.33,-238.39
35,-185,-175,39.26,-207.49,-229.77
35,-185,-165,38.88,-205.5,-220.64
35,-185,-155,45.69,-241.5,-165.33
35,-185,-145,45.81,-242.14,-150.43
35,-185,-135,45.86,-242.38,-135.71
35,-185,-125,45.83,-242.26,-121.15
35,-185,-115,45.75,-241.82,-106.73
35,-185,-105,38.37,-202.83,-161.66
35,-185,-95,38.5,-203.5,-151.42
35,-185,-85,38.68,-204.44,-141.06
35,-185,-75,38.9,-205.64,-130.58
35,-185,-65,39.18,-207.08,-119.96
35,-185,65,39.18,-207.08,119.96
35,-185,75,38.9,-205.64,130.58
35,-185,85,38.68,-204.44,141.06
35,-185,95,38.5,-203.5,151.42
35,-185,105,38.37,-202.83,161.66
35,-185,115,45.75,-241.82,106.73
35,-185,125,45.83,-242.26,121.15
35,-185,135,45.86,-242.38,135.71
35,-185,145,45.81,-242.14,150.43
35,-185,155,45.69,-241.5,165.33
35,-185,165,38.88,-205.5,220.64
35,-185,175,39.26,-207.49,229.77
35,-185,185,39.79,-210.33,238.39
35,-185,195,40.64,-214.79,245.81
35,-175,-205,40.56,-202.8,-256.94
35,-175,-195,39.53,-197.63,-249.65
35,-175,-185,38.87,-194.37,-241.04
35,-175,-175,38.41,-192.05,-231.89
35,-175,-165,38.07,-190.34,-222.44
35,-175,-155,37.82,-189.12,-212.8
35,-175,-145,46.41,-232.07,-148.62
35,-175,-135,46.43,-232.17,-133.97
35,-175,-125,37.55,-187.73,-183.18
35,-175,-115,37.58,-187.91,-173.13
35,-175,-105,37.68,-188.4,-163.0
35,-175,-95,37.83,-189.17,-152.79
35,-175,-85,38.04,-190.21,-142.48
35,-175,85,38.04,-190.21,142.48
35,-175,95,37.83,-189.17,152.79
35,-175,105,37.68,-188.4,163.0
35,-175,115,37.58,-187.91,173.13
35,-175,125,37.55,-187.73,183.18
35,-175,135,46.43,-232.17,133.97
35,-175,145,46.41,-232.07,148.62
35,-175,155,37.82,-189.12,212.8
35,-175,165,38.07,-190.34,222.44
35,-175,175,38.41,-192.05,231.89
35,-175,185,38.87,-194.37,241.04
35,-175,195,39.53,-197.63,249.65
35,-175,205,40.56,-202.8,256.94
35,-165,-215,40.69,-191.82,-267.41
35,-165,-205,39.34,-185.45,-260.54
35,-165,-195,38.53,-181.66,-251.97
35,-165,-185,37.96,-178.94,-242.82
35,-165,-175,37.53,-176.91,-233.35
35,-165,-165,37.21,-175.4,-223.7
35,-165,-155,36.97,-174.3,-213.93
35,-165,-145,36.82,-173.58,-204.06
35,-165,-135,36.74,-173.2,-194.13
35,-165,-125,36.73,-173.15,-184.14
35,-165,-115,36.78,-173.4,-174.1
35,-165,-105,36.9,-173.95,-164.0
35,-165,105,36.9,-173.95,164.0
35,-165,115,36.78,-173.4,174.1
35,-165,125,36.73,-173.15,184.14
35,-165,135,36.74,-173.2,194.13
35,-165,145,36.82,-173.58,204.06
35,-165,155,36.97,-174.3,213.93
35,-165,165,37.21,-175.4,223.7
35,-165,175,37.53,-176.91,233.35
35,-165,185,37.96,-178.94,242.82
35,-165,195,38.53,-181.66,251.97
35,-165,205,39.34,-185.45,260.54
35,-165,215,40.69,-191.82,267.41
35,-155,-215,39.27,-173.92,-271.09
35,-155,-205,38.26,-169.42,-262.63
35,-155,-195,37.54,-166.25,-253.48
35,-155,-185,37.0,-163.84,-243.99
35,-155,-175,36.58,-162.0,-234.31
35,-155,-165,36.26,-160.6,-224.51
35,-155,-155,36.04,-159.59,-214.64
35,-155,-145,35.89,-158.93,-204.71
35,-155,-135,35.81,-158.6,-194.74
35,-155,-125,35.81,-158.58,-184.74
35,-155,125,35.81,-158.58,184.74
35,-155,135,35.81,-158.6,194.74
35,-155,145,35.89,-158.93,204.71
35,-155,155,36.04,-159.59,214.64
35,-155,165,36.26,-160.6,224.51
35,-155,175,36.58,-162.0,234.31
35,-155,185,37.0,-163.84,243.99
35,-155,195,37.54,-166.25,253.48
35,-155,205,38.26,-169.42,262.63
35,-155,215,39.27,-173.92,271.09
35,-145,-225,39.42,-163.31,-281.26
35,-145,-215,38.08,-157.76,-273.05
35,-145,-205,37.18,-154.01,-263.93
35,-145,-195,36.49,-151.18,-254.41
35,-145,-185,35.96,-148.98,-244.69
35,-145,-175,35.54,-147.25,-234.84
35,-145,-165,35.23,-145.93,-224.93
35,-145,-155,34.99,-144.97,-214.97
35,-145,-145,34.84,-144.34,-204.98
35,-145,-135,34.77,-144.03,-194.99
35,-145,135,34.77,-144.03,194.99
35,-145,145,34.84,-144.34,204.98
35,-145,155,34.99,-144.97,214.97
35,-145,165,35.23,-145.93,224.93
35,-145,175,35.54,-147.25,234.84
35,-145,185,35.96,-148.98,244.69
35,-145,195,36.49,-151.18,254.41
35,-145,205,37.18,-154.01,263.93
35,-145,215,38.08,-157.76,273.05
35,-145,225,39.42,-163.31,281.26
35,-135,-235,40.0,-154.28,-290.79
35,-135,-225,38.06,-146.82,-283.25
35,-135,-215,36.9,-142.32,-274.21
35,-135,-205,36.04,-138.99,-264.67
35,-135,-195,35.36,-136.39,-254.89
35,-135,-185,34.82,-134.31,-244.98
35,-135,-175,34.39,-132.66,-235.0
35,-135,-165,34.06,-131.38,-224.98
35,-135,-155,33.82,-130.44,-214.95
35,-135,-145,33.66,-129.82,-204.92
35,-135,145,33.66,-129.82,204.92
35,-135,155,33.82,-130.44,214.95
35,-135,165,34.06,-131.38,224.98
35,-135,175,34.39,-132.66,235.0
35,-135,185,34.82,-134.31,244.98
35,-135,195,35.36,-136.39,254.89
35,-135,205,36.04,-138.99,264.67
35,-135,215,36.9,-142.32,274.21
35,-135,225,38.06,-146.82,283.25
35,-135,235,40.0,-154.28,290.79
35,-125,-235,38.33,-136.88,-293.18
35,-125,-225,36.76,-131.28,-284.34
35,-125,-215,35.65,-127.33,-274.81
35,-125,-205,34.8,-124.27,-264.98
35,-125,-195,34.11,-121.81,-254.99
35,-125,-185,33.55,-119.81,-244.92
35,-125,-175,33.1,-118.21,-234.81
35,-125,-165,32.74,-116.94,-224.7
35,-125,-155,32.48,-116.0,-214.59
35,-125,155,32.48,-116.0,214.59
35,-125,165,32.74,-116.94,224.7
35,-125,175,33.1,-118.21,234.81
35,-125,185,33.55,-119.81,244.92
35,-125,195,34.11,-121.81,254.99
35,-125,205,34.8,-124.27,264.98
35,-125,215,35.65,-127.33,274.81
35,-125,225,36.76,-131.28,284.34
35,-125,235,38.33,-136.88,293.18
35,-115,-245,39.2,-128.81,-302.56
35,-115,-235,36.85,-121.07,-294.34
35,-115,-225,35.39,-116.29,-284.88
35,-115,-215,34.29,-112.68,-275.0
35,-115,-205,33.42,-109.8,-264.93
35,-115,-195,32.7,-107.44,-254.76
35,-115,-185,32.11,-105.49,-244.54
35,-115,-175,31.62,-103.91,-234.31
35,-115,-165,31.24,-102.64,-224.09
35,-115,165,31.24,-102.64,224.09
35,-115,175,31.62,-103.91,234.31
35,-115,185,32.11,-105.49,244.54
35,-115,195,32.7,-107.44,254.76
35,-115,205,33.42,-109.8,264.93
35,-115,215,34.29,-112.68,275.0
35,-115,225,35.39,-116.29,284.88
35,-115,235,36.85,-121.07,294.34
35,-115,245,39.2,-128.81,302.56
35,-105,-245,37.36,-112.09,-304.12
35,-105,-235,35.33,-105.99,-294.88
35,-105,-225,33.9,-101.7,-285.0
35,-105,-215,32.78,-98.33,-274.85
35,-105,-205,31.86,-95.57,-264.57
35,-105,-195,31.09,-93.28,-254.23
35,-105,-185,30.46,-91.37,-243.86
35,-105,-175,29.93,-89.78,-233.51
35,-105,-165,29.5,-88.5,-223.18
35,-105,165,29.5,-88.5,223.18
35,-105,175,29.93,-89.78,233.51
35,-105,185,30.46,-91.37,243.86
35,-105,195,31.09,-93.28,254.23
35,-105,205,31.86,-95.57,264.57
35,-105,215,32.78,-98.33,274.85
35,-105,225,33.9,-101.7,285.0
35,-105,235,35.33,-105.99,294.88
35,-105,245,37.36,-112.09,304.12
35,-95,-255,39.07,-106.06,-313.15
35,-95,-245,35.63,-96.71,-304.81
35,-95,-235,33.68,-91.42,-294.99
35,-95,-225,32.22,-87.45,-284.79
35,-95,-215,31.04,-84.26,-274.4
35,-95,-205,30.06,-81.6,-263.93
35,-95,-195,29.24,-79.35,-253.42
35,-95,-185,28.54,-77.46,-242.91
35,-95,-175,27.95,-75.87,-232.43
35,-95,175,27.95,-75.87,232.43
35,-95,185,28.54,-77.46,242.91
35,-95,195,29.24,-79.35,253.42
35,-95,205,30.06,-81.6,263.93
35,-95,215,31.04,-84.26,274.4
35,-95,225,32.22,-87.45,284.79
35,-95,235,33.68,-91.42,294.99
35,-95,245,35.63,-96.71,304.81
35,-95,255,39.07,-106.06,313.15
35,-85,-255,36.73,-89.21,-314.48
35,-85,-245,33.78,-82.05,-305.0
35,-85,-235,31.82,-77.27,-294.79
35,-85,-225,30.28,-73.55,-284.31
35,-85,-215,29.02,-70.49,-273.71
35,-85,-205,27.96,-67.91,-263.05
35,-85,-195,27.06,-65.71,-252.38
35,-85,-185,26.28,-63.82,-241.72
35,-85,-175,25.62,-62.22,-231.09
35,-85,175,25.62,-62.22,231.09
35,-85,185,26.28,-63.82,241.72
35,-85,195,27.06,-65.71,252.38
35,-85,205,27.96,-67.91,263.05
35,-85,215,29.02,-70.49,273.71
35,-85,225,30.28,-73.55,284.31
35,-85,235,31.82,-77.27,294.79
35,-85,245,33.78,-82.05,305.0
35,-85,255,36.73,-89.21,314.48
35,-75,-255,34.56,-74.06,-314.94
35,-75,-245,31.7,-67.93,-304.86
35,-75,-235,29.65,-63.53,-294.33
35,-75,-225,28.01,-60.01,-283.61
35,-75,-215,26.63,-57.07,-272.81
35,-75,-205,25.46,-54.57,-261.97
35,-75,-195,24.46,-52.41,-251.12
35,-75,-185,23.58,-50.54,-240.3
35,-75,185,23.58,-50.54,240.3
35,-75,195,24.46,-52.41,251.12
35,-75,205,25.46,-54.57,261.97
35,-75,215,26.63,-57.07,272.81
35,-75,225,28.01,-60.01,283.61
35,-75,235,29.65,-63.53,294.33
35,-75,245,31.7,-67.93,304.86
35,-75,255,34.56,-74.06,314.94
35,-65,-255,32.2,-59.79,-314.98
35,-65,-245,29.26,-54.34,-304.47
35,-65,-235,27.06,-50.25,-293.67
35,-65,-225,25.26,-46.92,-282.73
35,-65,-215,23.75,-44.11,-271.73
35,-65,-205,22.44,-41.68,-260.7
35,-65,-195,21.31,-39.57,-249.68
35,-65,-185,20.31,-37.72,-238.68
35,-65,185,20.31,-37.72,238.68
35,-65,195,21.31,-39.57,249.68
35,-65,205,22.44,-41.68,260.7
35,-65,215,23.75,-44.11,271.73
35,-65,225,25.26,-46.92,282.73
35,-65,235,27.06,-50.25,293.67
35,-65,245,29.26,-54.34,304.47
35,-65,255,32.2,-59.79,314.98
35,-55,-265,34.46,-54.15,-324.88
35,-55,-255,29.44,-46.26,-314.74
35,-55,-245,26.31,-41.34,-303.9
35,-55,-235,23.9,-37.55,-292.85
35,-55,-225,21.9,-34.42,-281.7
35,-55,-215,20.2,-31.75,-270.51
35,-55,-205,18.73,-29.43,-259.3
35,-55,-195,17.43,-27.39,-248.1
35,-55,195,17.43,-27.39,248.1
35,-55,205,18.73,-29.43,259.3
35,-55,215,20.2,-31.75,270.51
35,-55,225,21.9,-34.42,281.7
35,-55,235,23.9,-37.55,292.85
35,-55,245,26.31,-41.34,303.9
35,-55,255,29.44,-46.26,314.74
35,-55,265,34.46,-54.15,324.88
35,-45,-265,31.2,-40.12,-325.0
35,-45,-255,26.09,-33.55,-314.32
35,-45,-245,22.67,-29.14,-303.21
35,-45,-235,19.98,-25.68,-291.93
35,-45,-225,17.73,-22.8,-280.58
35,-45,-215,15.8,-20.31,-269.2
35,-45,-205,14.11,-18.14,-257.8
35,-45,-195,12.62,-16.23,-246.42
35,-45,195,12.62,-16.23,246.42
35,-45,205,14.11,-18.14,257.8
35,-45,215,15.8,-20.31,269.2
35,-45,225,17.73,-22.8,280.58
35,-45,235,19.98,-25.68,291.93
35,-45,245,22.67,-29.14,303.21
35,-45,255,26.09,-33.55,314.32
35,-45,265,31.2,-40.12,325.0
35,-35,-265,27.45,-27.45,-324.85
35,-35,-255,21.97,-21.97,-313.8
35,-35,-245,18.15,-18.15,-302.44
35,-35,-235,15.11,-15.11,-290.96
35,-35,-225,12.55,-12.55,-279.42
35,-35,-215,10.33,-10.33,-267.85
35,-35,-205,8.39,-8.39,-256.28
35,-35,-195,6.66,-6.66,-244.72
35,-35,195,6.66,-6.66,244.72
35,-35,205,8.39,-8.39,256.28
35,-35,215,10.33,-10.33,267.85
35,-35,225,12.55,-12.55,279.42
35,-35,235,15.11,-15.11,290.96
35,-35,245,18.15,-18.15,302.44
35,-35,255,21.97,-21.97,313.8
35,-35,265,27.45,-27.45,324.85
35,-25,-265,23.05,-16.47,-324.59
35,-25,-255,17.04,-12.17,-313.24
35,-25,-245,12.74,-9.1,-301.67
35,-25,-235,9.28,-6.63,-290.01
35,-25,-225,6.35,-4.54,-278.3
35,-25,-215,3.82,-2.73,-266.57
35,-25,-205,1.58,-1.13,-254.83
35,-25,-195,-0.42,0.3,-243.1
35,-25,195,-0.42,0.3,243.1
35,-25,205,1.58,-1.13,254.83
35,-25,215,3.82,-2.73,266.57
35,-25,225,6.35,-4.54,278.3
35,-25,235,9.28,-6.63,290.01
35,-25,245,12.74,-9.1,301.67
35,-25,255,17.04,-12.17,313.24
35,-25,265,23.05,-16.47,324.59
35,-15,-265,18.42,-7.9,-324.3
35,-15,-255,11.82,-5.07,-312.75
35,-15,-245,7.03,-3.01,-301.01
35,-15,-235,3.15,-1.35,-289.21
35,-15,-225,-0.13,0.06,-277.36
35,-15,-215,-2.99,1.28,-265.49
35,-15,-205,-5.52,2.36,-253.62
35,-15,-195,-7.77,3.33,-241.75
35,-15,195,-7.77,3.33,241.75
35,-15,205,-5.52,2.36,253.62
35,-15,215,-2.99,1.28,265.49
35,-15,225,-0.13,0.06,277.36
35,-15,235,3.15,-1.35,289.21
35,-15,245,7.03,-3.01,301.01
35,-15,255,11.82,-5.07,312.75
35,-15,265,18.42,-7.9,324.3
35,-5,-265,15.08,-2.15,-324.12
35,-5,-255,8.06,-1.15,-312.44
35,-5,-245,2.94,-0.42,-300.61
35,-5,-235,-1.22,0.17,-288.72
35,-5,-225,-4.75,0.68,-276.79
35,-5,-215,-7.82,1.12,-264.85
35,-5,-205,-10.54,1.51,-252.89
35,-5,-195,-12.97,1.85,-240.93
35,-5,195,-12.97,1.85,240.93
35,-5,205,-10.54,1.51,252.89
35,-5,215,-7.82,1.12,264.85
35,-5,225,-4.75,0.68,276.79
35,-5,235,-1.22,0.17,288.72
35,-5,245,2.94,-0.42,300.61
35,-5,255,8.06,-1.15,312.44
35,-5,265,15.08,-2.15,324.12
35,5,-265,15.08,2.15,-324.12
35,5,-255,8.06,1.15,-312.44
35,5,-245,2.94,0.42,-300.61
35,5,-235,-1.22,-0.17,-288.72
35,5,-225,-4.75,-0.68,-276.79
35,5,-215,-7.82,-1.12,-264.85
35,5,-205,-10.54,-1.51,-252.89
35,5,-195,-12.97,-1.85,-240.93
35,5,195,-12.97,-1.85,240.93
35,5,205,-10.54,-1.51,252.89
35,5,215,-7.82,-1.12,264.85
35,5,225,-4.75,-0.68,276.79
35,5,235,-1.22,-0.17,288.72
35,5,245,2.94,0.42,300.61
35,5,255,8.06,1.15,312.44
35,5,265,15.08,2.15,324.12
35,15,-265,18.42,7.9,-324.3
35,15,-255,11.82,5.07,-312.75
35,15,-245,7.03,3.01,-301.01
35,15,-235,3.15,1.35,-289.21
35,15,-225,-0.13,-0.06,-277.36
35,15,-215,-2.99,-1.28,-265.49
35,15,-205,-5.52,-2.36,-253.62
35,15,-195,-7.77,-3.33,-241.75
35,15,195,-7.77,-3.33,241.75
35,15,205,-5.52,-2.36,253.62
35,15,215,-2.99,-1.28,265.49
35,15,225,-0.13,-0.06,277.36
35,15,235,3.15,1.35,289.21
35,15,245,7.03,3.01,301.01
35,15,255,11.82,5.07,312.75
35,15,265,18.42,7.9,324.3
35,25,-265,23.05,16.47,-324.59
35,25,-255,17.04,12.17,-313.24
35,25,-245,12.74,9.1,-301.67
35,25,-235,9.28,6.63,-290.01
35,25,-225,6.35,4.54,-278.3
35,25,-215,3.82,2.73,-266.57
35,25,-205,1.58,1.13,-254.83
35,25,-195,-0.42,-0.3,-243.1
35,25,195,-0.42,-0.3,243.1
35,25,205,1.58,1.13,254.83
35,25,215,3.82,2.73,266.57
35,25,225,6.35,4.54,278.3
35,25,235,9.28,6.63,290.01
35,25,245,12.74,9.1,301.67
35,25,255,17.04,12.17,313.24
35,25,265,23.05,16.47,324.59
35,35,-265,27.45,27.45,-324.85
35,35,-255,21.97,21.97,-313.8
35,35,-245,18.15,18.15,-302.44
35,35,-235,15.11,15.11,-290.96
35,35,-225,12.55,12.55,-279.42
35,35,-215,10.33,10.33,-267.85
35,35,-205,8.39,8.39,-256.28
35,35,-195,6.66,6.66,-244.72
35,35,195,6.66,6.66,244.72
35,35,205,8.39,8.39,256.28
35,35,215,10.33,10.33,267.85
35,35,225,12.55,12.55,279.42
35,35,235,15.11,15.11,290.96
35,35,245,18.15,18.15,302.44
35,35,255,21.97,21.97,313.8
35,35,265,27.45,27.45,324.85
35,45,-265,31.2,40.12,-325.0
35,45,-255,26.09,33.55,-314.32
35,45,-245,22.67,29.14,-303.21
35,45,-235,19.98,25.68,-291.93
35,45,-225,17.73,22.8,-280.58
35,45,-215,15.8,20.31,-269.2
35,45,-205,14.11,18.14,-257.8
35,45,-195,12.62,16.23,-246.42
35,45,195,12.62,16.23,246.42
35,45,205,14.11,18.14,257.8
35,45,215,15.8,20.31,269.2
35,45,225,17.73,22.8,280.58
35,45,235,19.98,25.68,291.93
35,45,245,22.67,29.14,303.21
35,45,255,26.09,33.55,314.32
35,45,265,31.2,40.12,325.0
35,55,-265,34.46,54.15,-324.88
35,55,-255,29.44,46.26,-314.74
35,55,-245,26.31,41.34,-303.9
35,55,-235,23.9,37.55,-292.85
35,55,-225,21.9,34.42,-281.7
35,55,-215,20.2,31.75,-270.51
35,55,-205,18.73,29.43,-259.3
35,55,-195,17.43,27.39,-248.1
35,55,195,17.43,27.39,248.1
35,55,205,18.73,29.43,259.3
35,55,215,20.2,31.75,270.51
35,55,225,21.9,34.42,281.7
35,55,235,23.9,37.55,292.85
35,55,245,26.31,41.34,303.9
35,55,255,29.44,46.26,314.74
35,55,265,34.46,54.15,324.88
35,65,-255,32.2,59.79,-314.98
35,65,-245,29.26,54.34,-304.47
35,65,-235,27.06,50.25,-293.67
35,65,-225,25.26,46.92,-282.73
35,65,-215,23.75,44.11,-271.73
35,65,-205,22.44,41.68,-260.7
35,65,-195,21.31,39.57,-249.68
35,65,-185,20.31,37.72,-238.68
35,65,185,20.31,37.72,238.68
35,65,195,21.31,39.57,249.68
35,65,205,22.44,41.68,260.7
35,65,215,23.75,44.11,271.73
35,65,225,25.26,46.92,282.73
35,65,235,27.06,50.25,293.67
35,65,245,29.26,54.34,304.47
35,65,255,32.2,59.79,314.98
35,75,-255,34.56,74.06,-314.94
35,75,-245,31.7,67.93,-304.86
35,75,-235,29.65,63.53,-294.33
35,75,-225,28.01,60.01,-283.61
35,75,-215,26.63,57.07,-272.81
35,75,-205,25.46,54.57,-261.97
35,75,-195,24.46,52.41,-251.12
35,75,-185,23.58,50.54,-240.3
35,75,185,23.58,50.54,240.3
35,75,195,24.46,52.41,251.12
35,75,205,25.46,54.57,261.97
35,75,215,26.63,57.07,272.81
35,75,225,28.01,60.01,283.61
35,75,235,29.65,63.53,294.33
35,75,245,31.7,67.93,304.86
35,75,255,34.56,74.06,314.94
35,85,-255,36.73,89.21,-314.48
35,85,-245,33.78,82.05,-305.0
35,85,-235,31.82,77.27,-294.79
35,85,-225,30.28,73.55,-284.31
35,85,-215,29.02,70.49,-273.71
35,85,-205,27.96,67.91,-263.05
35,85,-195,27.06,65.71,-252.38
35,85,-185,26.28,63.82,-241.72
35,85,-175,25.62,62.22,-231.09
35,85,175,25.62,62.22,231.09
35,85,185,26.28,63.82,241.72
35,85,195,27.06,65.71,252.38
35,85,205,27.96,67.91,263.05
35,85,215,29.02,70.49,273.71
35,85,225,30.28,73.55,284.31
35,85,235,31.82,77.27,294.79
35,85,245,33.78,82.05,305.0
35,85,255,36.73,89.21,314.48
35,95,-255,39.07,106.06,-313.15
35,95,-245,35.63,96.71,-304.81
35,95,-235,33.68,91.42,-294.99
35,95,-225,32.22,87.45,-284.79
35,95,-215,31.04,84.26,-274.4
35,95,-205,30.06,81.6,-263.93
35,95,-195,29.24,79.35,-253.42
35,95,-185,28.54,77.46,-242.91
35,95,-175,27.95,75.87,-232.43
35,95,175,27.95,75.87,232.43
35,95,185,28.54,77.46,242.91
35,95,195,29.24,79.35,253.42
35,95,205,30.06,81.6,263.93
35,95,215,31.04,84.26,274.4
35,95,225,32.22,87.45,284.79
35,95,235,33.68,91.42,294.99
35,95,245,35.63,96.71,304.81
35,95,255,39.07,106.06,313.15
35,105,-245,37.36,112.09,-304.12
35,105,-235,35.33,105.99,-294.88
35,105,-225,33.9,101.7,-285.0
35,105,-215,32.78,98.33,-274.85
35,105,-205,31.86,95.57,-264.57
35,105,-195,31.09,93.28,-254.23
35,105,-185,30.46,91.37,-243.86
35,105,-175,29.93,89.78,-233.51
35,105,-165,29.5,88.5,-223.18
35,105,165,29.5,88.5,223.18
35,105,175,29.93,89.78,233.51
35,105,185,30.46,91.37,243.86
35,105,195,31.09,93.28,254.23
35,105,205,31.86,95.57,264.57
35,105,215,32.78,98.33,274.85
35,105,225,33.9,101.7,285.0
35,105,235,35.33,105.99,294.88
35,105,245,37.36,112.09,304.12
35,115,-245,39.2,128.81,-302.56
35,115,-235,36.85,121.07,-294.34
35,115,-225,35.39,116.29,-284.88
35,115,-215,34.29,112.68,-275.0
35,115,-205,33.42,109.8,-264.93
35,115,-195,32.7,107.44,-254.76
35,115,-185,32.11,105.49,-244.54
35,115,-175,31.62,103.91,-234.31
35,115,-165,31.24,102.64,-224.09
35,115,165,31.24,102.64,224.09
35,115,175,31.62,103.91,234.31
35,115,185,32.11,105.49,244.54
35,115,195,32.7,107.44,254.76
35,115,205,33.42,109.8,264.93
35,115,215,34.29,112.68,275.0
35,115,225,35.39,116.29,284.88
35,115,235,36.85,121.07,294.34
35,115,245,39.2,128.81,302.56
35,125,-235,38.33,136.88,-293.18
35,125,-225,36.76,131.28,-284.34
35,125,-215,35.65,127.33,-274.81
35,125,-205,34.8,124.27,-264.98
35,125,-195,34.11,121.81,-254.99
35,125,-185,33.55,119.81,-244.92
35,125,-175,33.1,118.21,-234.81
35,125,-165,32.74,116.94,-224.7
35,125,-155,32.48,116.0,-214.59
35,125,155,32.48,116.0,214.59
35,125,165,32.74,116.94,224.7
35,125,175,33.1,118.21,234.81
35,125,185,33.55,119.81,244.92
35,125,195,34.11,121.81,254.99
35,125,205,34.8,124.27,264.98
35,125,215,35.65,127.33,274.81
35,125,225,36.76,131.28,284.34
35,125,235,38.33,136.88,293.18
35,135,-235,40.0,154.28,-290.79
35,135,-225,38.06,146.82,-283.25
35,135,-215,36.9,142.32,-274.21
35,135,-205,36.04,138.99,-264.67
35,135,-195,35.36,136.39,-254.89
35,135,-185,34.82,134.31,-244.98
35,135,-175,34.39,132.66,-235.0
35,135,-165,34.06,131.38,-224.98
35,135,-155,33.82,130.44,-214.95
35,135,-145,33.66,129.82,-204.92
35,135,145,33.66,129.82,204.92
35,135,155,33.82,130.44,214.95
35,135,165,34.06,131.38,224.98
35,135,175,34.39,132.66,235.0
35,135,185,34.82,134.31,244.98
35,135,195,35.36,136.39,254.89
35,135,205,36.04,138.99,264.67
35,135,215,36.9,142.32,274.21
35,135,225,38.06,146.82,283.25
35,135,235,40.0,154.28,290.79
35,145,-225,39.42,163.31,-281.26
35,145,-215,38.08,157.76,-273.05
35,145,-205,37.18,154.01,-263.93
35,145,-195,36.49,151.18,-254.41
35,145,-185,35.96,148.98,-244.69
35,145,-175,35.54,147.25,-234.84
35,145,-165,35.23,145.93,-224.93
35,145,-155,34.99,144.97,-214.97
35,145,-145,34.84,144.34,-204.98
35,145,-135,34.77,144.03,-194.99
35,145,135,34.77,144.03,194.99
35,145,145,34.84,144.34,204.98
35,145,155,34.99,144.97,214.97
35,145,165,35.23,145.93,224.93
35,145,175,35.54,147.25,234.84
35,145,185,35.96,148.98,244.69
35,145,195,36.49,151.18,254.41
35,145,205,37.18,154.01,263.93
35,145,215,38.08,157.76,273.05
35,145,225,39.42,163.31,281.26
35,155,-215,39.27,173.92,-271.09
35,155,-205,38.26,169.42,-262.63
35,155,-195,37.54,166.25,-253.48
35,155,-185,37.0,163.84,-243.99
35,155,-175,36.58,162.0,-234.31
35,155,-165,36.26,160.6,-224.51
35,155,-155,36.04,159.59,-214.64
35,155,-145,35.89,158.93,-204.71
35,155,-135,35.81,158.6,-194.74
35,155,-125,35.81,158.58,-184.74
35,155,125,35.81,158.58,184.74
35,155,135,35.81,158.6,194.74
35,155,145,35.89,158.93,204.71
35,155,155,36.04,159.59,214.64
35,155,165,36.26,160.6,224.51
35,155,175,36.58,162.0,234.31
35,155,185,37.0,163.84,243.99
35,155,195,37.54,166.25,253.48
35,155,205,38.26,169.42,262.63
35,155,215,39.27,173.92,271.09
35,165,-215,40.69,191.82,-267.41
35,165,-205,39.34,185.45,-260.54
35,165,-195,38.53,181.66,-251.97
35,165,-185,37.96,178.94,-242.82
35,165,-175,37.53,176.91,-233.35
35,165,-165,37.21,175.4,-223.7
35,165,-155,36.97,174.3,-213.93
35,165,-145,36.82,173.58,-204.06
35,165,-135,36.74,173.2,-194.13
35,165,-125,36.73,173.15,-184.14
35,165,-115,36.78,173.4,-174.1
35,165,-105,36.9,173.95,-164.0
35,165,105,36.9,173.95,164.0
35,165,115,36.78,173.4,174.1
35,165,125,36.73,173.15,184.14
35,165,135,36.74,173.2,194.13
35,165,145,36.82,173.58,204.06
35,165,155,36.97,174.3,213.93
35,165,165,37.21,175.4,223.7
35,165,175,37.53,176.91,233.35
35,165,185,37.96,178.94,242.82
35,165,195,38.53,181.66,251.97
35,165,205,39.34,185.45,260.54
35,165,215,40.69,191.82,267.41
35,175,-205,40.56,202.8,-256.94
35,175,-195,39.53,197.63,-249.65
35,175,-185,38.87,194.37,-241.04
35,175,-175,38.41,192.05,-231.89
35,175,-165,38.07,190.34,-222.44
35,175,-155,37.82,189.12,-212.8
35,175,-145,46.41,232.07,-148.62
35,175,-135,46.43,232.17,-133.97
35,175,-125,37.55,187.73,-183.18
35,175,-115,37.58,187.91,-173.13
35,175,-105,37.68,188.4,-163.0
35,175,-95,37.83,189.17,-152.79
35,175,-85,38.04,190.21,-142.48
35,175,85,38.04,190.21,142.48
35,175,95,37.83,189.17,152.79
35,175,105,37.68,188.4,163.0
35,175,115,37.58,187.91,173.13
35,175,125,37.55,187.73,183.18
35,175,135,46.43,232.17,133.97
35,175,145,46.41,232.07,148.62
35,175,155,37.82,189.12,212.8
35,175,165,38.07,190.34,222.44
35,175,175,38.41,192.05,231.89
35,175,185,38.87,194.37,241.04
35,175,195,39.53,197.63,249.65
35,175,205,40.56,202.8,256.94
35,185,-195,40.64,214.79,-245.81
35,185,-185,39.79,210.33,-238.39
35,185,-175,39.26,207.49,-229.77
35,185,-165,38.88,205.5,-220.64
35,185,-155,45.69,241.5,-165.33
35,185,-145,45.81,242.14,-150.43
35,185,-135,45.86,242.38,-135.71
35,185,-125,45.83,242.26,-121.15
35,185,-115,45.75,241.82,-106.73
35,185,-105,38.37,202.83,-161.66
35,185,-95,38.5,203.5,-151.42
35,185,-85,38.68,204.44,-141.06
35,185,-75,38.9,205.64,-130.58
35,185,-65,39.18,207.08,-119.96
35,185,65,39.18,207.08,119.96
35,185,75,38.9,205.64,130.58
35,185,85,38.68,204.44,141.06
35,185,95,38.5,203.5,151.42
35,185,105,38.37,202.83,161.66
35,185,115,45.75,241.82,106.73
35,185,125,45.83,242.26,121.15
35,185,135,45.86,242.38,135.71
35,185,145,45.81,242.14,150.43
35,185,155,45.69,241.5,165.33
35,185,165,38.88,205.5,220.64
35,185,175,39.26,207.49,229.77
35,185,185,39.79,210.33,238.39
35,185,195,40.64,214.79,245.81
35,195,-185,40.83,227.48,-234.08
35,195,-175,40.11,223.48,-226.69
35,195,-165,44.83,249.76,-183.27
35,195,-155,45.09,251.19,-167.83
35,195,-145,45.24,252.07,-152.74
35,195,-135,45.32,252.49,-137.9
35,195,-125,45.33,252.54,-123.26
35,195,-115,45.27,252.24,-108.8
35,195,-105,45.17,251.65,-94.5
35,195,-95,45.01,250.78,-80.37
35,195,-85,39.24,218.63,-139.3
35,195,-75,39.43,219.7,-128.77
35,195,-65,39.67,220.99,-118.1
35,195,-55,39.93,222.49,-107.27
35,195,-45,40.24,224.18,-96.27
35,195,-35,40.57,226.03,-85.08
35,195,-25,40.93,228.02,-73.68
35,195,-15,41.3,230.12,-62.08
35,195,-5,41.69,232.29,-50.25
35,195,5,41.69,232.29,50.25
35,195,15,41.3,230.12,62.08
35,195,25,40.93,228.02,73.68
35,195,35,40.57,226.03,85.08
35,195,45,40.24,224.18,96.27
35,195,55,39.93,222.49,107.27
35,195,65,39.67,220.99,118.1
35,195,75,39.43,219.7,128.77
35,195,85,39.24,218.63,139.3
35,195,95,45.01,250.78,80.37
35,195,105,45.17,251.65,94.5
35,195,115,45.27,252.24,108.8
35,195,125,45.33,252.54,123.26
35,195,135,45.32,252.49,137.9
35,195,145,45.24,252.07,152.74
35,195,155,45.09,251.19,167.83
35,195,165,44.83,249.76,183.27
35,195,175,40.11,223.48,226.69
35,195,185,40.83,227.48,234.08
35,205,-175,43.54,255.02,-204.59
35,205,-165,44.14,258.53,-187.18
35,205,-155,44.48,260.54,-171.12
35,205,-145,44.69,261.77,-155.68
35,205,-135,44.81,262.46,-140.63
35,205,-125,44.85,262.71,-125.85
35,205,-115,44.83,262.6,-111.3
35,205,-105,44.76,262.18,-96.96
35,205,-95,44.64,261.48,-82.8
35,205,-85,44.48,260.53,-68.83
35,205,-75,44.28,259.35,-55.04
35,205,-65,44.04,257.97,-41.45
35,205,-55,40.33,236.2,-105.04
35,205,-45,40.59,237.72,-93.99
35,205,-35,40.87,239.38,-82.76
35,205,-25,41.18,241.17,-71.32
35,205,-15,41.5,243.06,-59.67
35,205,-5,41.83,245.01,-47.81
35,205,5,41.83,245.01,47.81
35,205,15,41.5,243.06,59.67
35,205,25,41.18,241.17,71.32
35,205,35,40.87,239.38,82.76
35,205,45,40.59,237.72,93.99
35,205,55,40.33,236.2,105.04
35,205,65,44.04,257.97,41.45
35,205,75,44.28,259.35,55.04
35,205,85,44.48,260.53,68.83
35,205,95,44.64,261.48,82.8
35,205,105,44.76,262.18,96.96
35,205,115,44.83,262.6,111.3
35,205,125,44.85,262.71,125.85
35,205,135,44.81,262.46,140.63
35,205,145,44.69,261.77,155.68
35,205,155,44.48,260.54,171.12
35,205,165,44.14,258.53,187.18
35,205,175,43.54,255.02,204.59
35,215,-165,43.24,265.62,-193.74
35,215,-155,43.82,269.19,-175.78
35,215,-145,44.13,271.08,-159.58
35,215,-135,44.31,272.17,-144.1
35,215,-125,44.4,272.72,-129.07
35,215,-115,44.42,272.85,-114.35
35,215,-105,44.38,272.64,-99.9
35,215,-95,44.3,272.14,-85.67
35,215,-85,44.18,271.37,-71.65
35,215,-75,44.02,270.38,-57.84
35,215,-65,43.82,269.2,-44.23
35,215,-55,43.6,267.84,-30.83
35,215,-45,43.36,266.34,-17.64
35,215,-35,43.1,264.73,-4.66
35,215,-25,42.82,263.03,8.1
35,215,-15,42.53,261.27,20.65
35,215,-5,42.24,259.49,32.97
35,215,5,42.24,259.49,-32.97
35,215,15,42.53,261.27,-20.65
35,215,25,42.82,263.03,-8.1
35,215,35,43.1,264.73,4.66
35,215,45,43.36,266.34,17.64
35,215,55,43.6,267.84,30.83
35,215,65,43.82,269.2,44.23
35,215,75,44.02,270.38,57.84
35,215,85,44.18,271.37,71.65
35,215,95,44.3,272.14,85.67
35,215,105,44.38,272.64,99.9
35,215,115,44.42,272.85,114.35
35,215,125,44.4,272.72,129.07
35,215,135,44.31,272.17,144.1
35,215,145,44.13,271.08,159.58
35,215,155,43.82,269.19,175.78
35,215,165,43.24,265.62,193.74
35,225,-145,43.47,279.48,-165.32
35,225,-135,43.77,281.4,-148.79
35,225,-125,43.93,282.42,-133.2
35,225,-115,44.01,282.9,-118.15
35,225,-105,44.02,282.96,-103.48
35,225,-95,43.97,282.69,-89.11
35,225,-85,43.89,282.15,-74.99
35,225,-75,43.77,281.37,-61.12
35,225,-65,43.62,280.39,-47.46
35,225,-55,43.44,279.24,-34.03
35,225,-45,43.24,277.95,-20.81
35,225,-35,43.02,276.55,-7.82
35,225,-25,42.79,275.06,4.96
35,225,-15,42.55,273.52,17.52
35,225,-5,42.3,271.95,29.86
35,225,5,42.3,271.95,-29.86
35,225,15,42.55,273.52,-17.52
35,225,25,42.79,275.06,-4.96
35,225,35,43.02,276.55,7.82
35,225,45,43.24,277.95,20.81
35,225,55,43.44,279.24,34.03
35,225,65,43.62,280.39,47.46
35,225,75,43.77,281.37,61.12
35,225,85,43.89,282.15,74.99
35,225,95,43.97,282.69,89.11
35,225,105,44.02,282.96,103.48
35,225,115,44.01,282.9,118.15
35,225,125,43.93,282.42,133.2
35,225,135,43.77,281.4,148.79
35,225,145,43.47,279.48,165.32
35,235,-135,43.06,289.14,-156.54
35,235,-125,43.41,291.44,-139.06
35,235,-115,43.57,292.54,-123.19
35,235,-105,43.64,293.02,-108.04
35,235,-95,43.65,293.07,-93.37
35,235,-85,43.61,292.8,-79.05
35,235,-75,43.53,292.27,-65.03
35,235,-65,43.42,291.52,-51.28
35,235,-55,43.28,290.59,-37.77
35,235,-45,43.12,289.52,-24.5
35,235,-35,42.94,288.34,-11.46
35,235,-25,42.75,287.07,1.35
35,235,-15,42.56,285.74,13.93
35,235,-5,42.36,284.38,26.29
35,235,5,42.36,284.38,-26.29
35,235,15,42.56,285.74,-13.93
35,235,25,42.75,287.07,-1.35
35,235,35,42.94,288.34,11.46
35,235,45,43.12,289.52,24.5
35,235,55,43.28,290.59,37.77
35,235,65,43.42,291.52,51.28
35,235,75,43.53,292.27,65.03
35,235,85,43.61,292.8,79.05
35,235,95,43.65,293.07,93.37
35,235,105,43.64,293.02,108.04
35,235,115,43.57,292.54,123.19
35,235,125,43.41,291.44,139.06
35,235,135,43.06,289.14,156.54
35,245,-115,42.99,300.95,-131.32
35,245,-105,43.21,302.44,-114.52
35,245,-95,43.29,303.06,-99.04
35,245,-85,43.31,303.19,-84.25
35,245,-75,43.28,302.98,-69.92
35,245,-65,43.22,302.51,-55.95
35,245,-55,43.12,301.85,-42.29
35,245,-45,43.0,301.02,-28.91
35,245,-35,42.87,300.07,-15.8
35,245,-25,42.72,299.03,-2.93
35,245,-15,42.56,297.93,9.7
35,245,-5,42.4,296.8,22.08
35,245,5,42.4,296.8,-22.08
35,245,15,42.56,297.93,-9.7
35,245,25,42.72,299.03,2.93
35,245,35,42.87,300.07,15.8
35,245,45,43.0,301.02,28.91
35,245,55,43.12,301.85,42.29
35,245,65,43.22,302.51,55.95
35,245,75,43.28,302.98,69.92
35,245,85,43.31,303.19,84.25
35,245,95,43.29,303.06,99.04
35,245,105,43.21,302.44,114.52
35,245,115,42.99,300.95,131.32
35,255,-95,42.77,311.63,-109.05
35,255,-85,42.94,312.88,-92.04
35,255,-75,43.0,313.26,-76.72
35,255,-65,42.99,313.22,-62.18
35,255,-55,42.95,312.9,-48.15
35,255,-45,42.87,312.37,-34.52
35,255,-35,42.78,311.7,-21.23
35,255,-25,42.68,310.92,-8.24
35,255,-15,42.56,310.07,4.46
35,255,-5,42.44,309.19,16.89
35,255,5,42.44,309.19,-16.89
35,255,15,42.56,310.07,-4.46
35,255,25,42.68,310.92,8.24
35,255,35,42.78,311.7,21.23
35,255,45,42.87,312.37,34.52
35,255,55,42.95,312.9,48.15
35,255,65,42.99,313.22,62.18
35,255,75,43.0,313.26,76.72
35,255,85,42.94,312.88,92.04
35,255,95,42.77,311.63,109.05
35,265,-55,42.7,323.31,-57.54
35,265,-45,42.7,323.33,-42.88
35,265,-35,42.67,323.07,-29.0
35,265,-25,42.61,322.64,-15.66
35,265,-15,42.54,322.11,-2.74
35,265,-5,42.47,321.53,9.79
35,265,5,42.47,321.53,-9.79
35,265,15,42.54,322.11,2.74
35,265,25,42.61,322.64,15.66
35,265,35,42.67,323.07,29.0
35,265,45,42.7,323.33,42.88
35,265,55,42.7,323.31,57.54
45,-265,-55,54.48,-320.81,-56.52
45,-265,-45,54.47,-320.76,-42.04
45,-265,-35,54.42,-320.46,-28.26
45,-265,-25,54.34,-320.0,-14.96
45,-265,-15,54.24,-319.44,-2.08
45,-265,-5,54.14,-318.84,10.45
45,-265,5,54.14,-318.84,-10.45
45,-265,15,54.24,-319.44,2.08
45,-265,25,54.34,-320.0,14.96
45,-265,35,54.42,-320.46,28.26
45,-265,45,54.47,-320.76,42.04
45,-265,55,54.48,-320.81,56.52
45,-255,-85,54.76,-310.32,-91.23
45,-255,-75,54.82,-310.63,-76.06
45,-255,-65,54.8,-310.55,-61.6
45,-255,-55,54.74,-310.19,-47.62
45,-255,-45,54.64,-309.64,-34.02
45,-255,-35,54.52,-308.95,-20.74
45,-255,-25,54.38,-308.15,-7.77
45,-255,-15,54.23,-307.29,4.93
45,-255,-5,54.07,-306.39,17.35
45,-255,5,54.07,-306.39,-17.35
45,-255,15,54.23,-307.29,-4.93
45,-255,25,54.38,-308.15,7.77
45,-255,35,54.52,-308.95,20.74
45,-255,45,54.64,-309.64,34.02
45,-255,55,54.74,-310.19,47.62
45,-255,65,54.8,-310.55,61.6
45,-255,75,54.82,-310.63,76.06
45,-255,85,54.76,-310.32,91.23
45,-245,-115,54.82,-298.46,-130.37
45,-245,-105,55.06,-299.79,-113.86
45,-245,-95,55.16,-300.33,-98.5
45,-245,-85,55.18,-300.42,-83.76
45,-245,-75,55.14,-300.18,-69.47
45,-245,-65,55.05,-299.69,-55.53
45,-245,-55,54.92,-299.01,-41.88
45,-245,-45,54.76,-298.16,-28.52
45,-245,-35,54.59,-297.2,-15.41
45,-245,-25,54.39,-296.15,-2.55
45,-245,-15,54.19,-295.03,10.07
45,-245,-5,53.98,-293.89,22.46
45,-245,5,53.98,-293.89,-22.46
45,-245,15,54.19,-295.03,-10.07
45,-245,25,54.39,-296.15,2.55
45,-245,35,54.59,-297.2,15.41
45,-245,45,54.76,-298.16,28.52
45,-245,55,54.92,-299.01,41.88
45,-245,65,55.05,-299.69,55.53
45,-245,75,55.14,-300.18,69.47
45,-245,85,55.18,-300.42,83.76
45,-245,95,55.16,-300.33,98.5
45,-245,105,55.06,-299.79,113.86
45,-245,115,54.82,-298.46,130.37
45,-235,-135,54.89,-286.63,-155.58
45,-235,-125,55.28,-288.71,-138.44
45,-235,-115,55.48,-289.72,-122.69
45,-235,-105,55.56,-290.15,-107.6
45,-235,-95,55.56,-290.17,-92.96
45,-235,-85,55.51,-289.88,-78.67
45,-235,-75,55.4,-289.32,-64.66
45,-235,-65,55.26,-288.56,-50.92
45,-235,-55,55.08,-287.62,-37.42
45,-235,-45,54.87,-286.54,-24.16
45,-235,-35,54.64,-285.34,-11.13
45,-235,-25,54.39,-284.06,1.68
45,-235,-15,54.14,-282.72,14.26
45,-235,-5,53.88,-281.36,26.62
45,-235,5,53.88,-281.36,-26.62
45,-235,15,54.14,-282.72,-14.26
45,-235,25,54.39,-284.06,-1.68
45,-235,35,54.64,-285.34,11.13
45,-235,45,54.87,-286.54,24.16
45,-235,55,55.08,-287.62,37.42
45,-235,65,55.26,-288.56,50.92
45,-235,75,55.4,-289.32,64.66
45,-235,85,55.51,-289.88,78.67
45,-235,95,55.56,-290.17,92.96
45,-235,105,55.56,-290.15,107.6
45,-235,115,55.48,-289.72,122.69
45,-235,125,55.28,-288.71,138.44
45,-235,135,54.89,-286.63,155.58
45,-225,-145,55.34,-276.7,-164.67
45,-225,-135,55.7,-278.49,-148.3
45,-225,-125,55.89,-279.46,-132.78
45,-225,-115,55.98,-279.89,-117.78
45,-225,-105,55.99,-279.93,-103.13
45,-225,-95,55.93,-279.64,-88.77
45,-225,-85,55.82,-279.08,-74.67
45,-225,-75,55.66,-278.28,-60.8
45,-225,-65,55.46,-277.29,-47.15
45,-225,-55,55.23,-276.13,-33.73
45,-225,-45,54.97,-274.83,-20.51
45,-225,-35,54.68,-273.42,-7.52
45,-225,-25,54.39,-271.93,5.26
45,-225,-15,54.08,-270.38,17.82
45,-225,-5,53.76,-268.8,30.16
45,-225,5,53.76,-268.8,-30.16
45,-225,15,54.08,-270.38,-17.82
45,-225,25,54.39,-271.93,-5.26
45,-225,35,54.68,-273.42,7.52
45,-225,45,54.97,-274.83,20.51
45,-225,55,55.23,-276.13,33.73
45,-225,65,55.46,-277.29,47.15
45,-225,75,55.66,-278.28,60.8
45,-225,85,55.82,-279.08,74.67
45,-225,95,55.93,-279.64,88.77
45,-225,105,55.99,-279.93,103.13
45,-225,115,55.98,-279.89,117.78
45,-225,125,55.89,-279.46,132.78
45,-225,135,55.7,-278.49,148.3
45,-225,145,55.34,-276.7,164.67
45,-215,-165,55.04,-262.96,-192.87
45,-215,-155,55.72,-266.23,-175.25
45,-215,-145,56.1,-268.02,-159.16
45,-215,-135,56.31,-269.05,-143.74
45,-215,-125,56.42,-269.57,-128.73
45,-215,-115,56.44,-269.67,-114.04
45,-215,-105,56.39,-269.44,-99.6
45,-215,-95,56.29,-268.92,-85.38
45,-215,-85,56.12,-268.14,-71.37
45,-215,-75,55.91,-267.14,-57.56
45,-215,-65,55.66,-265.95,-43.96
45,-215,-55,55.38,-264.59,-30.56
45,-215,-45,55.06,-263.08,-17.37
45,-215,-35,54.72,-261.46,-4.39
45,-215,-25,52.53,-250.98,-68.9
45,-215,-15,52.88,-252.67,-57.23
45,-215,-5,53.25,-254.42,-45.35
45,-215,5,53.25,-254.42,45.35
45,-215,15,52.88,-252.67,57.23
45,-215,25,52.53,-250.98,68.9
45,-215,35,54.72,-261.46,4.39
45,-215,45,55.06,-263.08,17.37
45,-215,55,55.38,-264.59,30.56
45,-215,65,55.66,-265.95,43.96
45,-215,75,55.91,-267.14,57.56
45,-215,85,56.12,-268.14,71.37
45,-215,95,56.29,-268.92,85.38
45,-215,105,56.39,-269.44,99.6
45,-215,115,56.44,-269.67,114.04
45,-215,125,56.42,-269.57,128.73
45,-215,135,56.31,-269.05,143.74
45,-215,145,56.1,-268.02,159.16
45,-215,155,55.72,-266.23,175.25
45,-215,165,55.04,-262.96,192.87
45,-205,-175,51.99,-236.83,-222.3
45,-205,-165,56.06,-255.4,-186.73
45,-205,-155,56.48,-257.32,-170.76
45,-205,-145,56.74,-258.49,-155.36
45,-205,-135,56.88,-259.14,-140.33
45,-205,-125,56.93,-259.37,-125.57
45,-205,-115,56.91,-259.24,-111.04
45,-205,-105,56.81,-258.81,-96.7
45,-205,-95,56.66,-258.1,-82.54
45,-205,-85,56.44,-257.13,-68.57
45,-205,-75,56.18,-255.95,-54.79
45,-205,-65,50.8,-231.41,-116.14
45,-205,-55,51.09,-232.75,-105.28
45,-205,-45,51.42,-234.27,-94.23
45,-205,-35,51.79,-235.94,-83.0
45,-205,-25,52.18,-237.73,-71.56
45,-205,-15,52.6,-239.62,-59.92
45,-205,-5,53.03,-241.58,-48.06
45,-205,5,53.03,-241.58,48.06
45,-205,15,52.6,-239.62,59.92
45,-205,25,52.18,-237.73,71.56
45,-205,35,51.79,-235.94,83.0
45,-205,45,51.42,-234.27,94.23
45,-205,55,51.09,-232.75,105.28
45,-205,65,50.8,-231.41,116.14
45,-205,75,56.18,-255.95,54.79
45,-205,85,56.44,-257.13,68.57
45,-205,95,56.66,-258.1,82.54
45,-205,105,56.81,-258.81,96.7
45,-205,115,56.91,-259.24,111.04
45,-205,125,56.93,-259.37,125.57
45,-205,135,56.88,-259.14,140.33
45,-205,145,56.74,-258.49,155.36
45,-205,155,56.48,-257.32,170.76
45,-205,165,56.06,-255.4,186.73
45,-205,175,51.99,-236.83,222.3
45,-195,-185,51.55,-223.38,-234.66
45,-195,-175,50.68,-219.61,-227.07
45,-195,-165,50.12,-217.19,-218.42
45,-195,-155,57.17,-247.74,-167.54
45,-195,-145,57.36,-248.58,-152.47
45,-195,-135,57.46,-248.97,-137.65
45,-195,-125,57.46,-249.0,-123.02
45,-195,-115,57.39,-248.69,-108.57
45,-195,-105,57.25,-248.09,-94.27
45,-195,-95,49.43,-214.2,-149.88
45,-195,-85,49.62,-215.03,-139.49
45,-195,-75,49.87,-216.1,-128.98
45,-195,-65,50.17,-217.4,-118.31
45,-195,-55,50.51,-218.9,-107.48
45,-195,-45,50.9,-220.59,-96.49
45,-195,-35,51.33,-222.44,-85.3
45,-195,-25,51.79,-224.43,-73.91
45,-195,-15,52.28,-226.53,-62.31
45,-195,-5,52.78,-228.7,-50.48
45,-195,5,52.78,-228.7,50.48
45,-195,15,52.28,-226.53,62.31
45,-195,25,51.79,-224.43,73.91
45,-195,35,51.33,-222.44,85.3
45,-195,45,50.9,-220.59,96.49
45,-195,55,50.51,-218.9,107.48
45,-195,65,50.17,-217.4,118.31
45,-195,75,49.87,-216.1,128.98
45,-195,85,49.62,-215.03,139.49
45,-195,95,49.43,-214.2,149.88
45,-195,105,57.25,-248.09,94.27
45,-195,115,57.39,-248.69,108.57
45,-195,125,57.46,-249.0,123.02
45,-195,135,57.46,-248.97,137.65
45,-195,145,57.36,-248.58,152.47
45,-195,155,57.17,-247.74,167.54
45,-195,165,50.12,-217.19,218.42
45,-195,175,50.68,-219.61,227.07
45,-195,185,51.55,-223.38,234.66
45,-185,-195,51.2,-210.5,-246.35
45,-185,-185,50.18,-206.29,-238.73
45,-185,-175,49.51,-203.56,-230.04
45,-185,-165,49.04,-201.62,-220.86
45,-185,-155,48.71,-200.25,-211.4
45,-185,-145,58.0,-238.43,-150.21
45,-185,-135,58.05,-238.65,-135.5
45,-185,-125,58.02,-238.52,-120.94
45,-185,-115,48.32,-198.67,-171.96
45,-185,-105,48.42,-199.07,-161.82
45,-185,-95,48.59,-199.75,-151.58
45,-185,-85,48.82,-200.69,-141.23
45,-185,-75,49.11,-201.89,-130.75
45,-185,-65,49.46,-203.32,-120.14
45,-185,65,49.46,-203.32,120.14
45,-185,75,49.11,-201.89,130.75
45,-185,85,48.82,-200.69,141.23
45,-185,95,48.59,-199.75,151.58
45,-185,105,48.42,-199.07,161.82
45,-185,115,48.32,-198.67,171.96
45,-185,125,58.02,-238.52,120.94
45,-185,135,58.05,-238.65,135.5
45,-185,145,58.0,-238.43,150.21
45,-185,155,48.71,-200.25,211.4
45,-185,165,49.04,-201.62,220.86
45,-185,175,49.51,-203.56,230.04
45,-185,185,50.18,-206.29,238.73
45,-185,195,51.2,-210.5,246.35
45,-175,-205,50.98,-198.25,-257.49
45,-175,-195,49.73,-193.39,-249.97
45,-175,-185,48.92,-190.26,-241.28
45,-175,-175,48.34,-188.0,-232.09
45,-175,-165,47.92,-186.34,-222.61
45,-175,-155,47.61,-185.15,-212.95
45,-175,-145,47.41,-184.36,-203.17
45,-175,-135,58.68,-228.21,-133.79
45,-175,-125,47.26,-183.81,-183.31
45,-175,-115,47.31,-184.0,-173.26
45,-175,-105,47.44,-184.49,-163.13
45,-175,-95,47.64,-185.26,-152.93
45,-175,-85,47.91,-186.3,-142.62
45,-175,85,47.91,-186.3,142.62
45,-175,95,47.64,-185.26,152.93
45,-175,105,47.44,-184.49,163.13
45,-175,115,47.31,-184.0,173.26
45,-175,125,47.26,-183.81,183.31
45,-175,135,58.68,-228.21,133.79
45,-175,145,47.41,-184.36,203.17
45,-175,155,47.61,-185.15,212.95
45,-175,165,47.92,-186.34,222.61
45,-175,175,48.34,-188.0,232.09
45,-175,185,48.92,-190.26,241.28
45,-175,195,49.73,-193.39,249.97
45,-175,205,50.98,-198.25,257.49
45,-165,-215,50.97,-186.89,-268.05
45,-165,-205,49.36,-180.98,-260.86
45,-165,-195,48.37,-177.34,-252.19
45,-165,-185,47.65,-174.71,-242.99
45,-165,-175,47.11,-172.73,-233.49
45,-165,-165,46.71,-171.25,-223.82
45,-165,-155,46.41,-170.19,-214.03
45,-165,-145,46.22,-169.49,-204.16
45,-165,-135,46.12,-169.12,-194.22
45,-165,-125,46.11,-169.07,-184.23
45,-165,-115,46.18,-169.32,-174.19
45,-165,-105,46.33,-169.87,-164.09
45,-165,105,46.33,-169.87,164.09
45,-165,115,46.18,-169.32,174.19
45,-165,125,46.11,-169.07,184.23
45,-165,135,46.12,-169.12,194.22
45,-165,145,46.22,-169.49,204.16
45,-165,155,46.41,-170.19,214.03
45,-165,165,46.71,-171.25,223.82
45,-165,175,47.11,-172.73,233.49
45,-165,185,47.65,-174.71,242.99
45,-165,195,48.37,-177.34,252.19
45,-165,205,49.36,-180.98,260.86
45,-165,215,50.97,-186.89,268.05
45,-155,-215,49.12,-169.18,-271.41
45,-155,-205,47.87,-164.88,-262.84
45,-155,-195,46.97,-161.8,-253.63
45,-155,-185,46.3,-159.46,-244.1
45,-155,-175,45.77,-157.67,-234.4
45,-155,-165,45.38,-156.3,-224.59
45,-155,-155,45.09,-155.32,-214.7
45,-155,-145,44.9,-154.67,-204.76
45,-155,-135,44.81,-154.35,-194.79
45,-155,-125,44.81,-154.33,-184.79
45,-155,125,44.81,-154.33,184.79
45,-155,135,44.81,-154.35,194.79
45,-155,145,44.9,-154.67,204.76
45,-155,155,45.09,-155.32,214.7
45,-155,165,45.38,-156.3,224.59
45,-155,175,45.77,-157.67,234.4
45,-155,185,46.3,-159.46,244.1
45,-155,195,46.97,-161.8,253.63
45,-155,205,47.87,-164.88,262.84
45,-155,215,49.12,-169.18,271.41
45,-145,-225,49.1,-158.2,-281.62
45,-145,-215,47.47,-152.95,-273.25
45,-145,-205,46.34,-149.33,-264.06
45,-145,-195,45.49,-146.59,-254.5
45,-145,-185,44.83,-144.44,-244.75
45,-145,-175,44.3,-142.76,-234.89
45,-145,-165,43.9,-141.47,-224.95
45,-145,-155,43.61,-140.52,-214.98
45,-145,-145,43.42,-139.91,-205.0
45,-145,-135,43.32,-139.6,-195.0
45,-145,135,43.32,-139.6,195.0
45,-145,145,43.42,-139.91,205.0
45,-145,155,43.61,-140.52,214.98
45,-145,165,43.9,-141.47,224.95
45,-145,175,44.3,-142.76,234.89
45,-145,185,44.83,-144.44,244.75
45,-145,195,45.49,-146.59,254.5
45,-145,205,46.34,-149.33,264.06
45,-145,215,47.47,-152.95,273.25
45,-145,225,49.1,-158.2,281.62
45,-135,-235,49.53,-148.58,-291.29
45,-135,-225,47.23,-141.68,-283.46
45,-135,-215,45.79,-137.37,-274.33
45,-135,-205,44.72,-134.15,-264.74
45,-135,-195,43.87,-131.62,-254.93
45,-135,-185,43.2,-129.59,-245.0
45,-135,-175,42.66,-127.98,-234.99
45,-135,-165,42.24,-126.73,-224.96
45,-135,-155,61.87,-185.61,-159.68
45,-135,-145,61.93,-185.78,-145.05
45,-135,145,61.93,-185.78,145.05
45,-135,155,61.87,-185.61,159.68
45,-135,165,42.24,-126.73,224.96
45,-135,175,42.66,-127.98,234.99
45,-135,185,43.2,-129.59,245.0
45,-135,195,43.87,-131.62,254.93
45,-135,205,44.72,-134.15,264.74
45,-135,215,45.79,-137.37,274.33
45,-135,225,47.23,-141.68,283.46
45,-135,235,49.53,-148.58,291.29
45,-125,-235,47.27,-131.31,-293.42
45,-125,-225,45.36,-126.0,-284.46
45,-125,-215,43.99,-122.2,-274.87
45,-125,-205,42.93,-119.24,-264.99
45,-125,-195,42.07,-116.85,-254.98
45,-125,-185,41.37,-114.91,-244.88
45,-125,-175,40.8,-113.34,-234.75
45,-125,-165,40.36,-112.11,-224.62
45,-125,-155,40.03,-111.19,-214.5
45,-125,155,40.03,-111.19,214.5
45,-125,165,40.36,-112.11,224.62
45,-125,175,40.8,-113.34,234.75
45,-125,185,41.37,-114.91,244.88
45,-125,195,42.07,-116.85,254.98
45,-125,205,42.93,-119.24,264.99
45,-125,215,43.99,-122.2,274.87
45,-125,225,45.36,-126.0,284.46
45,-125,235,47.27,-131.31,293.42
45,-115,-245,47.95,-122.53,-302.94
45,-115,-235,45.15,-115.39,-294.47
45,-115,-225,43.37,-110.83,-284.92
45,-115,-215,42.01,-107.36,-275.0
45,-115,-205,40.92,-104.57,-264.89
45,-115,-195,40.02,-102.29,-254.69
45,-115,-185,39.29,-100.4,-244.44
45,-115,-175,38.68,-98.85,-234.19
45,-115,-165,38.2,-97.62,-223.96
45,-115,165,38.2,-97.62,223.96
45,-115,175,38.68,-98.85,234.19
45,-115,185,39.29,-100.4,244.44
45,-115,195,40.02,-102.29,254.69
45,-115,205,40.92,-104.57,264.89
45,-115,215,42.01,-107.36,275.0
45,-115,225,43.37,-110.83,284.92
45,-115,235,45.15,-115.39,294.47
45,-115,245,47.95,-122.53,302.94
45,-105,-245,45.37,-105.87,-304.3
45,-105,-235,42.91,-100.13,-294.93
45,-105,-225,41.16,-96.03,-284.98
45,-105,-215,39.77,-92.8,-274.78
45,-105,-205,38.63,-90.14,-264.46
45,-105,-195,37.68,-87.93,-254.09
45,-105,-185,36.89,-86.07,-243.7
45,-105,-175,36.23,-84.54,-233.32
45,-105,-165,35.69,-83.29,-222.98
45,-105,165,35.69,-83.29,222.98
45,-105,175,36.23,-84.54,233.32
45,-105,185,36.89,-86.07,243.7
45,-105,195,37.68,-87.93,254.09
45,-105,205,38.63,-90.14,264.46
45,-105,215,39.77,-92.8,274.78
45,-105,225,41.16,-96.03,284.98
45,-105,235,42.91,-100.13,294.93
45,-105,245,45.37,-105.87,304.3
45,-95,-245,42.79,-90.34,-304.88
45,-95,-235,40.43,-85.35,-294.97
45,-95,-225,38.64,-81.57,-284.71
45,-95,-215,37.19,-78.52,-274.28
45,-95,-205,35.98,-75.97,-263.76
45,-95,-195,34.96,-73.81,-253.22
45,-95,-185,34.1,-71.98,-242.68
45,-95,-175,33.37,-70.44,-232.16
45,-95,175,33.37,-70.44,232.16
45,-95,185,34.1,-71.98,242.68
45,-95,195,34.96,-73.81,253.22
45,-95,205,35.98,-75.97,263.76
45,-95,215,37.19,-78.52,274.28
45,-95,225,38.64,-81.57,284.71
45,-95,235,40.43,-85.35,294.97
45,-95,245,42.79,-90.34,304.88
45,-85,-255,43.44,-82.06,-314.64
45,-85,-245,39.96,-75.47,-304.99
45,-85,-235,37.58,-70.98,-294.7
45,-85,-225,35.71,-67.46,-284.16
45,-85,-215,34.17,-64.55,-273.51
45,-85,-205,32.87,-62.09,-262.81
45,-85,-195,31.76,-59.99,-252.1
45,-85,-185,30.8,-58.18,-241.4
45,-85,-175,29.99,-56.64,-230.73
45,-85,175,29.99,-56.64,230.73
45,-85,185,30.8,-58.18,241.4
45,-85,195,31.76,-59.99,252.1
45,-85,205,32.87,-62.09,262.81
45,-85,215,34.17,-64.55,273.51
45,-85,225,35.71,-67.46,284.16
45,-85,235,37.58,-70.98,294.7
45,-85,245,39.96,-75.47,304.99
45,-85,255,43.44,-82.06,314.64
45,-75,-255,40.08,-66.8,-314.98
45,-75,-245,36.69,-61.15,-304.78
45,-75,-235,34.23,-57.04,-294.17
45,-75,-225,32.24,-53.74,-283.39
45,-75,-215,30.58,-50.97,-272.53
45,-75,-205,29.16,-48.6,-261.64
45,-75,-195,27.93,-46.56,-250.75
45,-75,-185,26.87,-44.78,-239.88
45,-75,185,26.87,-44.78,239.88
45,-75,195,27.93,-46.56,250.75
45,-75,205,29.16,-48.6,261.64
45,-75,215,30.58,-50.97,272.53
45,-75,225,32.24,-53.74,283.39
45,-75,235,34.23,-57.04,294.17
45,-75,245,36.69,-61.15,304.78
45,-75,255,40.08,-66.8,314.98
45,-65,-255,36.26,-52.38,-314.92
45,-65,-245,32.81,-47.4,-304.31
45,-65,-235,30.2,-43.62,-293.43
45,-65,-225,28.06,-40.53,-282.42
45,-65,-215,26.25,-37.91,-271.35
45,-65,-205,24.68,-35.65,-260.27
45,-65,-195,23.31,-33.68,-249.19
45,-65,-185,22.12,-31.94,-238.14
45,-65,185,22.12,-31.94,238.14
45,-65,195,23.31,-33.68,249.19
45,-65,205,24.68,-35.65,260.27
45,-65,215,26.25,-37.91,271.35
45,-65,225,28.06,-40.53,282.42
45,-65,235,30.2,-43.62,293.43
45,-65,245,32.81,-47.4,304.31
45,-65,255,36.26,-52.38,314.92
45,-55,-265,50.58,-61.82,-320.47
45,-55,-255,31.72,-38.77,-314.6
45,-55,-245,28.1,-34.34,-303.65
45,-55,-235,25.28,-30.9,-292.52
45,-55,-225,22.95,-28.04,-281.29
45,-55,-215,20.95,-25.6,-270.02
45,-55,-205,19.21,-23.47,-258.74
45,-55,-195,17.67,-21.6,-247.47
45,-55,195,17.67,-21.6,247.47
45,-55,205,19.21,-23.47,258.74
45,-55,215,20.95,-25.6,270.02
45,-55,225,22.95,-28.04,281.29
45,-55,235,25.28,-30.9,292.52
45,-55,245,28.1,-34.34,303.65
45,-55,255,31.72,-38.77,314.6
45,-55,265,50.58,-61.82,320.47
45,-45,-265,31.84,-31.84,-324.95
45,-45,-255,26.17,-26.17,-314.09
45,-45,-245,22.29,-22.29,-302.85
45,-45,-235,19.22,-19.22,-291.48
45,-45,-225,16.65,-16.65,-280.04
45,-45,-215,14.43,-14.43,-268.57
45,-45,-205,12.48,-12.48,-257.09
45,-45,-195,10.76,-10.76,-245.62
45,-45,195,10.76,-10.76,245.62
45,-45,205,12.48,-12.48,257.09
45,-45,215,14.43,-14.43,268.57
45,-45,225,16.65,-16.65,280.04
45,-45,235,19.22,-19.22,291.48
45,-45,245,22.29,-22.29,302.85
45,-45,255,26.17,-26.17,314.09
45,-45,265,31.84,-31.84,324.95
45,-35,-265,25.28,-19.66,-324.69
45,-35,-255,19.36,-15.06,-313.45
45,-35,-245,15.16,-11.79,-301.95
45,-35,-235,11.79,-9.17,-290.35
45,-35,-225,8.94,-6.95,-278.71
45,-35,-215,6.48,-5.04,-267.03
45,-35,-205,4.31,-3.35,-255.36
45,-35,-195,2.37,-1.85,-243.68
45,-35,195,2.37,-1.85,243.68
45,-35,205,4.31,-3.35,255.36
45,-35,215,6.48,-5.04,267.03
45,-35,225,8.94,-6.95,278.71
45,-35,235,11.79,-9.17,290.35
45,-35,245,15.16,-11.79,301.95
45,-35,255,19.36,-15.06,313.45
45,-35,265,25.28,-19.66,324.69
45,-25,-265,17.52,-9.73,-324.3
45,-25,-255,11.24,-6.25,-312.75
45,-25,-245,6.69,-3.71,-301.01
45,-25,-235,3.0,-1.67,-289.21
45,-25,-225,-0.13,0.07,-277.36
45,-25,-215,-2.84,1.58,-265.49
45,-25,-205,-5.25,2.91,-253.62
45,-25,-195,-7.39,4.11,-241.75
45,-25,195,-7.39,4.11,241.75
45,-25,205,-5.25,2.91,253.62
45,-25,215,-2.84,1.58,265.49
45,-25,225,-0.13,0.07,277.36
45,-25,235,3.0,-1.67,289.21
45,-25,245,6.69,-3.71,301.01
45,-25,255,11.24,-6.25,312.75
45,-25,265,17.52,-9.73,324.3
45,-15,-265,9.17,-3.06,-323.88
45,-15,-255,2.53,-0.84,-312.06
45,-15,-245,-2.34,0.78,-300.13
45,-15,-235,-6.31,2.1,-288.14
45,-15,-225,-9.68,3.23,-276.12
45,-15,-215,-12.62,4.21,-264.08
45,-15,-205,-15.23,5.08,-252.03
45,-15,-195,-17.56,5.85,-239.97
45,-15,195,-17.56,5.85,239.97
45,-15,205,-15.23,5.08,252.03
45,-15,215,-12.62,4.21,264.08
45,-15,225,-9.68,3.23,276.12
45,-15,235,-6.31,2.1,288.14
45,-15,245,-2.34,0.78,300.13
45,-15,255,2.53,-0.84,312.06
45,-15,265,9.17,-3.06,323.88
45,-5,-265,2.72,-0.3,-323.56
45,-5,-255,-4.14,0.46,-311.58
45,-5,-245,-9.21,1.02,-299.51
45,-5,-235,-13.35,1.48,-287.39
45,-5,-225,-16.87,1.87,-275.25
45,-5,-215,-19.94,2.22,-263.09
45,-5,-205,-22.66,2.52,-250.92
45,-5,-195,-25.1,2.79,-238.74
45,-5,195,-25.1,2.79,238.74
45,-5,205,-22.66,2.52,250.92
45,-5,215,-19.94,2.22,263.09
45,-5,225,-16.87,1.87,275.25
45,-5,235,-13.35,1.48,287.39
45,-5,245,-9.21,1.02,299.51
45,-5,255,-4.14,0.46,311.58
45,-5,265,2.72,-0.3,323.56
45,5,-265,2.72,0.3,-323.56
45,5,-255,-4.14,-0.46,-311.58
45,5,-245,-9.21,-1.02,-299.51
45,5,-235,-13.35,-1.48,-287.39
45,5,-225,-16.87,-1.87,-275.25
45,5,-215,-19.94,-2.22,-263.09
45,5,-205,-22.66,-2.52,-250.92
45,5,-195,-25.1,-2.79,-238.74
45,5,195,-25.1,-2.79,238.74
45,5,205,-22.66,-2.52,250.92
45,5,215,-19.94,-2.22,263.09
45,5,225,-16.87,-1.87,275.25
45,5,235,-13.35,-1.48,287.39
45,5,245,-9.21,-1.02,299.51
45,5,255,-4.14,-0.46,311.58
45,5,265,2.72,0.3,323.56
45,15,-265,9.17,3.06,-323.88
45,15,-255,2.53,0.84,-312.06
45,15,-245,-2.34,-0.78,-300.13
45,15,-235,-6.31,-2.1,-288.14
45,15,-225,-9.68,-3.23,-276.12
45,15,-215,-12.62,-4.21,-264.08
45,15,-205,-15.23,-5.08,-252.03
45,15,-195,-17.56,-5.85,-239.97
45,15,195,-17.56,-5.85,239.97
45,15,205,-15.23,-5.08,252.03
45,15,215,-12.62,-4.21,264.08
45,15,225,-9.68,-3.23,276.12
45,15,235,-6.31,-2.1,288.14
45,15,245,-2.34,-0.78,300.13
45,15,255,2.53,0.84,312.06
45,15,265,9.17,3.06,323.88
45,25,-265,17.52,9.73,-324.3
45,25,-255,11.24,6.25,-312.75
45,25,-245,6.69,3.71,-301.01
45,25,-235,3.0,1.67,-289.21
45,25,-225,-0.13,-0.07,-277.36
45,25,-215,-2.84,-1.58,-265.49
45,25,-205,-5.25,-2.91,-253.62
45,25,-195,-7.39,-4.11,-241.75
45,25,195,-7.39,-4.11,241.75
45,25,205,-5.25,-2.91,253.62
45,25,215,-2.84,-1.58,265.49
45,25,225,-0.13,-0.07,277.36
45,25,235,3.0,1.67,289.21
45,25,245,6.69,3.71,301.01
45,25,255,11.24,6.25,312.75
45,25,265,17.52,9.73,324.3
45,35,-265,25.28,19.66,-324.69
45,35,-255,19.36,15.06,-313.45
45,35,-245,15.16,11.79,-301.95
45,35,-235,11.79,9.17,-290.35
45,35,-225,8.94,6.95,-278.71
45,35,-215,6.48,5.04,-267.03
45,35,-205,4.31,3.35,-255.36
45,35,-195,2.37,1.85,-243.68
45,35,195,2.37,1.85,243.68
45,35,205,4.31,3.35,255.36
45,35,215,6.48,5.04,267.03
45,35,225,8.94,6.95,278.71
45,35,235,11.79,9.17,290.35
45,35,245,15.16,11.79,301.95
45,35,255,19.36,15.06,313.45
45,35,265,25.28,19.66,324.69
45,45,-265,31.84,31.84,-324.95
45,45,-255,26.17,26.17,-314.09
45,45,-245,22.29,22.29,-302.85
45,45,-235,19.22,19.22,-291.48
45,45,-225,16.65,16.65,-280.04
45,45,-215,14.43,14.43,-268.57
45,45,-205,12.48,12.48,-257.09
45,45,-195,10.76,10.76,-245.62
45,45,195,10.76,10.76,245.62
45,45,205,12.48,12.48,257.09
45,45,215,14.43,14.43,268.57
45,45,225,16.65,16.65,280.04
45,45,235,19.22,19.22,291.48
45,45,245,22.29,22.29,302.85
45,45,255,26.17,26.17,314.09
45,45,265,31.84,31.84,324.95
45,55,-265,50.58,61.82,-320.47
45,55,-255,31.72,38.77,-314.6
45,55,-245,28.1,34.34,-303.65
45,55,-235,25.28,30.9,-292.52
45,55,-225,22.95,28.04,-281.29
45,55,-215,20.95,25.6,-270.02
45,55,-205,19.21,23.47,-258.74
45,55,-195,17.67,21.6,-247.47
45,55,195,17.67,21.6,247.47
45,55,205,19.21,23.47,258.74
45,55,215,20.95,25.6,270.02
45,55,225,22.95,28.04,281.29
45,55,235,25.28,30.9,292.52
45,55,245,28.1,34.34,303.65
45,55,255,31.72,38.77,314.6
45,55,265,50.58,61.82,320.47
45,65,-255,36.26,52.38,-314.92
45,65,-245,32.81,47.4,-304.31
45,65,-235,30.2,43.62,-293.43
45,65,-225,28.06,40.53,-282.42
45,65,-215,26.25,37.91,-271.35
45,65,-205,24.68,35.65,-260.27
45,65,-195,23.31,33.68,-249.19
45,65,-185,22.12,31.94,-238.14
45,65,185,22.12,31.94,238.14
45,65,195,23.31,33.68,249.19
45,65,205,24.68,35.65,260.27
45,65,215,26.25,37.91,271.35
45,65,225,28.06,40.53,282.42
45,65,235,30.2,43.62,293.43
45,65,245,32.81,47.4,304.31
45,65,255,36.26,52.38,314.92
45,75,-255,40.08,66.8,-314.98
45,75,-245,36.69,61.15,-304.78
45,75,-235,34.23,57.04,-294.17
45,75,-225,32.24,53.74,-283.39
45,75,-215,30.58,50.97,-272.53
45,75,-205,29.16,48.6,-261.64
45,75,-195,27.93,46.56,-250.75
45,75,-185,26.87,44.78,-239.88
45,75,185,26.87,44.78,239.88
45,75,195,27.93,46.56,250.75
45,75,205,29.16,48.6,261.64
45,75,215,30.58,50.97,272.53
45,75,225,32.24,53.74,283.39
45,75,235,34.23,57.04,294.17
45,75,245,36.69,61.15,304.78
45,75,255,40.08,66.8,314.98
45,85,-255,43.44,82.06,-314.64
45,85,-245,39.96,75.47,-304.99
45,85,-235,37.58,70.98,-294.7
45,85,-225,35.71,67.46,-284.16
45,85,-215,34.17,64.55,-273.51
45,85,-205,32.87,62.09,-262.81
45,85,-195,31.76,59.99,-252.1
45,85,-185,30.8,58.18,-241.4
45,85,-175,29.99,56.64,-230.73
45,85,175,29.99,56.64,230.73
45,85,185,30.8,58.18,241.4
45,85,195,31.76,59.99,252.1
45,85,205,32.87,62.09,262.81
45,85,215,34.17,64.55,273.51
45,85,225,35.71,67.46,284.16
45,85,235,37.58,70.98,294.7
45,85,245,39.96,75.47,304.99
45,85,255,43.44,82.06,314.64
45,95,-245,42.79,90.34,-304.88
45,95,-235,40.43,85.35,-294.97
45,95,-225,38.64,81.57,-284.71
45,95,-215,37.19,78.52,-274.28
45,95,-205,35.98,75.97,-263.76
45,95,-195,34.96,73.81,-253.22
45,95,-185,34.1,71.98,-242.68
45,95,-175,33.37,70.44,-232.16
45,95,175,33.37,70.44,232.16
45,95,185,34.1,71.98,242.68
45,95,195,34.96,73.81,253.22
45,95,205,35.98,75.97,263.76
45,95,215,37.19,78.52,274.28
45,95,225,38.64,81.57,284.71
45,95,235,40.43,85.35,294.97
45,95,245,42.79,90.34,304.88
45,105,-245,45.37,105.87,-304.3
45,105,-235,42.91,100.13,-294.93
45,105,-225,41.16,96.03,-284.98
45,105,-215,39.77,92.8,-274.78
45,105,-205,38.63,90.14,-264.46
45,105,-195,37.68,87.93,-254.09
45,105,-185,36.89,86.07,-243.7
45,105,-175,36.23,84.54,-233.32
45,105,-165,35.69,83.29,-222.98
45,105,165,35.69,83.29,222.98
45,105,175,36.23,84.54,233.32
45,105,185,36.89,86.07,243.7
45,105,195,37.68,87.93,254.09
45,105,205,38.63,90.14,264.46
45,105,215,39.77,92.8,274.78
45,105,225,41.16,96.03,284.98
45,105,235,42.91,100.13,294.93
45,105,245,45.37,105.87,304.3
45,115,-245,47.95,122.53,-302.94
45,115,-235,45.15,115.39,-294.47
45,115,-225,43.37,110.83,-284.92
45,115,-215,42.01,107.36,-275.0
45,115,-205,40.92,104.57,-264.89
45,115,-195,40.02,102.29,-254.69
45,115,-185,39.29,100.4,-244.44
45,115,-175,38.68,98.85,-234.19
45,115,-165,38.2,97.62,-223.96
45,115,165,38.2,97.62,223.96
45,115,175,38.68,98.85,234.19
45,115,185,39.29,100.4,244.44
45,115,195,40.02,102.29,254.69
45,115,205,40.92,104.57,264.89
45,115,215,42.01,107.36,275.0
45,115,225,43.37,110.83,284.92
45,115,235,45.15,115.39,294.47
45,115,245,47.95,122.53,302.94
45,125,-235,47.27,131.31,-293.42
45,125,-225,45.36,126.0,-284.46
45,125,-215,43.99,122.2,-274.87
45,125,-205,42.93,119.24,-264.99
45,125,-195,42.07,116.85,-254.98
45,125,-185,41.37,114.91,-244.88
45,125,-175,40.8,113.34,-234.75
45,125,-165,40.36,112.11,-224.62
45,125,-155,40.03,111.19,-214.5
45,125,155,40.03,111.19,214.5
45,125,165,40.36,112.11,224.62
45,125,175,40.8,113.34,234.75
45,125,185,41.37,114.91,244.88
45,125,195,42.07,116.85,254.98
45,125,205,42.93,119.24,264.99
45,125,215,43.99,122.2,274.87
45,125,225,45.36,126.0,284.46
45,125,235,47.27,131.31,293.42
45,135,-235,49.53,148.58,-291.29
45,135,-225,47.23,141.68,-283.46
45,135,-215,45.79,137.37,-274.33
45,135,-205,44.72,134.15,-264.74
45,135,-195,43.87,131.62,-254.93
45,135,-185,43.2,129.59,-245.0
45,135,-175,42.66,127.98,-234.99
45,135,-165,42.24,126.73,-224.96
45,135,-155,61.87,185.61,-159.68
45,135,-145,61.93,185.78,-145.05
45,135,145,61.93,185.78,145.05
45,135,155,61.87,185.61,159.68
45,135,165,42.24,126.73,224.96
45,135,175,42.66,127.98,234.99
45,135,185,43.2,129.59,245.0
45,135,195,43.87,131.62,254.93
45,135,205,44.72,134.15,264.74
45,135,215,45.79,137.37,274.33
45,135,225,47.23,141.68,283.46
45,135,235,49.53,148.58,291.29
45,145,-225,49.1,158.2,-281.62
45,145,-215,47.47,152.95,-273.25
45,145,-205,46.34,149.33,-264.06
45,145,-195,45.49,146.59,-254.5
45,145,-185,44.83,144.44,-244.75
45,145,-175,44.3,142.76,-234.89
45,145,-165,43.9,141.47,-224.95
45,145,-155,43.61,140.52,-214.98
45,145,-145,43.42,139.91,-205.0
45,145,-135,43.32,139.6,-195.0
45,145,135,43.32,139.6,195.0
45,145,145,43.42,139.91,205.0
45,145,155,43.61,140.52,214.98
45,145,165,43.9,141.47,224.95
45,145,175,44.3,142.76,234.89
45,145,185,44.83,144.44,244.75
45,145,195,45.49,146.59,254.5
45,145,205,46.34,149.33,264.06
45,145,215,47.47,152.95,273.25
45,145,225,49.1,158.2,281.62
45,155,-215,49.12,169.18,-271.41
45,155,-205,47.87,164.88,-262.84
45,155,-195,46.97,161.8,-253.63
45,155,-185,46.3,159.46,-244.1
45,155,-175,45.77,157.67,-234.4
45,155,-165,45.38,156.3,-224.59
45,155,-155,45.09,155.32,-214.7
45,155,-145,44.9,154.67,-204.76
45,155,-135,44.81,154.35,-194.79
45,155,-125,44.81,154.33,-184.79
45,155,125,44.81,154.33,184.79
45,155,135,44.81,154.35,194.79
45,155,145,44.9,154.67,204.76
45,155,155,45.09,155.32,214.7
45,155,165,45.38,156.3,224.59
45,155,175,45.77,157.67,234.4
45,155,185,46.3,159.46,244.1
45,155,195,46.97,161.8,253.63
45,155,205,47.87,164.88,262.84
45,155,215,49.12,169.18,271.41
45,165,-215,50.97,186.89,-268.05
45,165,-205,49.36,180.98,-260.86
45,165,-195,48.37,177.34,-252.19
45,165,-185,47.65,174.71,-242.99
45,165,-175,47.11,172.73,-233.49
45,165,-165,46.71,171.25,-223.82
45,165,-155,46.41,170.19,-214.03
45,165,-145,46.22,169.49,-204.16
45,165,-135,46.12,169.12,-194.22
45,165,-125,46.11,169.07,-184.23
45,165,-115,46.18,169.32,-174.19
45,165,-105,46.33,169.87,-164.09
45,165,105,46.33,169.87,164.09
45,165,115,46.18,169.32,174.19
45,165,125,46.11,169.07,184.23
45,165,135,46.12,169.12,194.22
45,165,145,46.22,169.49,204.16
45,165,155,46.41,170.19,214.03
45,165,165,46.71,171.25,223.82
45,165,175,47.11,172.73,233.49
45,165,185,47.65,174.71,242.99
45,165,195,48.37,177.34,252.19
45,165,205,49.36,180.98,260.86
45,165,215,50.97,186.89,268.05
45,175,-205,50.98,198.25,-257.49
45,175,-195,49.73,193.39,-249.97
45,175,-185,48.92,190.26,-241.28
45,175,-175,48.34,188.0,-232.09
45,175,-165,47.92,186.34,-222.61
45,175,-155,47.61,185.15,-212.95
45,175,-145,47.41,184.36,-203.17
45,175,-135,58.68,228.21,-133.79
45,175,-125,47.26,183.81,-183.31
45,175,-115,47.31,184.0,-173.26
45,175,-105,47.44,184.49,-163.13
45,175,-95,47.64,185.26,-152.93
45,175,-85,47.91,186.3,-142.62
45,175,85,47.91,186.3,142.62
45,175,95,47.64,185.26,152.93
45,175,105,47.44,184.49,163.13
45,175,115,47.31,184.0,173.26
45,175,125,47.26,183.81,183.31
45,175,135,58.68,228.21,133.79
45,175,145,47.41,184.36,203.17
45,175,155,47.61,185.15,212.95
45,175,165,47.92,186.34,222.61
45,175,175,48.34,188.0,232.09
45,175,185,48.92,190.26,241.28
45,175,195,49.73,193.39,249.97
45,175,205,50.98,198.25,257.49
45,185,-195,51.2,210.5,-246.35
45,185,-185,50.18,206.29,-238.73
45,185,-175,49.51,203.56,-230.04
45,185,-165,49.04,201.62,-220.86
45,185,-155,48.71,200.25,-211.4
45,185,-145,58.0,238.43,-150.21
45,185,-135,58.05,238.65,-135.5
45,185,-125,58.02,238.52,-120.94
45,185,-115,48.32,198.67,-171.96
45,185,-105,48.42,199.07,-161.82
45,185,-95,48.59,199.75,-151.58
45,185,-85,48.82,200.69,-141.23
45,185,-75,49.11,201.89,-130.75
45,185,-65,49.46,203.32,-120.14
45,185,65,49.46,203.32,120.14
45,185,75,49.11,201.89,130.75
45,185,85,48.82,200.69,141.23
45,185,95,48.59,199.75,151.58
45,185,105,48.42,199.07,161.82
45,185,115,48.32,198.67,171.96
45,185,125,58.02,238.52,120.94
45,185,135,58.05,238.65,135.5
45,185,145,58.0,238.43,150.21
45,185,155,48.71,200.25,211.4
45,185,165,49.04,201.62,220.86
45,185,175,49.51,203.56,230.04
45,185,185,50.18,206.29,238.73
45,185,195,51.2,210.5,246.35
45,195,-185,51.55,223.38,-234.66
45,195,-175,50.68,219.61,-227.07
45,195,-165,50.12,217.19,-218.42
45,195,-155,57.17,247.74,-167.54
45,195,-145,57.36,248.58,-152.47
45,195,-135,57.46,248.97,-137.65
45,195,-125,57.46,249.0,-123.02
45,195,-115,57.39,248.69,-108.57
45,195,-105,57.25,248.09,-94.27
45,195,-95,49.43,214.2,-149.88
45,195,-85,49.62,215.03,-139.49
45,195,-75,49.87,216.1,-128.98
45,195,-65,50.17,217.4,-118.31
45,195,-55,50.51,218.9,-107.48
45,195,-45,50.9,220.59,-96.49
45,195,-35,51.33,222.44,-85.3
45,195,-25,51.79,224.43,-73.91
45,195,-15,52.28,226.53,-62.31
45,195,-5,52.78,228.7,-50.48
45,195,5,52.78,228.7,50.48
45,195,15,52.28,226.53,62.31
45,195,25,51.79,224.43,73.91
45,195,35,51.33,222.44,85.3
45,195,45,50.9,220.59,96.49
45,195,55,50.51,218.9,107.48
45,195,65,50.17,217.4,118.31
45,195,75,49.87,216.1,128.98
45,195,85,49.62,215.03,139.49
45,195,95,49.43,214.2,149.88
45,195,105,57.25,248.09,94.27
45,195,115,57.39,248.69,108.57
45,195,125,57.46,249.0,123.02
45,195,135,57.46,248.97,137.65
45,195,145,57.36,248.58,152.47
45,195,155,57.17,247.74,167.54
45,195,165,50.12,217.19,218.42
45,195,175,50.68,219.61,227.07
45,195,185,51.55,223.38,234.66
45,205,-175,51.99,236.83,-222.3
45,205,-165,56.06,255.4,-186.73
45,205,-155,56.48,257.32,-170.76
45,205,-145,56.74,258.49,-155.36
45,205,-135,56.88,259.14,-140.33
45,205,-125,56.93,259.37,-125.57
45,205,-115,56.91,259.24,-111.04
45,205,-105,56.81,258.81,-96.7
45,205,-95,56.66,258.1,-82.54
45,205,-85,56.44,257.13,-68.57
45,205,-75,56.18,255.95,-54.79
45,205,-65,50.8,231.41,-116.14
45,205,-55,51.09,232.75,-105.28
45,205,-45,51.42,234.27,-94.23
45,205,-35,51.79,235.94,-83.0
45,205,-25,52.18,237.73,-71.56
45,205,-15,52.6,239.62,-59.92
45,205,-5,53.03,241.58,-48.06
45,205,5,53.03,241.58,48.06
45,205,15,52.6,239.62,59.92
45,205,25,52.18,237.73,71.56
45,205,35,51.79,235.94,83.0
45,205,45,51.42,234.27,94.23
45,205,55,51.09,232.75,105.28
45,205,65,50.8,231.41,116.14
45,205,75,56.18,255.95,54.79
45,205,85,56.44,257.13,68.57
45,205,95,56.66,258.1,82.54
45,205,105,56.81,258.81,96.7
45,205,115,56.91,259.24,111.04
45,205,125,56.93,259.37,125.57
45,205,135,56.88,259.14,140.33
45,205,145,56.74,258.49,155.36
45,205,155,56.48,257.32,170.76
45,205,165,56.06,255.4,186.73
45,205,175,51.99,236.83,222.3
45,215,-165,55.04,262.96,-192.87
45,215,-155,55.72,266.23,-175.25
45,215,-145,56.1,268.02,-159.16
45,215,-135,56.31,269.05,-143.74
45,215,-125,56.42,269.57,-128.73
45,215,-115,56.44,269.67,-114.04
45,215,-105,56.39,269.44,-99.6
45,215,-95,56.29,268.92,-85.38
45,215,-85,56.12,268.14,-71.37
45,215,-75,55.91,267.14,-57.56
45,215,-65,55.66,265.95,-43.96
45,215,-55,55.38,264.59,-30.56
45,215,-45,55.06,263.08,-17.37
45,215,-35,54.72,261.46,-4.39
45,215,-25,52.53,250.98,-68.9
45,215,-15,52.88,252.67,-57.23
45,215,-5,53.25,254.42,-45.35
45,215,5,53.25,254.42,45.35
45,215,15,52.88,252.67,57.23
45,215,25,52.53,250.98,68.9
45,215,35,54.72,261.46,4.39
45,215,45,55.06,263.08,17.37
45,215,55,55.38,264.59,30.56
45,215,65,55.66,265.95,43.96
45,215,75,55.91,267.14,57.56
45,215,85,56.12,268.14,71.37
45,215,95,56.29,268.92,85.38
45,215,105,56.39,269.44,99.6
45,215,115,56.44,269.67,114.04
45,215,125,56.42,269.57,128.73
45,215,135,56.31,269.05,143.74
45,215,145,56.1,268.02,159.16
45,215,155,55.72,266.23,175.25
45,215,165,55.04,262.96,192.87
45,225,-145,55.34,276.7,-164.67
45,225,-135,55.7,278.49,-148.3
45,225,-125,55.89,279.46,-132.78
45,225,-115,55.98,279.89,-117.78
45,225,-105,55.99,279.93,-103.13
45,225,-95,55.93,279.64,-88.77
45,225,-85,55.82,279.08,-74.67
45,225,-75,55.66,278.28,-60.8
45,225,-65,55.46,277.29,-47.15
45,225,-55,55.23,276.13,-33.73
45,225,-45,54.97,274.83,-20.51
45,225,-35,54.68,273.42,-7.52
45,225,-25,54.39,271.93,5.26
45,225,-15,54.08,270.38,17.82
45,225,-5,53.76,268.8,30.16
45,225,5,53.76,268.8,-30.16
45,225,15,54.08,270.38,-17.82
45,225,25,54.39,271.93,-5.26
45,225,35,54.68,273.42,7.52
45,225,45,54.97,274.83,20.51
45,225,55,55.23,276.13,33.73
45,225,65,55.46,277.29,47.15
45,225,75,55.66,278.28,60.8
45,225,85,55.82,279.08,74.67
45,225,95,55.93,279.64,88.77
45,225,105,55.99,279.93,103.13
45,225,115,55.98,279.89,117.78
45,225,125,55.89,279.46,132.78
45,225,135,55.7,278.49,148.3
45,225,145,55.34,276.7,164.67
45,235,-135,54.89,286.63,-155.58
45,235,-125,55.28,288.71,-138.44
45,235,-115,55.48,289.72,-122.69
45,235,-105,55.56,290.15,-107.6
45,235,-95,55.56,290.17,-92.96
45,235,-85,55.51,289.88,-78.67
45,235,-75,55.4,289.32,-64.66
45,235,-65,55.26,288.56,-50.92
45,235,-55,55.08,287.62,-37.42
45,235,-45,54.87,286.54,-24.16
45,235,-35,54.64,285.34,-11.13
45,235,-25,54.39,284.06,1.68
45,235,-15,54.14,282.72,14.26
45,235,-5,53.88,281.36,26.62
45,235,5,53.88,281.36,-26.62
45,235,15,54.14,282.72,-14.26
45,235,25,54.39,284.06,-1.68
45,235,35,54.64,285.34,11.13
45,235,45,54.87,286.54,24.16
45,235,55,55.08,287.62,37.42
45,235,65,55.26,288.56,50.92
45,235,75,55.4,289.32,64.66
45,235,85,55.51,289.88,78.67
45,235,95,55.56,290.17,92.96
45,235,105,55.56,290.15,107.6
45,235,115,55.48,289.72,122.69
45,235,125,55.28,288.71,138.44
45,235,135,54.89,286.63,155.58
45,245,-115,54.82,298.46,-130.37
45,245,-105,55.06,299.79,-113.86
45,245,-95,55.16,300.33,-98.5
45,245,-85,55.18,300.42,-83.76
45,245,-75,55.14,300.18,-69.47
45,245,-65,55.05,299.69,-55.53
45,245,-55,54.92,299.01,-41.88
45,245,-45,54.76,298.16,-28.52
45,245,-35,54.59,297.2,-15.41
45,245,-25,54.39,296.15,-2.55
45,245,-15,54.19,295.03,10.07
45,245,-5,53.98,293.89,22.46
45,245,5,53.98,293.89,-22.46
45,245,15,54.19,295.03,-10.07
45,245,25,54.39,296.15,2.55
45,245,35,54.59,297.2,15.41
45,245,45,54.76,298.16,28.52
45,245,55,54.92,299.01,41.88
45,245,65,55.05,299.69,55.53
45,245,75,55.14,300.18,69.47
45,245,85,55.18,300.42,83.76
45,245,95,55.16,300.33,98.5
45,245,105,55.06,299.79,113.86
45,245,115,54.82,298.46,130.37
45,255,-85,54.76,310.32,-91.23
45,255,-75,54.82,310.63,-76.06
45,255,-65,54.8,310.55,-61.6
45,255,-55,54.74,310.19,-47.62
45,255,-45,54.64,309.64,-34.02
45,255,-35,54.52,308.95,-20.74
45,255,-25,54.38,308.15,-7.77
45,255,-15,54.23,307.29,4.93
45,255,-5,54.07,306.39,17.35
45,255,5,54.07,306.39,-17.35
45,255,15,54.23,307.29,-4.93
45,255,25,54.38,308.15,7.77
45,255,35,54.52,308.95,20.74
45,255,45,54.64,309.64,34.02
45,255,55,54.74,310.19,47.62
45,255,65,54.8,310.55,61.6
45,255,75,54.82,310.63,76.06
45,255,85,54.76,310.32,91.23
45,265,-55,54.48,320.81,-56.52
45,265,-45,54.47,320.76,-42.04
45,265,-35,54.42,320.46,-28.26
45,265,-25,54.34,320.0,-14.96
45,265,-15,54.24,319.44,-2.08
45,265,-5,54.14,318.84,10.45
45,265,5,54.14,318.84,-10.45
45,265,15,54.24,319.44,2.08
45,265,25,54.34,320.0,14.96
45,265,35,54.42,320.46,28.26
45,265,45,54.47,320.76,42.04
45,265,55,54.48,320.81,56.52
55,-265,-45,66.04,-318.17,-41.64
55,-265,-35,65.97,-317.85,-27.9
55,-265,-25,65.87,-317.38,-14.62
55,-265,-15,65.75,-316.81,-1.75
55,-265,-5,65.63,-316.2,10.76
55,-265,5,65.63,-316.2,-10.76
55,-265,15,65.75,-316.81,1.75
55,-265,25,65.87,-317.38,14.62
55,-265,35,65.97,-317.85,27.9
55,-265,45,66.04,-318.17,41.64
55,-255,-85,66.36,-307.69,-90.84
55,-255,-75,66.42,-307.96,-75.75
55,-255,-65,66.4,-307.86,-61.32
55,-255,-55,66.32,-307.49,-47.35
55,-255,-45,66.2,-306.93,-33.77
55,-255,-35,66.05,-306.23,-20.5
55,-255,-25,65.88,-305.43,-7.54
55,-255,-15,65.69,-304.56,5.15
55,-255,-5,65.49,-303.66,17.58
55,-255,5,65.49,-303.66,-17.58
55,-255,15,65.69,-304.56,-5.15
55,-255,25,65.88,-305.43,7.54
55,-255,35,66.05,-306.23,20.5
55,-255,45,66.2,-306.93,33.77
55,-255,55,66.32,-307.49,47.35
55,-255,65,66.4,-307.86,61.32
55,-255,75,66.42,-307.96,75.75
55,-255,85,66.36,-307.69,90.84
55,-245,-105,66.68,-297.05,-113.54
55,-245,-95,66.8,-297.56,-98.23
55,-245,-85,66.81,-297.63,-83.52
55,-245,-75,66.76,-297.37,-69.25
55,-245,-65,66.65,-296.88,-55.32
55,-245,-55,66.49,-296.18,-41.68
55,-245,-45,66.3,-295.34,-28.32
55,-245,-35,66.08,-294.37,-15.22
55,-245,-25,65.85,-293.32,-2.36
55,-245,-15,65.6,-292.2,10.26
55,-245,-5,65.34,-291.06,22.64
55,-245,5,65.34,-291.06,-22.64
55,-245,15,65.6,-292.2,-10.26
55,-245,25,65.85,-293.32,2.36
55,-245,35,66.08,-294.37,15.22
55,-245,45,66.3,-295.34,28.32
55,-245,55,66.49,-296.18,41.68
55,-245,65,66.65,-296.88,55.32
55,-245,75,66.76,-297.37,69.25
55,-245,85,66.81,-297.63,83.52
55,-245,95,66.8,-297.56,98.23
55,-245,105,66.68,-297.05,113.54
55,-235,-125,66.91,-285.87,-138.15
55,-235,-115,67.13,-286.84,-122.44
55,-235,-105,67.23,-287.24,-107.38
55,-235,-95,67.23,-287.25,-92.76
55,-235,-85,67.16,-286.94,-78.48
55,-235,-75,67.03,-286.39,-64.48
55,-235,-65,66.85,-285.62,-50.75
55,-235,-55,66.63,-284.68,-37.25
55,-235,-45,66.37,-283.59,-23.99
55,-235,-35,66.09,-282.4,-10.96
55,-235,-25,65.79,-281.12,1.84
55,-235,-15,65.48,-279.78,14.42
55,-235,-5,65.16,-278.42,26.78
55,-235,5,65.16,-278.42,-26.78
55,-235,15,65.48,-279.78,-14.42
55,-235,25,65.79,-281.12,-1.84
55,-235,35,66.09,-282.4,10.96
55,-235,45,66.37,-283.59,23.99
55,-235,55,66.63,-284.68,37.25
55,-235,65,66.85,-285.62,50.75
55,-235,75,67.03,-286.39,64.48
55,-235,85,67.16,-286.94,78.48
55,-235,95,67.23,-287.25,92.76
55,-235,105,67.23,-287.24,107.38
55,-235,115,67.13,-286.84,122.44
55,-235,125,66.91,-285.87,138.15
55,-225,-145,66.93,-273.78,-164.36
55,-225,-135,67.35,-275.51,-148.06
55,-225,-125,67.57,-276.44,-132.58
55,-225,-115,67.67,-276.85,-117.59
55,-225,-105,67.68,-276.87,-102.96
55,-225,-95,67.61,-276.57,-88.61
55,-225,-85,67.47,-276.01,-74.51
55,-225,-75,67.27,-275.21,-60.65
55,-225,-65,67.03,-274.22,-47.0
55,-225,-55,66.75,-273.06,-33.57
55,-225,-45,66.43,-271.76,-20.36
55,-225,-35,66.09,-270.35,-7.37
55,-225,-25,65.72,-268.86,5.41
55,-225,-15,65.34,-267.32,17.96
55,-225,-5,64.96,-265.75,30.3
55,-225,5,64.96,-265.75,-30.3
55,-225,15,65.34,-267.32,-17.96
55,-225,25,65.72,-268.86,-5.41
55,-225,35,66.09,-270.35,7.37
55,-225,45,66.43,-271.76,20.36
55,-225,55,66.75,-273.06,33.57
55,-225,65,67.03,-274.22,47.0
55,-225,75,67.27,-275.21,60.65
55,-225,85,67.47,-276.01,74.51
55,-225,95,67.61,-276.57,88.61
55,-225,105,67.68,-276.87,102.96
55,-225,115,67.67,-276.85,117.59
55,-225,125,67.57,-276.44,132.58
55,-225,135,67.35,-275.51,148.06
55,-225,145,66.93,-273.78,164.36
55,-215,-155,67.32,-263.15,-175.0
55,-215,-145,67.76,-264.88,-158.95
55,-215,-135,68.02,-265.88,-143.56
55,-215,-125,68.14,-266.37,-128.57
55,-215,-115,68.17,-266.47,-113.89
55,-215,-105,68.1,-266.23,-99.45
55,-215,-95,67.97,-265.7,-85.24
55,-215,-85,67.77,-264.93,-71.23
55,-215,-75,67.52,-263.93,-57.42
55,-215,-65,67.21,-262.74,-43.82
55,-215,-55,66.86,-261.38,-30.42
55,-215,-45,66.48,-259.88,-17.23
55,-215,-35,62.99,-246.24,-80.5
55,-215,-25,63.4,-247.83,-69.04
55,-215,-15,63.83,-249.51,-57.36
55,-215,-5,64.27,-251.26,-45.48
55,-215,5,64.27,-251.26,45.48
55,-215,15,63.83,-249.51,57.36
55,-215,25,63.4,-247.83,69.04
55,-215,35,62.99,-246.24,80.5
55,-215,45,66.48,-259.88,17.23
55,-215,55,66.86,-261.38,30.42
55,-215,65,67.21,-262.74,43.82
55,-215,75,67.52,-263.93,57.42
55,-215,85,67.77,-264.93,71.23
55,-215,95,67.97,-265.7,85.24
55,-215,105,68.1,-266.23,99.45
55,-215,115,68.17,-266.47,113.89
55,-215,125,68.14,-266.37,128.57
55,-215,135,68.02,-265.88,143.56
55,-215,145,67.76,-264.88,158.95
55,-215,155,67.32,-263.15,175.0
55,-205,-165,67.65,-252.16,-186.51
55,-205,-155,68.15,-254.02,-170.58
55,-205,-145,68.46,-255.16,-155.2
55,-205,-135,68.63,-255.79,-140.19
55,-205,-125,68.68,-256.01,-125.43
55,-205,-115,68.65,-255.87,-110.9
55,-205,-105,68.53,-255.43,-96.57
55,-205,-95,68.34,-254.72,-82.42
55,-205,-85,68.08,-253.76,-68.45
55,-205,-75,60.91,-227.04,-126.96
55,-205,-65,61.22,-228.18,-116.26
55,-205,-55,61.58,-229.51,-105.39
55,-205,-45,61.98,-231.02,-94.35
55,-205,-35,62.43,-232.68,-83.12
55,-205,-25,62.9,-234.46,-71.68
55,-205,-15,63.41,-236.34,-60.04
55,-205,-5,63.93,-238.29,-48.18
55,-205,5,63.93,-238.29,48.18
55,-205,15,63.41,-236.34,60.04
55,-205,25,62.9,-234.46,71.68
55,-205,35,62.43,-232.68,83.12
55,-205,45,61.98,-231.02,94.35
55,-205,55,61.58,-229.51,105.39
55,-205,65,61.22,-228.18,116.26
55,-205,75,60.91,-227.04,126.96
55,-205,85,68.08,-253.76,68.45
55,-205,95,68.34,-254.72,82.42
55,-205,105,68.53,-255.43,96.57
55,-205,115,68.65,-255.87,110.9
55,-205,125,68.68,-256.01,125.43
55,-205,135,68.63,-255.79,140.19
55,-205,145,68.46,-255.16,155.2
55,-205,155,68.15,-254.02,170.58
55,-205,165,67.65,-252.16,186.51
55,-195,-185,61.98,-219.76,-234.93
55,-195,-175,60.96,-216.12,-227.26
55,-195,-165,60.29,-213.76,-218.56
55,-195,-155,68.89,-244.24,-167.4
55,-195,-145,69.12,-245.05,-152.34
55,-195,-135,69.23,-245.44,-137.53
55,-195,-125,69.23,-245.45,-122.9
55,-195,-115,69.14,-245.14,-108.45
55,-195,-105,68.97,-244.54,-94.16
55,-195,-95,59.48,-210.87,-149.97
55,-195,-85,59.71,-211.7,-139.59
55,-195,-75,60.01,-212.76,-129.07
55,-195,-65,60.37,-214.05,-118.41
55,-195,-55,60.79,-215.54,-107.59
55,-195,-45,61.27,-217.22,-96.59
55,-195,-35,61.79,-219.06,-85.41
55,-195,-25,62.34,-221.03,-74.03
55,-195,-15,62.93,-223.11,-62.43
55,-195,-5,63.54,-225.27,-50.6
55,-195,5,63.54,-225.27,50.6
55,-195,15,62.93,-223.11,62.43
55,-195,25,62.34,-221.03,74.03
55,-195,35,61.79,-219.06,85.41
55,-195,45,61.27,-217.22,96.59
55,-195,55,60.79,-215.54,107.59
55,-195,65,60.37,-214.05,118.41
55,-195,75,60.01,-212.76,129.07
55,-195,85,59.71,-211.7,139.59
55,-195,95,59.48,-210.87,149.97
55,-195,105,68.97,-244.54,94.16
55,-195,115,69.14,-245.14,108.45
55,-195,125,69.23,-245.45,122.9
55,-195,135,69.23,-245.44,137.53
55,-195,145,69.12,-245.05,152.34
55,-195,155,68.89,-244.24,167.4
55,-195,165,60.29,-213.76,218.56
55,-195,175,60.96,-216.12,227.26
55,-195,185,61.98,-219.76,234.93
55,-185,-195,61.46,-206.72,-246.61
55,-185,-185,60.25,-202.66,-238.9
55,-185,-175,59.46,-200.0,-230.17
55,-185,-165,58.9,-198.11,-220.97
55,-185,-155,58.5,-196.76,-211.5
55,-185,-145,69.77,-234.7,-150.1
55,-185,-135,69.84,-234.9,-135.4
55,-185,-125,69.8,-234.77,-120.84
55,-185,-115,58.04,-195.23,-172.04
55,-185,-105,58.16,-195.63,-161.9
55,-185,-95,58.36,-196.31,-151.66
55,-185,-85,58.64,-197.24,-141.31
55,-185,-75,58.99,-198.43,-130.84
55,-185,-65,59.42,-199.86,-120.23
55,-185,65,59.42,-199.86,120.23
55,-185,75,58.99,-198.43,130.84
55,-185,85,58.64,-197.24,141.31
55,-185,95,58.36,-196.31,151.66
55,-185,105,58.16,-195.63,161.9
55,-185,115,58.04,-195.23,172.04
55,-185,125,69.8,-234.77,120.84
55,-185,135,69.84,-234.9,135.4
55,-185,145,69.77,-234.7,150.1
55,-185,155,58.5,-196.76,211.5
55,-185,165,58.9,-198.11,220.97
55,-185,175,59.46,-200.0,230.17
55,-185,185,60.25,-202.66,238.9
55,-185,195,61.46,-206.72,246.61
55,-175,-195,59.59,-189.61,-250.13
55,-175,-185,58.63,-186.56,-241.4
55,-175,-175,57.94,-184.35,-232.18
55,-175,-165,57.43,-182.73,-222.69
55,-175,-155,57.07,-181.57,-213.03
55,-175,-145,56.82,-180.8,-203.24
55,-175,-135,56.69,-180.37,-193.34
55,-175,-125,56.65,-180.26,-183.37
55,-175,-115,56.71,-180.45,-173.32
55,-175,-105,56.87,-180.94,-163.2
55,-175,-95,57.11,-181.7,-152.99
55,-175,95,57.11,-181.7,152.99
55,-175,105,56.87,-180.94,163.2
55,-175,115,56.71,-180.45,173.32
55,-175,125,56.65,-180.26,183.37
55,-175,135,56.69,-180.37,193.34
55,-175,145,56.82,-180.8,203.24
55,-175,155,57.07,-181.57,213.03
55,-175,165,57.43,-182.73,222.69
55,-175,175,57.94,-184.35,232.18
55,-175,185,58.63,-186.56,241.4
55,-175,195,59.59,-189.61,250.13
55,-165,-205,59.01,-177.03,-261.01
55,-165,-195,57.83,-173.49,-252.3
55,-165,-185,56.97,-170.92,-243.07
55,-165,-175,56.33,-168.99,-233.56
55,-165,-165,55.85,-167.55,-223.88
55,-165,-155,55.5,-166.5,-214.09
55,-165,-145,55.27,-165.82,-204.21
55,-165,-135,55.15,-165.46,-194.27
55,-165,-125,55.14,-165.41,-184.28
55,-165,-115,55.22,-165.66,-174.24
55,-165,-105,55.4,-166.21,-164.14
55,-165,105,55.4,-166.21,164.14
55,-165,115,55.22,-165.66,174.24
55,-165,125,55.14,-165.41,184.28
55,-165,135,55.15,-165.46,194.27
55,-165,145,55.27,-165.82,204.21
55,-165,155,55.5,-166.5,214.09
55,-165,165,55.85,-167.55,223.88
55,-165,175,56.33,-168.99,233.56
55,-165,185,56.97,-170.92,243.07
55,-165,195,57.83,-173.49,252.3
55,-165,205,59.01,-177.03,261.01
55,-155,-215,58.56,-165.02,-271.56
55,-155,-205,57.08,-160.85,-262.94
55,-155,-195,56.01,-157.86,-253.7
55,-155,-185,55.21,-155.58,-244.16
55,-155,-175,54.58,-153.82,-234.45
55,-155,-165,54.11,-152.49,-224.62
55,-155,-155,53.77,-151.53,-214.73
55,-155,-145,53.54,-150.9,-204.79
55,-155,-135,53.43,-150.58,-194.82
55,-155,-125,53.43,-150.57,-184.82
55,-155,125,53.43,-150.57,184.82
55,-155,135,53.43,-150.58,194.82
55,-155,145,53.54,-150.9,204.79
55,-155,155,53.77,-151.53,214.73
55,-155,165,54.11,-152.49,224.62
55,-155,175,54.58,-153.82,234.45
55,-155,185,55.21,-155.58,244.16
55,-155,195,56.01,-157.86,253.7
55,-155,205,57.08,-160.85,262.94
55,-155,215,58.56,-165.02,271.56
55,-145,-225,58.33,-153.78,-281.78
55,-145,-215,56.41,-148.72,-273.35
55,-145,-205,55.08,-145.22,-264.12
55,-145,-195,54.07,-142.55,-254.55
55,-145,-185,53.28,-140.45,-244.78
55,-145,-175,52.65,-138.81,-234.9
55,-145,-165,52.17,-137.55,-224.97
55,-145,-155,72.66,-191.56,-160.0
55,-145,-145,72.73,-191.75,-145.36
55,-145,-135,72.68,-191.62,-130.76
55,-145,135,72.68,-191.62,130.76
55,-145,145,72.73,-191.75,145.36
55,-145,155,72.66,-191.56,160.0
55,-145,165,52.17,-137.55,224.97
55,-145,175,52.65,-138.81,234.9
55,-145,185,53.28,-140.45,244.78
55,-145,195,54.07,-142.55,254.55
55,-145,205,55.08,-145.22,264.12
55,-145,215,56.41,-148.72,273.35
55,-145,225,58.33,-153.78,281.78
55,-135,-225,55.9,-137.22,-283.56
55,-135,-215,54.21,-133.06,-274.38
55,-135,-205,52.94,-129.94,-264.77
55,-135,-195,51.93,-127.47,-254.95
55,-135,-185,51.13,-125.51,-245.0
55,-135,-175,50.49,-123.94,-234.99
55,-135,-165,73.33,-180.0,-174.3
55,-135,-155,73.54,-180.51,-159.66
55,-135,-145,73.61,-180.67,-145.04
55,-135,145,73.61,-180.67,145.04
55,-135,155,73.54,-180.51,159.66
55,-135,165,73.33,-180.0,174.3
55,-135,175,50.49,-123.94,234.99
55,-135,185,51.13,-125.51,245.0
55,-135,195,51.93,-127.47,254.95
55,-135,205,52.94,-129.94,264.77
55,-135,215,54.21,-133.06,274.38
55,-135,225,55.9,-137.22,283.56
55,-125,-235,55.69,-126.56,-293.54
55,-125,-225,53.44,-121.46,-284.52
55,-125,-215,51.83,-117.8,-274.89
55,-125,-205,50.57,-114.93,-265.0
55,-125,-195,49.55,-112.61,-254.96
55,-125,-185,73.37,-166.76,-203.46
55,-125,-175,48.05,-109.21,-234.72
55,-125,-165,47.52,-108.01,-224.58
55,-125,-155,47.13,-107.11,-214.45
55,-125,155,47.13,-107.11,214.45
55,-125,165,47.52,-108.01,224.58
55,-125,175,48.05,-109.21,234.72
55,-125,185,73.37,-166.76,203.46
55,-125,195,49.55,-112.61,254.96
55,-125,205,50.57,-114.93,265.0
55,-125,215,51.83,-117.8,274.89
55,-125,225,53.44,-121.46,284.52
55,-125,235,55.69,-126.56,293.54
55,-115,-235,52.89,-110.58,-294.53
55,-115,-225,50.79,-106.2,-284.94
55,-115,-215,49.2,-102.87,-274.99
55,-115,-205,47.91,-100.18,-264.86
55,-115,-195,46.85,-97.97,-254.65
55,-115,-185,45.98,-96.14,-244.39
55,-115,-175,45.26,-94.64,-234.13
55,-115,-165,44.69,-93.44,-223.88
55,-115,165,44.69,-93.44,223.88
55,-115,175,45.26,-94.64,234.13
55,-115,185,45.98,-96.14,244.39
55,-115,195,46.85,-97.97,254.65
55,-115,205,47.91,-100.18,264.86
55,-115,215,49.2,-102.87,274.99
55,-115,225,50.79,-106.2,284.94
55,-115,235,52.89,-110.58,294.53
55,-105,-245,52.75,-100.71,-304.39
55,-105,-235,49.9,-95.26,-294.95
55,-105,-225,47.84,-91.33,-284.97
55,-105,-215,46.22,-88.23,-274.75
55,-105,-205,44.88,-85.68,-264.41
55,-105,-195,43.76,-83.55,-254.02
55,-105,-185,42.83,-81.76,-243.61
55,-105,-175,42.05,-80.28,-233.22
55,-105,-165,41.42,-79.07,-222.87
55,-105,165,41.42,-79.07,222.87
55,-105,175,42.05,-80.28,233.22
55,-105,185,42.83,-81.76,243.61
55,-105,195,43.76,-83.55,254.02
55,-105,205,44.88,-85.68,264.41
55,-105,215,46.22,-88.23,274.75
55,-105,225,47.84,-91.33,284.97
55,-105,235,49.9,-95.26,294.95
55,-105,245,52.75,-100.71,304.39
55,-95,-245,49.3,-85.15,-304.91
55,-95,-235,69.36,-119.8,-276.54
55,-95,-225,44.48,-76.83,-284.66
55,-95,-215,42.79,-73.91,-274.21
55,-95,-205,41.38,-71.47,-263.67
55,-95,-195,40.18,-69.41,-253.11
55,-95,-185,39.17,-67.66,-242.55
55,-95,-175,38.31,-66.18,-232.02
55,-95,175,38.31,-66.18,232.02
55,-95,185,39.17,-67.66,242.55
55,-95,195,40.18,-69.41,253.11
55,-95,205,41.38,-71.47,263.67
55,-95,215,42.79,-73.91,274.21
55,-95,225,44.48,-76.83,284.66
55,-95,235,69.36,-119.8,276.54
55,-95,245,49.3,-85.15,304.91
55,-85,-255,63.19,-97.66,-306.26
55,-85,-245,67.08,-103.67,-291.16
55,-85,-235,42.73,-66.04,-294.65
55,-85,-225,40.58,-62.71,-284.08
55,-85,-215,38.8,-59.96,-273.41
55,-85,-205,37.29,-57.62,-262.68
55,-85,-195,35.99,-55.62,-251.95
55,-85,-185,34.88,-53.91,-241.23
55,-85,185,34.88,-53.91,241.23
55,-85,195,35.99,-55.62,251.95
55,-85,205,37.29,-57.62,262.68
55,-85,215,38.8,-59.96,273.41
55,-85,225,40.58,-62.71,284.08
55,-85,235,42.73,-66.04,294.65
55,-85,245,67.08,-103.67,291.16
55,-85,255,63.19,-97.66,306.26
55,-75,-255,63.3,-86.32,-305.83
55,-75,-245,41.07,-56.01,-304.73
55,-75,-235,38.26,-52.17,-294.08
55,-75,-225,35.99,-49.07,-283.27
55,-75,-215,34.08,-46.48,-272.38
55,-75,-205,32.45,-44.25,-261.46
55,-75,-195,31.04,-42.32,-250.55
55,-75,-185,29.81,-40.65,-239.65
55,-75,185,29.81,-40.65,239.65
55,-75,195,31.04,-42.32,250.55
55,-75,205,32.45,-44.25,261.46
55,-75,215,34.08,-46.48,272.38
55,-75,225,35.99,-49.07,283.27
55,-75,235,38.26,-52.17,294.08
55,-75,245,41.07,-56.01,304.73
55,-75,255,63.3,-86.32,305.83
55,-65,-255,39.76,-46.99,-314.89
55,-65,-245,35.88,-42.41,-304.22
55,-65,-235,32.93,-38.92,-293.29
55,-65,-225,30.52,-36.06,-282.25
55,-65,-215,28.46,-33.64,-271.16
55,-65,-205,26.68,-31.54,-260.04
55,-65,-195,25.13,-29.7,-248.94
55,-65,-185,23.77,-28.09,-237.85
55,-65,185,23.77,-28.09,237.85
55,-65,195,25.13,-29.7,248.94
55,-65,205,26.68,-31.54,260.04
55,-65,215,28.46,-33.64,271.16
55,-65,225,30.52,-36.06,282.25
55,-65,235,32.93,-38.92,293.29
55,-65,245,35.88,-42.41,304.22
55,-65,255,39.76,-46.99,314.89
55,-55,-255,33.68,-33.68,-314.52
55,-55,-245,29.67,-29.67,-303.52
55,-55,-235,26.54,-26.54,-292.33
55,-55,-225,23.94,-23.94,-281.07
55,-55,-215,21.71,-21.71,-269.76
55,-55,-205,19.77,-19.77,-258.44
55,-55,-195,18.05,-18.05,-247.14
55,-55,195,18.05,-18.05,247.14
55,-55,205,19.77,-19.77,258.44
55,-55,215,21.71,-21.71,269.76
55,-55,225,23.94,-23.94,281.07
55,-55,235,26.54,-26.54,292.33
55,-55,245,29.67,-29.67,303.52
55,-55,255,33.68,-33.68,314.52
55,-45,-265,32.49,-26.59,-324.91
55,-45,-255,26.4,-21.6,-313.95
55,-45,-245,22.18,-18.15,-302.65
55,-45,-235,18.84,-15.41,-291.23
55,-45,-225,16.03,-13.11,-279.74
55,-45,-215,13.6,-11.13,-268.22
55,-45,-205,11.47,-9.39,-256.7
55,-45,-195,9.59,-7.84,-245.18
55,-45,195,9.59,-7.84,245.18
55,-45,205,11.47,-9.39,256.7
55,-45,215,13.6,-11.13,268.22
55,-45,225,16.03,-13.11,279.74
55,-45,235,18.84,-15.41,291.23
55,-45,245,22.18,-18.15,302.65
55,-45,255,26.4,-21.6,313.95
55,-45,265,32.49,-26.59,324.91
55,-35,-265,23.9,-15.21,-324.59
55,-35,-255,17.67,-11.24,-313.24
55,-35,-245,13.21,-8.4,-301.67
55,-35,-235,9.62,-6.12,-290.01
55,-35,-225,6.59,-4.19,-278.3
55,-35,-215,3.96,-2.52,-266.57
55,-35,-205,1.64,-1.04,-254.83
55,-35,-195,-0.43,0.27,-243.1
55,-35,195,-0.43,0.27,243.1
55,-35,205,1.64,-1.04,254.83
55,-35,215,3.96,-2.52,266.57
55,-35,225,6.59,-4.19,278.3
55,-35,235,9.62,-6.12,290.01
55,-35,245,13.21,-8.4,301.67
55,-35,255,17.67,-11.24,313.24
55,-35,265,23.9,-15.21,324.59
55,-25,-265,13.86,-6.3,-324.12
55,-25,-255,7.41,-3.37,-312.44
55,-25,-245,2.7,-1.23,-300.61
55,-25,-235,-1.12,0.51,-288.72
55,-25,-225,-4.37,1.99,-276.79
55,-25,-215,-7.19,3.27,-264.85
55,-25,-205,-9.7,4.41,-252.89
55,-25,-195,-11.93,5.42,-240.93
55,-25,195,-11.93,5.42,240.93
55,-25,205,-9.7,4.41,252.89
55,-25,215,-7.19,3.27,264.85
55,-25,225,-4.37,1.99,276.79
55,-25,235,-1.12,0.51,288.72
55,-25,245,2.7,-1.23,300.61
55,-25,255,7.41,-3.37,312.44
55,-25,265,13.86,-6.3,324.12
55,-15,-265,2.65,-0.72,-323.56
55,-15,-255,-4.02,1.1,-311.58
55,-15,-245,-8.94,2.44,-299.51
55,-15,-235,-12.96,3.53,-287.39
55,-15,-225,-16.37,4.47,-275.25
55,-15,-215,-19.36,5.28,-263.09
55,-15,-205,-22.0,6.0,-250.92
55,-15,-195,-24.37,6.65,-238.74
55,-15,195,-24.37,6.65,238.74
55,-15,205,-22.0,6.0,250.92
55,-15,215,-19.36,5.28,263.09
55,-15,225,-16.37,4.47,275.25
55,-15,235,-12.96,3.53,287.39
55,-15,245,-8.94,2.44,299.51
55,-15,255,-4.02,1.1,311.58
55,-15,265,2.65,-0.72,323.56
55,-5,-265,-8.21,0.75,-323.01
55,-5,-255,-14.99,1.36,-310.77
55,-5,-245,-20.04,1.82,-298.48
55,-5,-235,-24.16,2.2,-286.17
55,-5,-225,-27.67,2.52,-273.84
55,-5,-215,-30.73,2.79,-261.49
55,-5,-205,-33.45,3.04,-249.12
55,-5,-195,-35.88,3.26,-236.74
55,-5,195,-35.88,3.26,236.74
55,-5,205,-33.45,3.04,249.12
55,-5,215,-30.73,2.79,261.49
55,-5,225,-27.67,2.52,273.84
55,-5,235,-24.16,2.2,286.17
55,-5,245,-20.04,1.82,298.48
55,-5,255,-14.99,1.36,310.77
55,-5,265,-8.21,0.75,323.01
55,5,-265,-8.21,-0.75,-323.01
55,5,-255,-14.99,-1.36,-310.77
55,5,-245,-20.04,-1.82,-298.48
55,5,-235,-24.16,-2.2,-286.17
55,5,-225,-27.67,-2.52,-273.84
55,5,-215,-30.73,-2.79,-261.49
55,5,-205,-33.45,-3.04,-249.12
55,5,-195,-35.88,-3.26,-236.74
55,5,195,-35.88,-3.26,236.74
55,5,205,-33.45,-3.04,249.12
55,5,215,-30.73,-2.79,261.49
55,5,225,-27.67,-2.52,273.84
55,5,235,-24.16,-2.2,286.17
55,5,245,-20.04,-1.82,298.48
55,5,255,-14.99,-1.36,310.77
55,5,265,-8.21,-0.75,323.01
55,15,-265,2.65,0.72,-323.56
55,15,-255,-4.02,-1.1,-311.58
55,15,-245,-8.94,-2.44,-299.51
55,15,-235,-12.96,-3.53,-287.39
55,15,-225,-16.37,-4.47,-275.25
55,15,-215,-19.36,-5.28,-263.09
55,15,-205,-22.0,-6.0,-250.92
55,15,-195,-24.37,-6.65,-238.74
55,15,195,-24.37,-6.65,238.74
55,15,205,-22.0,-6.0,250.92
55,15,215,-19.36,-5.28,263.09
55,15,225,-16.37,-4.47,275.25
55,15,235,-12.96,-3.53,287.39
55,15,245,-8.94,-2.44,299.51
55,15,255,-4.02,-1.1,311.58
55,15,265,2.65,0.72,323.56
55,25,-265,13.86,6.3,-324.12
55,25,-255,7.41,3.37,-312.44
55,25,-245,2.7,1.23,-300.61
55,25,-235,-1.12,-0.51,-288.72
55,25,-225,-4.37,-1.99,-276.79
55,25,-215,-7.19,-3.27,-264.85
55,25,-205,-9.7,-4.41,-252.89
55,25,-195,-11.93,-5.42,-240.93
55,25,195,-11.93,-5.42,240.93
55,25,205,-9.7,-4.41,252.89
55,25,215,-7.19,-3.27,264.85
55,25,225,-4.37,-1.99,276.79
55,25,235,-1.12,-0.51,288.72
55,25,245,2.7,1.23,300.61
55,25,255,7.41,3.37,312.44
55,25,265,13.86,6.3,324.12
55,35,-265,23.9,15.21,-324.59
55,35,-255,17.67,11.24,-313.24
55,35,-245,13.21,8.4,-301.67
55,35,-235,9.62,6.12,-290.01
55,35,-225,6.59,4.19,-278.3
55,35,-215,3.96,2.52,-266.57
55,35,-205,1.64,1.04,-254.83
55,35,-195,-0.43,-0.27,-243.1
55,35,195,-0.43,-0.27,243.1
55,35,205,1.64,1.04,254.83
55,35,215,3.96,2.52,266.57
55,35,225,6.59,4.19,278.3
55,35,235,9.62,6.12,290.01
55,35,245,13.21,8.4,301.67
55,35,255,17.67,11.24,313.24
55,35,265,23.9,15.21,324.59
55,45,-265,32.49,26.59,-324.91
55,45,-255,26.4,21.6,-313.95
55,45,-245,22.18,18.15,-302.65
55,45,-235,18.84,15.41,-291.23
55,45,-225,16.03,13.11,-279.74
55,45,-215,13.6,11.13,-268.22
55,45,-205,11.47,9.39,-256.7
55,45,-195,9.59,7.84,-245.18
55,45,195,9.59,7.84,245.18
55,45,205,11.47,9.39,256.7
55,45,215,13.6,11.13,268.22
55,45,225,16.03,13.11,279.74
55,45,235,18.84,15.41,291.23
55,45,245,22.18,18.15,302.65
55,45,255,26.4,21.6,313.95
55,45,265,32.49,26.59,324.91
55,55,-255,33.68,33.68,-314.52
55,55,-245,29.67,29.67,-303.52
55,55,-235,26.54,26.54,-292.33
55,55,-225,23.94,23.94,-281.07
55,55,-215,21.71,21.71,-269.76
55,55,-205,19.77,19.77,-258.44
55,55,-195,18.05,18.05,-247.14
55,55,195,18.05,18.05,247.14
55,55,205,19.77,19.77,258.44
55,55,215,21.71,21.71,269.76
55,55,225,23.94,23.94,281.07
55,55,235,26.54,26.54,292.33
55,55,245,29.67,29.67,303.52
55,55,255,33.68,33.68,314.52
55,65,-255,39.76,46.99,-314.89
55,65,-245,35.88,42.41,-304.22
55,65,-235,32.93,38.92,-293.29
55,65,-225,30.52,36.06,-282.25
55,65,-215,28.46,33.64,-271.16
55,65,-205,26.68,31.54,-260.04
55,65,-195,25.13,29.7,-248.94
55,65,-185,23.77,28.09,-237.85
55,65,185,23.77,28.09,237.85
55,65,195,25.13,29.7,248.94
55,65,205,26.68,31.54,260.04
55,65,215,28.46,33.64,271.16
55,65,225,30.52,36.06,282.25
55,65,235,32.93,38.92,293.29
55,65,245,35.88,42.41,304.22
55,65,255,39.76,46.99,314.89
55,75,-255,63.3,86.32,-305.83
55,75,-245,41.07,56.01,-304.73
55,75,-235,38.26,52.17,-294.08
55,75,-225,35.99,49.07,-283.27
55,75,-215,34.08,46.48,-272.38
55,75,-205,32.45,44.25,-261.46
55,75,-195,31.04,42.32,-250.55
55,75,-185,29.81,40.65,-239.65
55,75,185,29.81,40.65,239.65
55,75,195,31.04,42.32,250.55
55,75,205,32.45,44.25,261.46
55,75,215,34.08,46.48,272.38
55,75,225,35.99,49.07,283.27
55,75,235,38.26,52.17,294.08
55,75,245,41.07,56.01,304.73
55,75,255,63.3,86.32,305.83
55,85,-255,63.19,97.66,-306.26
55,85,-245,67.08,103.67,-291.16
55,85,-235,42.73,66.04,-294.65
55,85,-225,40.58,62.71,-284.08
55,85,-215,38.8,59.96,-273.41
55,85,-205,37.29,57.62,-262.68
55,85,-195,35.99,55.62,-251.95
55,85,-185,34.88,53.91,-241.23
55,85,185,34.88,53.91,241.23
55,85,195,35.99,55.62,251.95
55,85,205,37.29,57.62,262.68
55,85,215,38.8,59.96,273.41
55,85,225,40.58,62.71,284.08
55,85,235,42.73,66.04,294.65
55,85,245,67.08,103.67,291.16
55,85,255,63.19,97.66,306.26
55,95,-245,49.3,85.15,-304.91
55,95,-235,69.36,119.8,-276.54
55,95,-225,44.48,76.83,-284.66
55,95,-215,42.79,73.91,-274.21
55,95,-205,41.38,71.47,-263.67
55,95,-195,40.18,69.41,-253.11
55,95,-185,39.17,67.66,-242.55
55,95,-175,38.31,66.18,-232.02
55,95,175,38.31,66.18,232.02
55,95,185,39.17,67.66,242.55
55,95,195,40.18,69.41,253.11
55,95,205,41.38,71.47,263.67
55,95,215,42.79,73.91,274.21
55,95,225,44.48,76.83,284.66
55,95,235,69.36,119.8,276.54
55,95,245,49.3,85.15,304.91
55,105,-245,52.75,100.71,-304.39
55,105,-235,49.9,95.26,-294.95
55,105,-225,47.84,91.33,-284.97
55,105,-215,46.22,88.23,-274.75
55,105,-205,44.88,85.68,-264.41
55,105,-195,43.76,83.55,-254.02
55,105,-185,42.83,81.76,-243.61
55,105,-175,42.05,80.28,-233.22
55,105,-165,41.42,79.07,-222.87
55,105,165,41.42,79.07,222.87
55,105,175,42.05,80.28,233.22
55,105,185,42.83,81.76,243.61
55,105,195,43.76,83.55,254.02
55,105,205,44.88,85.68,264.41
55,105,215,46.22,88.23,274.75
55,105,225,47.84,91.33,284.97
55,105,235,49.9,95.26,294.95
55,105,245,52.75,100.71,304.39
55,115,-235,52.89,110.58,-294.53
55,115,-225,50.79,106.2,-284.94
55,115,-215,49.2,102.87,-274.99
55,115,-205,47.91,100.18,-264.86
55,115,-195,46.85,97.97,-254.65
55,115,-185,45.98,96.14,-244.39
55,115,-175,45.26,94.64,-234.13
55,115,-165,44.69,93.44,-223.88
55,115,165,44.69,93.44,223.88
55,115,175,45.26,94.64,234.13
55,115,185,45.98,96.14,244.39
55,115,195,46.85,97.97,254.65
55,115,205,47.91,100.18,264.86
55,115,215,49.2,102.87,274.99
55,115,225,50.79,106.2,284.94
55,115,235,52.89,110.58,294.53
55,125,-235,55.69,126.56,-293.54
55,125,-225,53.44,121.46,-284.52
55,125,-215,51.83,117.8,-274.89
55,125,-205,50.57,114.93,-265.0
55,125,-195,49.55,112.61,-254.96
55,125,-185,73.37,166.76,-203.46
55,125,-175,48.05,109.21,-234.72
55,125,-165,47.52,108.01,-224.58
55,125,-155,47.13,107.11,-214.45
55,125,155,47.13,107.11,214.45
55,125,165,47.52,108.01,224.58
55,125,175,48.05,109.21,234.72
55,125,185,73.37,166.76,203.46
55,125,195,49.55,112.61,254.96
55,125,205,50.57,114.93,265.0
55,125,215,51.83,117.8,274.89
55,125,225,53.44,121.46,284.52
55,125,235,55.69,126.56,293.54
55,135,-225,55.9,137.22,-283.56
55,135,-215,54.21,133.06,-274.38
55,135,-205,52.94,129.94,-264.77
55,135,-195,51.93,127.47,-254.95
55,135,-185,51.13,125.51,-245.0
55,135,-175,50.49,123.94,-234.99
55,135,-165,73.33,180.0,-174.3
55,135,-155,73.54,180.51,-159.66
55,135,-145,73.61,180.67,-145.04
55,135,145,73.61,180.67,145.04
55,135,155,73.54,180.51,159.66
55,135,165,73.33,180.0,174.3
55,135,175,50.49,123.94,234.99
55,135,185,51.13,125.51,245.0
55,135,195,51.93,127.47,254.95
55,135,205,52.94,129.94,264.77
55,135,215,54.21,133.06,274.38
55,135,225,55.9,137.22,283.56
55,145,-225,58.33,153.78,-281.78
55,145,-215,56.41,148.72,-273.35
55,145,-205,55.08,145.22,-264.12
55,145,-195,54.07,142.55,-254.55
55,145,-185,53.28,140.45,-244.78
55,145,-175,52.65,138.81,-234.9
55,145,-165,52.17,137.55,-224.97
55,145,-155,72.66,191.56,-160.0
55,145,-145,72.73,191.75,-145.36
55,145,-135,72.68,191.62,-130.76
55,145,135,72.68,191.62,130.76
55,145,145,72.73,191.75,145.36
55,145,155,72.66,191.56,160.0
55,145,165,52.17,137.55,224.97
55,145,175,52.65,138.81,234.9
55,145,185,53.28,140.45,244.78
55,145,195,54.07,142.55,254.55
55,145,205,55.08,145.22,264.12
55,145,215,56.41,148.72,273.35
55,145,225,58.33,153.78,281.78
55,155,-215,58.56,165.02,-271.56
55,155,-205,57.08,160.85,-262.94
55,155,-195,56.01,157.86,-253.7
55,155,-185,55.21,155.58,-244.16
55,155,-175,54.58,153.82,-234.45
55,155,-165,54.11,152.49,-224.62
55,155,-155,53.77,151.53,-214.73
55,155,-145,53.54,150.9,-204.79
55,155,-135,53.43,150.58,-194.82
55,155,-125,53.43,150.57,-184.82
55,155,125,53.43,150.57,184.82
55,155,135,53.43,150.58,194.82
55,155,145,53.54,150.9,204.79
55,155,155,53.77,151.53,214.73
55,155,165,54.11,152.49,224.62
55,155,175,54.58,153.82,234.45
55,155,185,55.21,155.58,244.16
55,155,195,56.01,157.86,253.7
55,155,205,57.08,160.85,262.94
55,155,215,58.56,165.02,271.56
55,165,-205,59.01,177.03,-261.01
55,165,-195,57.83,173.49,-252.3
55,165,-185,56.97,170.92,-243.07
55,165,-175,56.33,168.99,-233.56
55,165,-165,55.85,167.55,-223.88
55,165,-155,55.5,166.5,-214.09
55,165,-145,55.27,165.82,-204.21
55,165,-135,55.15,165.46,-194.27
55,165,-125,55.14,165.41,-184.28
55,165,-115,55.22,165.66,-174.24
55,165,-105,55.4,166.21,-164.14
55,165,105,55.4,166.21,164.14
55,165,115,55.22,165.66,174.24
55,165,125,55.14,165.41,184.28
55,165,135,55.15,165.46,194.27
55,165,145,55.27,165.82,204.21
55,165,155,55.5,166.5,214.09
55,165,165,55.85,167.55,223.88
55,165,175,56.33,168.99,233.56
55,165,185,56.97,170.92,243.07
55,165,195,57.83,173.49,252.3
55,165,205,59.01,177.03,261.01
55,175,-195,59.59,189.61,-250.13
55,175,-185,58.63,186.56,-241.4
55,175,-175,57.94,184.35,-232.18
55,175,-165,57.43,182.73,-222.69
55,175,-155,57.07,181.57,-213.03
55,175,-145,56.82,180.8,-203.24
55,175,-135,56.69,180.37,-193.34
55,175,-125,56.65,180.26,-183.37
55,175,-115,56.71,180.45,-173.32
55,175,-105,56.87,180.94,-163.2
55,175,-95,57.11,181.7,-152.99
55,175,95,57.11,181.7,152.99
55,175,105,56.87,180.94,163.2
55,175,115,56.71,180.45,173.32
55,175,125,56.65,180.26,183.37
55,175,135,56.69,180.37,193.34
55,175,145,56.82,180.8,203.24
55,175,155,57.07,181.57,213.03
55,175,165,57.43,182.73,222.69
55,175,175,57.94,184.35,232.18
55,175,185,58.63,186.56,241.4
55,175,195,59.59,189.61,250.13
55,185,-195,61.46,206.72,-246.61
55,185,-185,60.25,202.66,-238.9
55,185,-175,59.46,200.0,-230.17
55,185,-165,58.9,198.11,-220.97
55,185,-155,58.5,196.76,-211.5
55,185,-145,69.77,234.7,-150.1
55,185,-135,69.84,234.9,-135.4
55,185,-125,69.8,234.77,-120.84
55,185,-115,58.04,195.23,-172.04
55,185,-105,58.16,195.63,-161.9
55,185,-95,58.36,196.31,-151.66
55,185,-85,58.64,197.24,-141.31
55,185,-75,58.99,198.43,-130.84
55,185,-65,59.42,199.86,-120.23
55,185,65,59.42,199.86,120.23
55,185,75,58.99,198.43,130.84
55,185,85,58.64,197.24,141.31
55,185,95,58.36,196.31,151.66
55,185,105,58.16,195.63,161.9
55,185,115,58.04,195.23,172.04
55,185,125,69.8,234.77,120.84
55,185,135,69.84,234.9,135.4
55,185,145,69.77,234.7,150.1
55,185,155,58.5,196.76,211.5
55,185,165,58.9,198.11,220.97
55,185,175,59.46,200.0,230.17
55,185,185,60.25,202.66,238.9
55,185,195,61.46,206.72,246.61
55,195,-185,61.98,219.76,-234.93
55,195,-175,60.96,216.12,-227.26
55,195,-165,60.29,213.76,-218.56
55,195,-155,68.89,244.24,-167.4
55,195,-145,69.12,245.05,-152.34
55,195,-135,69.23,245.44,-137.53
55,195,-125,69.23,245.45,-122.9
55,195,-115,69.14,245.14,-108.45
55,195,-105,68.97,244.54,-94.16
55,195,-95,59.48,210.87,-149.97
55,195,-85,59.71,211.7,-139.59
55,195,-75,60.01,212.76,-129.07
55,195,-65,60.37,214.05,-118.41
55,195,-55,60.79,215.54,-107.59
55,195,-45,61.27,217.22,-96.59
55,195,-35,61.79,219.06,-85.41
55,195,-25,62.34,221.03,-74.03
55,195,-15,62.93,223.11,-62.43
55,195,-5,63.54,225.27,-50.6
55,195,5,63.54,225.27,50.6
55,195,15,62.93,223.11,62.43
55,195,25,62.34,221.03,74.03
55,195,35,61.79,219.06,85.41
55,195,45,61.27,217.22,96.59
55,195,55,60.79,215.54,107.59
55,195,65,60.37,214.05,118.41
55,195,75,60.01,212.76,129.07
55,195,85,59.71,211.7,139.59
55,195,95,59.48,210.87,149.97
55,195,105,68.97,244.54,94.16
55,195,115,69.14,245.14,108.45
55,195,125,69.23,245.45,122.9
55,195,135,69.23,245.44,137.53
55,195,145,69.12,245.05,152.34
55,195,155,68.89,244.24,167.4
55,195,165,60.29,213.76,218.56
55,195,175,60.96,216.12,227.26
55,195,185,61.98,219.76,234.93
55,205,-165,67.65,252.16,-186.51
55,205,-155,68.15,254.02,-170.58
55,205,-145,68.46,255.16,-155.2
55,205,-135,68.63,255.79,-140.19
55,205,-125,68.68,256.01,-125.43
55,205,-115,68.65,255.87,-110.9
55,205,-105,68.53,255.43,-96.57
55,205,-95,68.34,254.72,-82.42
55,205,-85,68.08,253.76,-68.45
55,205,-75,60.91,227.04,-126.96
55,205,-65,61.22,228.18,-116.26
55,205,-55,61.58,229.51,-105.39
55,205,-45,61.98,231.02,-94.35
55,205,-35,62.43,232.68,-83.12
55,205,-25,62.9,234.46,-71.68
55,205,-15,63.41,236.34,-60.04
55,205,-5,63.93,238.29,-48.18
55,205,5,63.93,238.29,48.18
55,205,15,63.41,236.34,60.04
55,205,25,62.9,234.46,71.68
55,205,35,62.43,232.68,83.12
55,205,45,61.98,231.02,94.35
55,205,55,61.58,229.51,105.39
55,205,65,61.22,228.18,116.26
55,205,75,60.91,227.04,126.96
55,205,85,68.08,253.76,68.45
55,205,95,68.34,254.72,82.42
55,205,105,68.53,255.43,96.57
55,205,115,68.65,255.87,110.9
55,205,125,68.68,256.01,125.43
55,205,135,68.63,255.79,140.19
55,205,145,68.46,255.16,155.2
55,205,155,68.15,254.02,170.58
55,205,165,67.65,252.16,186.51
55,215,-155,67.32,263.15,-175.0
55,215,-145,67.76,264.88,-158.95
55,215,-135,68.02,265.88,-143.56
55,215,-125,68.14,266.37,-128.57
55,215,-115,68.17,266.47,-113.89
55,215,-105,68.1,266.23,-99.45
55,215,-95,67.97,265.7,-85.24
55,215,-85,67.77,264.93,-71.23
55,215,-75,67.52,263.93,-57.42
55,215,-65,67.21,262.74,-43.82
55,215,-55,66.86,261.38,-30.42
55,215,-45,66.48,259.88,-17.23
55,215,-35,62.99,246.24,-80.5
55,215,-25,63.4,247.83,-69.04
55,215,-15,63.83,249.51,-57.36
55,215,-5,64.27,251.26,-45.48
55,215,5,64.27,251.26,45.48
55,215,15,63.83,249.51,57.36
55,215,25,63.4,247.83,69.04
55,215,35,62.99,246.24,80.5
55,215,45,66.48,259.88,17.23
55,215,55,66.86,261.38,30.42
55,215,65,67.21,262.74,43.82
55,215,75,67.52,263.93,57.42
55,215,85,67.77,264.93,71.23
55,215,95,67.97,265.7,85.24
55,215,105,68.1,266.23,99.45
55,215,115,68.17,266.47,113.89
55,215,125,68.14,266.37,128.57
55,215,135,68.02,265.88,143.56
55,215,145,67.76,264.88,158.95
55,215,155,67.32,263.15,175.0
55,225,-145,66.93,273.78,-164.36
55,225,-135,67.35,275.51,-148.06
55,225,-125,67.57,276.44,-132.58
55,225,-115,67.67,276.85,-117.59
55,225,-105,67.68,276.87,-102.96
55,225,-95,67.61,276.57,-88.61
55,225,-85,67.47,276.01,-74.51
55,225,-75,67.27,275.21,-60.65
55,225,-65,67.03,274.22,-47.0
55,225,-55,66.75,273.06,-33.57
55,225,-45,66.43,271.76,-20.36
55,225,-35,66.09,270.35,-7.37
55,225,-25,65.72,268.86,5.41
55,225,-15,65.34,267.32,17.96
55,225,-5,64.96,265.75,30.3
55,225,5,64.96,265.75,-30.3
55,225,15,65.34,267.32,-17.96
55,225,25,65.72,268.86,-5.41
55,225,35,66.09,270.35,7.37
55,225,45,66.43,271.76,20.36
55,225,55,66.75,273.06,33.57
55,225,65,67.03,274.22,47.0
55,225,75,67.27,275.21,60.65
55,225,85,67.47,276.01,74.51
55,225,95,67.61,276.57,88.61
55,225,105,67.68,276.87,102.96
55,225,115,67.67,276.85,117.59
55,225,125,67.57,276.44,132.58
55,225,135,67.35,275.51,148.06
55,225,145,66.93,273.78,164.36
55,235,-125,66.91,285.87,-138.15
55,235,-115,67.13,286.84,-122.44
55,235,-105,67.23,287.24,-107.38
55,235,-95,67.23,287.25,-92.76
55,235,-85,67.16,286.94,-78.48
55,235,-75,67.03,286.39,-64.48
55,235,-65,66.85,285.62,-50.75
55,235,-55,66.63,284.68,-37.25
55,235,-45,66.37,283.59,-23.99
55,235,-35,66.09,282.4,-10.96
55,235,-25,65.79,281.12,1.84
55,235,-15,65.48,279.78,14.42
55,235,-5,65.16,278.42,26.78
55,235,5,65.16,278.42,-26.78
55,235,15,65.48,279.78,-14.42
55,235,25,65.79,281.12,-1.84
55,235,35,66.09,282.4,10.96
55,235,45,66.37,283.59,23.99
55,235,55,66.63,284.68,37.25
55,235,65,66.85,285.62,50.75
55,235,75,67.03,286.39,64.48
55,235,85,67.16,286.94,78.48
55,235,95,67.23,287.25,92.76
55,235,105,67.23,287.24,107.38
55,235,115,67.13,286.84,122.44
55,235,125,66.91,285.87,138.15
55,245,-105,66.68,297.05,-113.54
55,245,-95,66.8,297.56,-98.23
55,245,-85,66.81,297.63,-83.52
55,245,-75,66.76,297.37,-69.25
55,245,-65,66.65,296.88,-55.32
55,245,-55,66.49,296.18,-41.68
55,245,-45,66.3,295.34,-28.32
55,245,-35,66.08,294.37,-15.22
55,245,-25,65.85,293.32,-2.36
55,245,-15,65.6,292.2,10.26
55,245,-5,65.34,291.06,22.64
55,245,5,65.34,291.06,-22.64
55,245,15,65.6,292.2,-10.26
55,245,25,65.85,293.32,2.36
55,245,35,66.08,294.37,15.22
55,245,45,66.3,295.34,28.32
55,245,55,66.49,296.18,41.68
55,245,65,66.65,296.88,55.32
55,245,75,66.76,297.37,69.25
55,245,85,66.81,297.63,83.52
55,245,95,66.8,297.56,98.23
55,245,105,66.68,297.05,113.54
55,255,-85,66.36,307.69,-90.84
55,255,-75,66.42,307.96,-75.75
55,255,-65,66.4,307.86,-61.32
55,255,-55,66.32,307.49,-47.35
55,255,-45,66.2,306.93,-33.77
55,255,-35,66.05,306.23,-20.5
55,255,-25,65.88,305.43,-7.54
55,255,-15,65.69,304.56,5.15
55,255,-5,65.49,303.66,17.58
55,255,5,65.49,303.66,-17.58
55,255,15,65.69,304.56,-5.15
55,255,25,65.88,305.43,7.54
55,255,35,66.05,306.23,20.5
55,255,45,66.2,306.93,33.77
55,255,55,66.32,307.49,47.35
55,255,65,66.4,307.86,61.32
55,255,75,66.42,307.96,75.75
55,255,85,66.36,307.69,90.84
55,265,-45,66.04,318.17,-41.64
55,265,-35,65.97,317.85,-27.9
55,265,-25,65.87,317.38,-14.62
55,265,-15,65.75,316.81,-1.75
55,265,-5,65.63,316.2,10.76
55,265,5,65.63,316.2,-10.76
55,265,15,65.75,316.81,1.75
55,265,25,65.87,317.38,14.62
55,265,35,65.97,317.85,27.9
55,265,45,66.04,318.17,41.64
65,-265,-25,77.22,-314.81,-14.62
65,-265,-15,77.08,-314.25,-1.75
65,-265,-5,76.93,-313.64,10.76
65,-265,5,76.93,-313.64,-10.76
65,-265,15,77.08,-314.25,1.75
65,-265,25,77.22,-314.81,14.62
65,-255,-75,77.82,-305.28,-75.75
65,-255,-65,77.79,-305.18,-61.32
65,-255,-55,77.7,-304.81,-47.35
65,-255,-45,77.56,-304.26,-33.77
65,-255,-35,77.38,-303.56,-20.5
65,-255,-25,77.18,-302.77,-7.54
65,-255,-15,76.96,-301.91,5.15
65,-255,-5,76.73,-301.01,17.58
65,-255,5,76.73,-301.01,-17.58
65,-255,15,76.96,-301.91,-5.15
65,-255,25,77.18,-302.77,7.54
65,-255,35,77.38,-303.56,20.5
65,-255,45,77.56,-304.26,33.77
65,-255,55,77.7,-304.81,47.35
65,-255,65,77.79,-305.18,61.32
65,-255,75,77.82,-305.28,75.75
65,-245,-105,78.07,-294.26,-113.54
65,-245,-95,78.2,-294.77,-98.23
65,-245,-85,78.22,-294.83,-83.52
65,-245,-75,78.15,-294.58,-69.25
65,-245,-65,78.02,-294.09,-55.32
65,-245,-55,77.84,-293.4,-41.68
65,-245,-45,77.62,-292.57,-28.32
65,-245,-35,77.37,-291.61,-15.22
65,-245,-25,77.09,-290.56,-2.36
65,-245,-15,76.8,-289.46,10.26
65,-245,-5,76.5,-288.33,22.64
65,-245,5,76.5,-288.33,-22.64
65,-245,15,76.8,-289.46,-10.26
65,-245,25,77.09,-290.56,2.36
65,-245,35,77.37,-291.61,15.22
65,-245,45,77.62,-292.57,28.32
65,-245,55,77.84,-293.4,41.68
65,-245,65,78.02,-294.09,55.32
65,-245,75,78.15,-294.58,69.25
65,-245,85,78.22,-294.83,83.52
65,-245,95,78.2,-294.77,98.23
65,-245,105,78.07,-294.26,113.54
65,-235,-125,78.27,-282.97,-138.15
65,-235,-115,78.53,-283.93,-122.44
65,-235,-105,78.64,-284.33,-107.38
65,-235,-95,78.65,-284.34,-92.76
65,-235,-85,78.56,-284.03,-78.48
65,-235,-75,78.41,-283.48,-64.48
65,-235,-65,78.2,-282.72,-50.75
65,-235,-55,77.94,-281.79,-37.25
65,-235,-45,77.64,-280.72,-23.99
65,-235,-35,77.32,-279.53,-10.96
65,-235,-25,76.97,-278.27,1.84
65,-235,-15,76.6,-276.95,14.42
65,-235,-5,76.23,-275.6,26.78
65,-235,5,76.23,-275.6,-26.78
65,-235,15,76.6,-276.95,-14.42
65,-235,25,76.97,-278.27,-1.84
65,-235,35,77.32,-279.53,10.96
65,-235,45,77.64,-280.72,23.99
65,-235,55,77.94,-281.79,37.25
65,-235,65,78.2,-282.72,50.75
65,-235,75,78.41,-283.48,64.48
65,-235,85,78.56,-284.03,78.48
65,-235,95,78.65,-284.34,92.76
65,-235,105,78.64,-284.33,107.38
65,-235,115,78.53,-283.93,122.44
65,-235,125,78.27,-282.97,138.15
65,-225,-135,78.72,-272.48,-148.06
65,-225,-125,78.98,-273.4,-132.58
65,-225,-115,79.1,-273.8,-117.59
65,-225,-105,79.1,-273.82,-102.96
65,-225,-95,79.02,-273.53,-88.61
65,-225,-85,78.86,-272.97,-74.51
65,-225,-75,78.63,-272.18,-60.65
65,-225,-65,78.35,-271.2,-47.0
65,-225,-55,78.02,-270.06,-33.57
65,-225,-45,77.65,-268.77,-20.36
65,-225,-35,77.24,-267.38,-7.37
65,-225,-25,76.82,-265.91,5.41
65,-225,-15,76.38,-264.38,17.96
65,-225,-5,75.93,-262.82,30.3
65,-225,5,75.93,-262.82,-30.3
65,-225,15,76.38,-264.38,-17.96
65,-225,25,76.82,-265.91,-5.41
65,-225,35,77.24,-267.38,7.37
65,-225,45,77.65,-268.77,20.36
65,-225,55,78.02,-270.06,33.57
65,-225,65,78.35,-271.2,47.0
65,-225,75,78.63,-272.18,60.65
65,-225,85,78.86,-272.97,74.51
65,-225,95,79.02,-273.53,88.61
65,-225,105,79.1,-273.82,102.96
65,-225,115,79.1,-273.8,117.59
65,-225,125,78.98,-273.4,132.58
65,-225,135,78.72,-272.48,148.06
65,-215,-155,78.61,-260.0,-175.0
65,-215,-145,79.12,-261.71,-158.95
65,-215,-135,79.42,-262.7,-143.56
65,-215,-125,79.57,-263.19,-128.57
65,-215,-115,79.6,-263.28,-113.89
65,-215,-105,79.52,-263.04,-99.45
65,-215,-95,79.37,-262.52,-85.24
65,-215,-85,79.14,-261.76,-71.23
65,-215,-75,78.84,-260.77,-57.42
65,-215,-65,78.48,-259.59,-43.82
65,-215,-55,78.08,-258.25,-30.42
65,-215,-45,73.11,-241.84,-91.77
65,-215,-35,73.55,-243.29,-80.5
65,-215,-25,74.03,-244.87,-69.04
65,-215,-15,74.53,-246.53,-57.36
65,-215,-5,75.05,-248.25,-45.48
65,-215,5,75.05,-248.25,45.48
65,-215,15,74.53,-246.53,57.36
65,-215,25,74.03,-244.87,69.04
65,-215,35,73.55,-243.29,80.5
65,-215,45,73.11,-241.84,91.77
65,-215,55,78.08,-258.25,30.42
65,-215,65,78.48,-259.59,43.82
65,-215,75,78.84,-260.77,57.42
65,-215,85,79.14,-261.76,71.23
65,-215,95,79.37,-262.52,85.24
65,-215,105,79.52,-263.04,99.45
65,-215,115,79.6,-263.28,113.89
65,-215,125,79.57,-263.19,128.57
65,-215,135,79.42,-262.7,143.56
65,-215,145,79.12,-261.71,158.95
65,-215,155,78.61,-260.0,175.0
65,-205,-165,71.95,-226.92,-215.11
65,-205,-155,79.49,-250.7,-170.58
65,-205,-145,79.85,-251.83,-155.2
65,-205,-135,80.05,-252.45,-140.19
65,-205,-125,80.11,-252.66,-125.43
65,-205,-115,80.07,-252.53,-110.9
65,-205,-105,79.93,-252.1,-96.57
65,-205,-95,79.71,-251.39,-82.42
65,-205,-85,79.41,-250.44,-68.45
65,-205,-75,71.05,-224.07,-126.96
65,-205,-65,71.4,-225.2,-116.26
65,-205,-55,71.82,-226.52,-105.39
65,-205,-45,72.29,-228.0,-94.35
65,-205,-35,72.81,-229.64,-83.12
65,-205,-25,73.37,-231.4,-71.68
65,-205,-15,73.96,-233.25,-60.04
65,-205,-5,74.57,-235.18,-48.18
65,-205,5,74.57,-235.18,48.18
65,-205,15,73.96,-233.25,60.04
65,-205,25,73.37,-231.4,71.68
65,-205,35,72.81,-229.64,83.12
65,-205,45,72.29,-228.0,94.35
65,-205,55,71.82,-226.52,105.39
65,-205,65,71.4,-225.2,116.26
65,-205,75,71.05,-224.07,126.96
65,-205,85,79.41,-250.44,68.45
65,-205,95,79.71,-251.39,82.42
65,-205,105,79.93,-252.1,96.57
65,-205,115,80.07,-252.53,110.9
65,-205,125,80.11,-252.66,125.43
65,-205,135,80.05,-252.45,140.19
65,-205,145,79.85,-251.83,155.2
65,-205,155,79.49,-250.7,170.58
65,-205,165,71.95,-226.92,215.11
65,-195,-175,71.01,-213.03,-227.26
65,-195,-165,70.23,-210.7,-218.56
65,-195,-155,69.7,-209.1,-209.39
65,-195,-145,80.52,-241.55,-152.34
65,-195,-135,80.64,-241.92,-137.53
65,-195,-125,80.65,-241.94,-122.9
65,-195,-115,80.54,-241.63,-108.45
65,-195,-105,69.1,-207.3,-160.23
65,-195,-95,69.29,-207.86,-149.97
65,-195,-85,69.56,-208.67,-139.59
65,-195,-75,69.91,-209.72,-129.07
65,-195,-65,70.33,-210.99,-118.41
65,-195,-55,70.82,-212.46,-107.59
65,-195,-45,71.37,-214.11,-96.59
65,-195,-35,71.97,-215.92,-85.41
65,-195,-25,72.62,-217.87,-74.03
65,-195,-15,73.31,-219.92,-62.43
65,-195,-5,74.02,-222.05,-50.6
65,-195,5,74.02,-222.05,50.6
65,-195,15,73.31,-219.92,62.43
65,-195,25,72.62,-217.87,74.03
65,-195,35,71.97,-215.92,85.41
65,-195,45,71.37,-214.11,96.59
65,-195,55,70.82,-212.46,107.59
65,-195,65,70.33,-210.99,118.41
65,-195,75,69.91,-209.72,129.07
65,-195,85,69.56,-208.67,139.59
65,-195,95,69.29,-207.86,149.97
65,-195,105,69.1,-207.3,160.23
65,-195,115,80.54,-241.63,108.45
65,-195,125,80.65,-241.94,122.9
65,-195,135,80.64,-241.92,137.53
65,-195,145,80.52,-241.55,152.34
65,-195,155,69.7,-209.1,209.39
65,-195,165,70.23,-210.7,218.56
65,-195,175,71.01,-213.03,227.26
65,-185,-185,70.09,-199.48,-238.9
65,-185,-175,69.16,-196.85,-230.17
65,-185,-165,68.51,-194.99,-220.97
65,-185,-155,68.05,-193.67,-211.5
65,-185,-145,81.16,-231.01,-150.1
65,-185,-135,81.24,-231.21,-135.4
65,-185,-125,81.19,-231.08,-120.84
65,-185,-115,67.52,-192.16,-172.04
65,-185,-105,67.65,-192.56,-161.9
65,-185,-95,67.89,-193.22,-151.66
65,-185,-85,68.21,-194.14,-141.31
65,-185,-75,68.62,-195.31,-130.84
65,-185,-65,69.11,-196.71,-120.23
65,-185,65,69.11,-196.71,120.23
65,-185,75,68.62,-195.31,130.84
65,-185,85,68.21,-194.14,141.31
65,-185,95,67.89,-193.22,151.66
65,-185,105,67.65,-192.56,161.9
65,-185,115,67.52,-192.16,172.04
65,-185,125,81.19,-231.08,120.84
65,-185,135,81.24,-231.21,135.4
65,-185,145,81.16,-231.01,150.1
65,-185,155,68.05,-193.67,211.5
65,-185,165,68.51,-194.99,220.97
65,-185,175,69.16,-196.85,230.17
65,-185,185,70.09,-199.48,238.9
65,-175,-195,69.2,-186.32,-250.13
65,-175,-185,68.09,-183.32,-241.4
65,-175,-175,67.29,-181.15,-232.18
65,-175,-165,66.69,-179.56,-222.69
65,-175,-155,66.27,-178.42,-213.03
65,-175,-145,65.99,-177.66,-203.24
65,-175,-135,65.83,-177.24,-193.34
65,-175,-125,65.79,-177.13,-183.37
65,-175,-115,65.86,-177.32,-173.32
65,-175,-105,66.04,-177.79,-163.2
65,-175,-95,66.32,-178.54,-152.99
65,-175,95,66.32,-178.54,152.99
65,-175,105,66.04,-177.79,163.2
65,-175,115,65.86,-177.32,173.32
65,-175,125,65.79,-177.13,183.37
65,-175,135,65.83,-177.24,193.34
65,-175,145,65.99,-177.66,203.24
65,-175,155,66.27,-178.42,213.03
65,-175,165,66.69,-179.56,222.69
65,-175,175,67.29,-181.15,232.18
65,-175,185,68.09,-183.32,241.4
65,-175,195,69.2,-186.32,250.13
65,-165,-205,68.39,-173.62,-261.01
65,-165,-195,67.03,-170.15,-252.3
65,-165,-185,66.04,-167.63,-243.07
65,-165,-175,65.29,-165.74,-233.56
65,-165,-165,64.73,-164.32,-223.88
65,-165,-155,64.33,-163.3,-214.09
65,-165,-145,64.06,-162.62,-204.21
65,-165,-135,63.93,-162.27,-194.27
65,-165,-125,63.91,-162.23,-184.28
65,-165,-115,64.0,-162.47,-174.24
65,-165,-105,64.21,-163.01,-164.14
65,-165,105,64.21,-163.01,164.14
65,-165,115,64.0,-162.47,174.24
65,-165,125,63.91,-162.23,184.28
65,-165,135,63.93,-162.27,194.27
65,-165,145,64.06,-162.62,204.21
65,-165,155,64.33,-163.3,214.09
65,-165,165,64.73,-164.32,223.88
65,-165,175,65.29,-165.74,233.56
65,-165,185,66.04,-167.63,243.07
65,-165,195,67.03,-170.15,252.3
65,-165,205,68.39,-173.62,261.01
65,-155,-215,67.72,-161.48,-271.56
65,-155,-205,66.01,-157.4,-262.94
65,-155,-195,64.78,-154.47,-253.7
65,-155,-185,63.84,-152.24,-244.16
65,-155,-175,63.12,-150.52,-234.45
65,-155,-165,62.58,-149.22,-224.62
65,-155,-155,83.07,-198.1,-160.67
65,-155,-145,83.17,-198.34,-146.01
65,-155,-135,83.14,-198.25,-131.41
65,-155,-125,82.96,-197.84,-116.88
65,-155,125,82.96,-197.84,116.88
65,-155,135,83.14,-198.25,131.41
65,-155,145,83.17,-198.34,146.01
65,-155,155,83.07,-198.1,160.67
65,-155,165,62.58,-149.22,224.62
65,-155,175,63.12,-150.52,234.45
65,-155,185,63.84,-152.24,244.16
65,-155,195,64.78,-154.47,253.7
65,-155,205,66.01,-157.4,262.94
65,-155,215,67.72,-161.48,271.56
65,-145,-215,65.07,-145.15,-273.35
65,-145,-205,63.53,-141.73,-264.12
65,-145,-195,62.36,-139.12,-254.55
65,-145,-185,61.45,-137.08,-244.78
65,-145,-175,83.17,-185.54,-189.42
65,-145,-165,83.57,-186.43,-174.68
65,-145,-155,83.81,-186.95,-160.0
65,-145,-145,83.89,-187.14,-145.36
65,-145,-135,83.83,-187.01,-130.76
65,-145,135,83.83,-187.01,130.76
65,-145,145,83.89,-187.14,145.36
65,-145,155,83.81,-186.95,160.0
65,-145,165,83.57,-186.43,174.68
65,-145,175,83.17,-185.54,189.42
65,-145,185,61.45,-137.08,244.78
65,-145,195,62.36,-139.12,254.55
65,-145,205,63.53,-141.73,264.12
65,-145,215,65.07,-145.15,273.35
65,-135,-225,64.28,-133.5,-283.56
65,-135,-215,62.33,-129.45,-274.38
65,-135,-205,60.87,-126.42,-264.77
65,-135,-195,59.71,-124.02,-254.95
65,-135,-185,83.34,-173.09,-203.67
65,-135,-175,83.92,-174.29,-188.97
65,-135,-165,84.32,-175.13,-174.3
65,-135,-155,84.56,-175.62,-159.66
65,-135,-145,84.63,-175.78,-145.04
65,-135,145,84.63,-175.78,145.04
65,-135,155,84.56,-175.62,159.66
65,-135,165,84.32,-175.13,174.3
65,-135,175,83.92,-174.29,188.97
65,-135,185,83.34,-173.09,203.67
65,-135,195,59.71,-124.02,254.95
65,-135,205,60.87,-126.42,264.77
65,-135,215,62.33,-129.45,274.38
65,-135,225,64.28,-133.5,283.56
65,-125,-235,63.79,-122.68,-293.54
65,-125,-225,61.22,-117.74,-284.52
65,-125,-215,59.38,-114.18,-274.89
65,-125,-205,82.23,-158.14,-232.85
65,-125,-195,83.26,-160.11,-218.12
65,-125,-185,84.05,-161.64,-203.46
65,-125,-175,55.04,-105.86,-234.72
65,-125,-165,54.44,-104.69,-224.58
65,-125,-155,53.99,-103.82,-214.45
65,-125,155,53.99,-103.82,214.45
65,-125,165,54.44,-104.69,224.58
65,-125,175,55.04,-105.86,234.72
65,-125,185,84.05,-161.64,203.46
65,-125,195,83.26,-160.11,218.12
65,-125,205,82.23,-158.14,232.85
65,-125,215,59.38,-114.18,274.89
65,-125,225,61.22,-117.74,284.52
65,-125,235,63.79,-122.68,293.54
65,-115,-235,60.31,-106.71,-294.53
65,-115,-225,79.81,-141.19,-262.2
65,-115,-215,81.5,-144.2,-247.36
65,-115,-205,54.64,-96.67,-264.86
65,-115,-195,53.43,-94.54,-254.65
65,-115,-185,52.44,-92.77,-244.39
65,-115,-175,51.62,-91.33,-234.13
65,-115,-165,50.97,-90.17,-223.88
65,-115,165,50.97,-90.17,223.88
65,-115,175,51.62,-91.33,234.13
65,-115,185,52.44,-92.77,244.39
65,-115,195,53.43,-94.54,254.65
65,-115,205,54.64,-96.67,264.86
65,-115,215,81.5,-144.2,247.36
65,-115,225,79.81,-141.19,262.2
65,-115,235,60.31,-106.71,294.53
65,-105,-245,59.84,-96.66,-304.39
65,-105,-235,78.01,-126.01,-276.76
65,-105,-225,80.22,-129.58,-261.93
65,-105,-215,52.43,-84.69,-274.75
65,-105,-205,50.91,-82.24,-264.41
65,-105,-195,49.64,-80.19,-254.02
65,-105,-185,48.58,-78.48,-243.61
65,-105,-175,47.7,-77.05,-233.22
65,-105,-165,46.98,-75.89,-222.87
65,-105,165,46.98,-75.89,222.87
65,-105,175,47.7,-77.05,233.22
65,-105,185,48.58,-78.48,243.61
65,-105,195,49.64,-80.19,254.02
65,-105,205,50.91,-82.24,264.41
65,-105,215,52.43,-84.69,274.75
65,-105,225,80.22,-129.58,261.93
65,-105,235,78.01,-126.01,276.76
65,-105,245,59.84,-96.66,304.39
65,-95,-245,75.19,-109.89,-291.41
65,-95,-235,78.17,-114.24,-276.54
65,-95,-225,50.13,-73.27,-284.66
65,-95,-215,48.23,-70.48,-274.21
65,-95,-205,46.63,-68.16,-263.67
65,-95,-195,45.29,-66.19,-253.11
65,-95,-185,44.14,-64.52,-242.55
65,-95,-175,43.18,-63.11,-232.02
65,-95,175,43.18,-63.11,232.02
65,-95,185,44.14,-64.52,242.55
65,-95,195,45.29,-66.19,253.11
65,-95,205,46.63,-68.16,263.67
65,-95,215,48.23,-70.48,274.21
65,-95,225,50.13,-73.27,284.66
65,-95,235,78.17,-114.24,276.54
65,-95,245,75.19,-109.89,291.41
65,-85,-245,75.01,-98.08,-291.16
65,-85,-235,47.78,-62.49,-294.65
65,-85,-225,45.37,-59.34,-284.08
65,-85,-215,43.38,-56.73,-273.41
65,-85,-205,41.69,-54.52,-262.68
65,-85,-195,40.25,-52.63,-251.95
65,-85,-185,39.0,-51.0,-241.23
65,-85,185,39.0,-51.0,241.23
65,-85,195,40.25,-52.63,251.95
65,-85,205,41.69,-54.52,262.68
65,-85,215,43.38,-56.73,273.41
65,-85,225,45.37,-59.34,284.08
65,-85,235,47.78,-62.49,294.65
65,-85,245,75.01,-98.08,291.16
65,-75,-255,70.11,-80.9,-305.83
65,-75,-245,45.49,-52.49,-304.73
65,-75,-235,42.37,-48.89,-294.08
65,-75,-225,39.86,-45.99,-283.27
65,-75,-215,37.75,-43.55,-272.38
65,-75,-205,35.94,-41.47,-261.46
65,-75,-195,34.37,-39.66,-250.55
65,-75,-185,33.01,-38.09,-239.65
65,-75,185,33.01,-38.09,239.65
65,-75,195,34.37,-39.66,250.55
65,-75,205,35.94,-41.47,261.46
65,-75,215,37.75,-43.55,272.38
65,-75,225,39.86,-45.99,283.27
65,-75,235,42.37,-48.89,294.08
65,-75,245,45.49,-52.49,304.73
65,-75,255,70.11,-80.9,305.83
65,-65,-255,43.52,-43.52,-314.89
65,-65,-245,39.28,-39.28,-304.22
65,-65,-235,36.05,-36.05,-293.29
65,-65,-225,33.41,-33.41,-282.25
65,-65,-215,31.16,-31.16,-271.16
65,-65,-205,29.21,-29.21,-260.04
65,-65,-195,27.51,-27.51,-248.94
65,-65,-185,26.02,-26.02,-237.85
65,-65,185,26.02,-26.02,237.85
65,-65,195,27.51,-27.51,248.94
65,-65,205,29.21,-29.21,260.04
65,-65,215,31.16,-31.16,271.16
65,-65,225,33.41,-33.41,282.25
65,-65,235,36.05,-36.05,293.29
65,-65,245,39.28,-39.28,304.22
65,-65,255,43.52,-43.52,314.89
65,-55,-255,36.36,-30.77,-314.52
65,-55,-245,32.03,-27.11,-303.52
65,-55,-235,28.65,-24.25,-292.33
65,-55,-225,25.85,-21.87,-281.07
65,-55,-215,23.44,-19.83,-269.76
65,-55,-205,21.34,-18.06,-258.44
65,-55,-195,19.49,-16.49,-247.14
65,-55,195,19.49,-16.49,247.14
65,-55,205,21.34,-18.06,258.44
65,-55,215,23.44,-19.83,269.76
65,-55,225,25.85,-21.87,281.07
65,-55,235,28.65,-24.25,292.33
65,-55,245,32.03,-27.11,303.52
65,-55,255,36.36,-30.77,314.52
65,-45,-255,28.04,-19.41,-313.95
65,-45,-245,23.57,-16.32,-302.65
65,-45,-235,20.01,-13.85,-291.23
65,-45,-225,17.03,-11.79,-279.74
65,-45,-215,14.45,-10.0,-268.22
65,-45,-205,12.19,-8.44,-256.7
65,-45,-195,10.18,-7.05,-245.18
65,-45,195,10.18,-7.05,245.18
65,-45,205,12.19,-8.44,256.7
65,-45,215,14.45,-10.0,268.22
65,-45,225,17.03,-11.79,279.74
65,-45,235,20.01,-13.85,291.23
65,-45,245,23.57,-16.32,302.65
65,-45,255,28.04,-19.41,313.95
65,-35,-255,18.44,-9.93,-313.24
65,-35,-245,13.78,-7.42,-301.67
65,-35,-235,10.04,-5.41,-290.01
65,-35,-225,6.88,-3.7,-278.3
65,-35,-215,4.13,-2.22,-266.57
65,-35,-205,1.71,-0.92,-254.83
65,-35,-195,-0.45,0.24,-243.1
65,-35,195,-0.45,0.24,243.1
65,-35,205,1.71,-0.92,254.83
65,-35,215,4.13,-2.22,266.57
65,-35,225,6.88,-3.7,278.3
65,-35,235,10.04,-5.41,290.01
65,-35,245,13.78,-7.42,301.67
65,-35,255,18.44,-9.93,313.24
65,-25,-265,14.21,-5.47,-324.12
65,-25,-255,7.6,-2.92,-312.44
65,-25,-245,2.77,-1.06,-300.61
65,-25,-235,-1.15,0.44,-288.72
65,-25,-225,-4.48,1.72,-276.79
65,-25,-215,-7.38,2.84,-264.85
65,-25,-205,-9.94,3.82,-252.89
65,-25,-195,-12.23,4.7,-240.93
65,-25,195,-12.23,4.7,240.93
65,-25,205,-9.94,3.82,252.89
65,-25,215,-7.38,2.84,264.85
65,-25,225,-4.48,1.72,276.79
65,-25,235,-1.15,0.44,288.72
65,-25,245,2.77,-1.06,300.61
65,-25,255,7.6,-2.92,312.44
65,-25,265,14.21,-5.47,324.12
65,-15,-265,2.67,-0.62,-323.56
65,-15,-255,-4.06,0.94,-311.58
65,-15,-245,-9.03,2.08,-299.51
65,-15,-235,-13.08,3.02,-287.39
65,-15,-225,-16.54,3.82,-275.25
65,-15,-215,-19.55,4.51,-263.09
65,-15,-205,-22.22,5.13,-250.92
65,-15,-195,-24.61,5.68,-238.74
65,-15,195,-24.61,5.68,238.74
65,-15,205,-22.22,5.13,250.92
65,-15,215,-19.55,4.51,263.09
65,-15,225,-16.54,3.82,275.25
65,-15,235,-13.08,3.02,287.39
65,-15,245,-9.03,2.08,299.51
65,-15,255,-4.06,0.94,311.58
65,-15,265,2.67,-0.62,323.56
65,-5,-265,178.7,-13.75,-268.86
65,-5,-255,-15.01,1.15,-310.77
65,-5,-245,-20.06,1.54,-298.48
65,-5,-235,-24.19,1.86,-286.17
65,-5,-225,-27.7,2.13,-273.84
65,-5,-215,-30.77,2.37,-261.49
65,-5,-205,-33.49,2.58,-249.12
65,-5,-195,-35.92,2.76,-236.74
65,-5,195,-35.92,2.76,236.74
65,-5,205,-33.49,2.58,249.12
65,-5,215,-30.77,2.37,261.49
65,-5,225,-27.7,2.13,273.84
65,-5,235,-24.19,1.86,286.17
65,-5,245,-20.06,1.54,298.48
65,-5,255,-15.01,1.15,310.77
65,-5,265,178.7,-13.75,268.86
65,5,-265,178.7,13.75,-268.86
65,5,-255,-15.01,-1.15,-310.77
65,5,-245,-20.06,-1.54,-298.48
65,5,-235,-24.19,-1.86,-286.17
65,5,-225,-27.7,-2.13,-273.84
65,5,-215,-30.77,-2.37,-261.49
65,5,-205,-33.49,-2.58,-249.12
65,5,-195,-35.92,-2.76,-236.74
65,5,195,-35.92,-2.76,236.74
65,5,205,-33.49,-2.58,249.12
65,5,215,-30.77,-2.37,261.49
65,5,225,-27.7,-2.13,273.84
65,5,235,-24.19,-1.86,286.17
65,5,245,-20.06,-1.54,298.48
65,5,255,-15.01,-1.15,310.77
65,5,265,178.7,13.75,268.86
65,15,-265,2.67,0.62,-323.56
65,15,-255,-4.06,-0.94,-311.58
65,15,-245,-9.03,-2.08,-299.51
65,15,-235,-13.08,-3.02,-287.39
65,15,-225,-16.54,-3.82,-275.25
65,15,-215,-19.55,-4.51,-263.09
65,15,-205,-22.22,-5.13,-250.92
65,15,-195,-24.61,-5.68,-238.74
65,15,195,-24.61,-5.68,238.74
65,15,205,-22.22,-5.13,250.92
65,15,215,-19.55,-4.51,263.09
65,15,225,-16.54,-3.82,275.25
65,15,235,-13.08,-3.02,287.39
65,15,245,-9.03,-2.08,299.51
65,15,255,-4.06,-0.94,311.58
65,15,265,2.67,0.62,323.56
65,25,-265,14.21,5.47,-324.12
65,25,-255,7.6,2.92,-312.44
65,25,-245,2.77,1.06,-300.61
65,25,-235,-1.15,-0.44,-288.72
65,25,-225,-4.48,-1.72,-276.79
65,25,-215,-7.38,-2.84,-264.85
65,25,-205,-9.94,-3.82,-252.89
65,25,-195,-12.23,-4.7,-240.93
65,25,195,-12.23,-4.7,240.93
65,25,205,-9.94,-3.82,252.89
65,25,215,-7.38,-2.84,264.85
65,25,225,-4.48,-1.72,276.79
65,25,235,-1.15,-0.44,288.72
65,25,245,2.77,1.06,300.61
65,25,255,7.6,2.92,312.44
65,25,265,14.21,5.47,324.12
65,35,-255,18.44,9.93,-313.24
65,35,-245,13.78,7.42,-301.67
65,35,-235,10.04,5.41,-290.01
65,35,-225,6.88,3.7,-278.3
65,35,-215,4.13,2.22,-266.57
65,35,-205,1.71,0.92,-254.83
65,35,-195,-0.45,-0.24,-243.1
65,35,195,-0.45,-0.24,243.1
65,35,205,1.71,0.92,254.83
65,35,215,4.13,2.22,266.57
65,35,225,6.88,3.7,278.3
65,35,235,10.04,5.41,290.01
65,35,245,13.78,7.42,301.67
65,35,255,18.44,9.93,313.24
65,45,-255,28.04,19.41,-313.95
65,45,-245,23.57,16.32,-302.65
65,45,-235,20.01,13.85,-291.23
65,45,-225,17.03,11.79,-279.74
65,45,-215,14.45,10.0,-268.22
65,45,-205,12.19,8.44,-256.7
65,45,-195,10.18,7.05,-245.18
65,45,195,10.18,7.05,245.18
65,45,205,12.19,8.44,256.7
65,45,215,14.45,10.0,268.22
65,45,225,17.03,11.79,279.74
65,45,235,20.01,13.85,291.23
65,45,245,23.57,16.32,302.65
65,45,255,28.04,19.41,313.95
65,55,-255,36.36,30.77,-314.52
65,55,-245,32.03,27.11,-303.52
65,55,-235,28.65,24.25,-292.33
65,55,-225,25.85,21.87,-281.07
65,55,-215,23.44,19.83,-269.76
65,55,-205,21.34,18.06,-258.44
65,55,-195,19.49,16.49,-247.14
65,55,195,19.49,16.49,247.14
65,55,205,21.34,18.06,258.44
65,55,215,23.44,19.83,269.76
65,55,225,25.85,21.87,281.07
65,55,235,28.65,24.25,292.33
65,55,245,32.03,27.11,303.52
65,55,255,36.36,30.77,314.52
65,65,-255,43.52,43.52,-314.89
65,65,-245,39.28,39.28,-304.22
65,65,-235,36.05,36.05,-293.29
65,65,-225,33.41,33.41,-282.25
65,65,-215,31.16,31.16,-271.16
65,65,-205,29.21,29.21,-260.04
65,65,-195,27.51,27.51,-248.94
65,65,-185,26.02,26.02,-237.85
65,65,185,26.02,26.02,237.85
65,65,195,27.51,27.51,248.94
65,65,205,29.21,29.21,260.04
65,65,215,31.16,31.16,271.16
65,65,225,33.41,33.41,282.25
65,65,235,36.05,36.05,293.29
65,65,245,39.28,39.28,304.22
65,65,255,43.52,43.52,314.89
65,75,-255,70.11,80.9,-305.83
65,75,-245,45.49,52.49,-304.73
65,75,-235,42.37,48.89,-294.08
65,75,-225,39.86,45.99,-283.27
65,75,-215,37.75,43.55,-272.38
65,75,-205,35.94,41.47,-261.46
65,75,-195,34.37,39.66,-250.55
65,75,-185,33.01,38.09,-239.65
65,75,185,33.01,38.09,239.65
65,75,195,34.37,39.66,250.55
65,75,205,35.94,41.47,261.46
65,75,215,37.75,43.55,272.38
65,75,225,39.86,45.99,283.27
65,75,235,42.37,48.89,294.08
65,75,245,45.49,52.49,304.73
65,75,255,70.11,80.9,305.83
65,85,-245,75.01,98.08,-291.16
65,85,-235,47.78,62.49,-294.65
65,85,-225,45.37,59.34,-284.08
65,85,-215,43.38,56.73,-273.41
65,85,-205,41.69,54.52,-262.68
65,85,-195,40.25,52.63,-251.95
65,85,-185,39.0,51.0,-241.23
65,85,185,39.0,51.0,241.23
65,85,195,40.25,52.63,251.95
65,85,205,41.69,54.52,262.68
65,85,215,43.38,56.73,273.41
65,85,225,45.37,59.34,284.08
65,85,235,47.78,62.49,294.65
65,85,245,75.01,98.08,291.16
65,95,-245,75.19,109.89,-291.41
65,95,-235,78.17,114.24,-276.54
65,95,-225,50.13,73.27,-284.66
65,95,-215,48.23,70.48,-274.21
65,95,-205,46.63,68.16,-263.67
65,95,-195,45.29,66.19,-253.11
65,95,-185,44.14,64.52,-242.55
65,95,-175,43.18,63.11,-232.02
65,95,175,43.18,63.11,232.02
65,95,185,44.14,64.52,242.55
65,95,195,45.29,66.19,253.11
65,95,205,46.63,68.16,263.67
65,95,215,48.23,70.48,274.21
65,95,225,50.13,73.27,284.66
65,95,235,78.17,114.24,276.54
65,95,245,75.19,109.89,291.41
65,105,-245,59.84,96.66,-304.39
65,105,-235,78.01,126.01,-276.76
65,105,-225,80.22,129.58,-261.93
65,105,-215,52.43,84.69,-274.75
65,105,-205,50.91,82.24,-264.41
65,105,-195,49.64,80.19,-254.02
65,105,-185,48.58,78.48,-243.61
65,105,-175,47.7,77.05,-233.22
65,105,-165,46.98,75.89,-222.87
65,105,165,46.98,75.89,222.87
65,105,175,47.7,77.05,233.22
65,105,185,48.58,78.48,243.61
65,105,195,49.64,80.19,254.02
65,105,205,50.91,82.24,264.41
65,105,215,52.43,84.69,274.75
65,105,225,80.22,129.58,261.93
65,105,235,78.01,126.01,276.76
65,105,245,59.84,96.66,304.39
65,115,-235,60.31,106.71,-294.53
65,115,-225,79.81,141.19,-262.2
65,115,-215,81.5,144.2,-247.36
65,115,-205,54.64,96.67,-264.86
65,115,-195,53.43,94.54,-254.65
65,115,-185,52.44,92.77,-244.39
65,115,-175,51.62,91.33,-234.13
65,115,-165,50.97,90.17,-223.88
65,115,165,50.97,90.17,223.88
65,115,175,51.62,91.33,234.13
65,115,185,52.44,92.77,244.39
65,115,195,53.43,94.54,254.65
65,115,205,54.64,96.67,264.86
65,115,215,81.5,144.2,247.36
65,115,225,79.81,141.19,262.2
65,115,235,60.31,106.71,294.53
65,125,-235,63.79,122.68,-293.54
65,125,-225,61.22,117.74,-284.52
65,125,-215,59.38,114.18,-274.89
65,125,-205,82.23,158.14,-232.85
65,125,-195,83.26,160.11,-218.12
65,125,-185,84.05,161.64,-203.46
65,125,-175,55.04,105.86,-234.72
65,125,-165,54.44,104.69,-224.58
65,125,-155,53.99,103.82,-214.45
65,125,155,53.99,103.82,214.45
65,125,165,54.44,104.69,224.58
65,125,175,55.04,105.86,234.72
65,125,185,84.05,161.64,203.46
65,125,195,83.26,160.11,218.12
65,125,205,82.23,158.14,232.85
65,125,215,59.38,114.18,274.89
65,125,225,61.22,117.74,284.52
65,125,235,63.79,122.68,293.54
65,135,-225,64.28,133.5,-283.56
65,135,-215,62.33,129.45,-274.38
65,135,-205,60.87,126.42,-264.77
65,135,-195,59.71,124.02,-254.95
65,135,-185,83.34,173.09,-203.67
65,135,-175,83.92,174.29,-188.97
65,135,-165,84.32,175.13,-174.3
65,135,-155,84.56,175.62,-159.66
65,135,-145,84.63,175.78,-145.04
65,135,145,84.63,175.78,145.04
65,135,155,84.56,175.62,159.66
65,135,165,84.32,175.13,174.3
65,135,175,83.92,174.29,188.97
65,135,185,83.34,173.09,203.67
65,135,195,59.71,124.02,254.95
65,135,205,60.87,126.42,264.77
65,135,215,62.33,129.45,274.38
65,135,225,64.28,133.5,283.56
65,145,-215,65.07,145.15,-273.35
65,145,-205,63.53,141.73,-264.12
65,145,-195,62.36,139.12,-254.55
65,145,-185,61.45,137.08,-244.78
65,145,-175,83.17,185.54,-189.42
65,145,-165,83.57,186.43,-174.68
65,145,-155,83.81,186.95,-160.0
65,145,-145,83.89,187.14,-145.36
65,145,-135,83.83,187.01,-130.76
65,145,135,83.83,187.01,130.76
65,145,145,83.89,187.14,145.36
65,145,155,83.81,186.95,160.0
65,145,165,83.57,186.43,174.68
65,145,175,83.17,185.54,189.42
65,145,185,61.45,137.08,244.78
65,145,195,62.36,139.12,254.55
65,145,205,63.53,141.73,264.12
65,145,215,65.07,145.15,273.35
65,155,-215,67.72,161.48,-271.56
65,155,-205,66.01,157.4,-262.94
65,155,-195,64.78,154.47,-253.7
65,155,-185,63.84,152.24,-244.16
65,155,-175,63.12,150.52,-234.45
65,155,-165,62.58,149.22,-224.62
65,155,-155,83.07,198.1,-160.67
65,155,-145,83.17,198.34,-146.01
65,155,-135,83.14,198.25,-131.41
65,155,-125,82.96,197.84,-116.88
65,155,125,82.96,197.84,116.88
65,155,135,83.14,198.25,131.41
65,155,145,83.17,198.34,146.01
65,155,155,83.07,198.1,160.67
65,155,165,62.58,149.22,224.62
65,155,175,63.12,150.52,234.45
65,155,185,63.84,152.24,244.16
65,155,195,64.78,154.47,253.7
65,155,205,66.01,157.4,262.94
65,155,215,67.72,161.48,271.56
65,165,-205,68.39,173.62,-261.01
65,165,-195,67.03,170.15,-252.3
65,165,-185,66.04,167.63,-243.07
65,165,-175,65.29,165.74,-233.56
65,165,-165,64.73,164.32,-223.88
65,165,-155,64.33,163.3,-214.09
65,165,-145,64.06,162.62,-204.21
65,165,-135,63.93,162.27,-194.27
65,165,-125,63.91,162.23,-184.28
65,165,-115,64.0,162.47,-174.24
65,165,-105,64.21,163.01,-164.14
65,165,105,64.21,163.01,164.14
65,165,115,64.0,162.47,174.24
65,165,125,63.91,162.23,184.28
65,165,135,63.93,162.27,194.27
65,165,145,64.06,162.62,204.21
65,165,155,64.33,163.3,214.09
65,165,165,64.73,164.32,223.88
65,165,175,65.29,165.74,233.56
65,165,185,66.04,167.63,243.07
65,165,195,67.03,170.15,252.3
65,165,205,68.39,173.62,261.01
65,175,-195,69.2,186.32,-250.13
65,175,-185,68.09,183.32,-241.4
65,175,-175,67.29,181.15,-232.18
65,175,-165,66.69,179.56,-222.69
65,175,-155,66.27,178.42,-213.03
65,175,-145,65.99,177.66,-203.24
65,175,-135,65.83,177.24,-193.34
65,175,-125,65.79,177.13,-183.37
65,175,-115,65.86,177.32,-173.32
65,175,-105,66.04,177.79,-163.2
65,175,-95,66.32,178.54,-152.99
65,175,95,66.32,178.54,152.99
65,175,105,66.04,177.79,163.2
65,175,115,65.86,177.32,173.32
65,175,125,65.79,177.13,183.37
65,175,135,65.83,177.24,193.34
65,175,145,65.99,177.66,203.24
65,175,155,66.27,178.42,213.03
65,175,165,66.69,179.56,222.69
65,175,175,67.29,181.15,232.18
65,175,185,68.09,183.32,241.4
65,175,195,69.2,186.32,250.13
65,185,-185,70.09,199.48,-238.9
65,185,-175,69.16,196.85,-230.17
65,185,-165,68.51,194.99,-220.97
65,185,-155,68.05,193.67,-211.5
65,185,-145,81.16,231.01,-150.1
65,185,-135,81.24,231.21,-135.4
65,185,-125,81.19,231.08,-120.84
65,185,-115,67.52,192.16,-172.04
65,185,-105,67.65,192.56,-161.9
65,185,-95,67.89,193.22,-151.66
65,185,-85,68.21,194.14,-141.31
65,185,-75,68.62,195.31,-130.84
65,185,-65,69.11,196.71,-120.23
65,185,65,69.11,196.71,120.23
65,185,75,68.62,195.31,130.84
65,185,85,68.21,194.14,141.31
65,185,95,67.89,193.22,151.66
65,185,105,67.65,192.56,161.9
65,185,115,67.52,192.16,172.04
65,185,125,81.19,231.08,120.84
65,185,135,81.24,231.21,135.4
65,185,145,81.16,231.01,150.1
65,185,155,68.05,193.67,211.5
65,185,165,68.51,194.99,220.97
65,185,175,69.16,196.85,230.17
65,185,185,70.09,199.48,238.9
65,195,-175,71.01,213.03,-227.26
65,195,-165,70.23,210.7,-218.56
65,195,-155,69.7,209.1,-209.39
65,195,-145,80.52,241.55,-152.34
65,195,-135,80.64,241.92,-137.53
65,195,-125,80.65,241.94,-122.9
65,195,-115,80.54,241.63,-108.45
65,195,-105,69.1,207.3,-160.23
65,195,-95,69.29,207.86,-149.97
65,195,-85,69.56,208.67,-139.59
65,195,-75,69.91,209.72,-129.07
65,195,-65,70.33,210.99,-118.41
65,195,-55,70.82,212.46,-107.59
65,195,-45,71.37,214.11,-96.59
65,195,-35,71.97,215.92,-85.41
65,195,-25,72.62,217.87,-74.03
65,195,-15,73.31,219.92,-62.43
65,195,-5,74.02,222.05,-50.6
65,195,5,74.02,222.05,50.6
65,195,15,73.31,219.92,62.43
65,195,25,72.62,217.87,74.03
65,195,35,71.97,215.92,85.41
65,195,45,71.37,214.11,96.59
65,195,55,70.82,212.46,107.59
65,195,65,70.33,210.99,118.41
65,195,75,69.91,209.72,129.07
65,195,85,69.56,208.67,139.59
65,195,95,69.29,207.86,149.97
65,195,105,69.1,207.3,160.23
65,195,115,80.54,241.63,108.45
65,195,125,80.65,241.94,122.9
65,195,135,80.64,241.92,137.53
65,195,145,80.52,241.55,152.34
65,195,155,69.7,209.1,209.39
65,195,165,70.23,210.7,218.56
65,195,175,71.01,213.03,227.26
65,205,-165,71.95,226.92,-215.11
65,205,-155,79.49,250.7,-170.58
65,205,-145,79.85,251.83,-155.2
65,205,-135,80.05,252.45,-140.19
65,205,-125,80.11,252.66,-125.43
65,205,-115,80.07,252.53,-110.9
65,205,-105,79.93,252.1,-96.57
65,205,-95,79.71,251.39,-82.42
65,205,-85,79.41,250.44,-68.45
65,205,-75,71.05,224.07,-126.96
65,205,-65,71.4,225.2,-116.26
65,205,-55,71.82,226.52,-105.39
65,205,-45,72.29,228.0,-94.35
65,205,-35,72.81,229.64,-83.12
65,205,-25,73.37,231.4,-71.68
65,205,-15,73.96,233.25,-60.04
65,205,-5,74.57,235.18,-48.18
65,205,5,74.57,235.18,48.18
65,205,15,73.96,233.25,60.04
65,205,25,73.37,231.4,71.68
65,205,35,72.81,229.64,83.12
65,205,45,72.29,228.0,94.35
65,205,55,71.82,226.52,105.39
65,205,65,71.4,225.2,116.26
65,205,75,71.05,224.07,126.96
65,205,85,79.41,250.44,68.45
65,205,95,79.71,251.39,82.42
65,205,105,79.93,252.1,96.57
65,205,115,80.07,252.53,110.9
65,205,125,80.11,252.66,125.43
65,205,135,80.05,252.45,140.19
65,205,145,79.85,251.83,155.2
65,205,155,79.49,250.7,170.58
65,205,165,71.95,226.92,215.11
65,215,-155,78.61,260.0,-175.0
65,215,-145,79.12,261.71,-158.95
65,215,-135,79.42,262.7,-143.56
65,215,-125,79.57,263.19,-128.57
65,215,-115,79.6,263.28,-113.89
65,215,-105,79.52,263.04,-99.45
65,215,-95,79.37,262.52,-85.24
65,215,-85,79.14,261.76,-71.23
65,215,-75,78.84,260.77,-57.42
65,215,-65,78.48,259.59,-43.82
65,215,-55,78.08,258.25,-30.42
65,215,-45,73.11,241.84,-91.77
65,215,-35,73.55,243.29,-80.5
65,215,-25,74.03,244.87,-69.04
65,215,-15,74.53,246.53,-57.36
65,215,-5,75.05,248.25,-45.48
65,215,5,75.05,248.25,45.48
65,215,15,74.53,246.53,57.36
65,215,25,74.03,244.87,69.04
65,215,35,73.55,243.29,80.5
65,215,45,73.11,241.84,91.77
65,215,55,78.08,258.25,30.42
65,215,65,78.48,259.59,43.82
65,215,75,78.84,260.77,57.42
65,215,85,79.14,261.76,71.23
65,215,95,79.37,262.52,85.24
65,215,105,79.52,263.04,99.45
65,215,115,79.6,263.28,113.89
65,215,125,79.57,263.19,128.57
65,215,135,79.42,262.7,143.56
65,215,145,79.12,261.71,158.95
65,215,155,78.61,260.0,175.0
65,225,-135,78.72,272.48,-148.06
65,225,-125,78.98,273.4,-132.58
65,225,-115,79.1,273.8,-117.59
65,225,-105,79.1,273.82,-102.96
65,225,-95,79.02,273.53,-88.61
65,225,-85,78.86,272.97,-74.51
65,225,-75,78.63,272.18,-60.65
65,225,-65,78.35,271.2,-47.0
65,225,-55,78.02,270.06,-33.57
65,225,-45,77.65,268.77,-20.36
65,225,-35,77.24,267.38,-7.37
65,225,-25,76.82,265.91,5.41
65,225,-15,76.38,264.38,17.96
65,225,-5,75.93,262.82,30.3
65,225,5,75.93,262.82,-30.3
65,225,15,76.38,264.38,-17.96
65,225,25,76.82,265.91,-5.41
65,225,35,77.24,267.38,7.37
65,225,45,77.65,268.77,20.36
65,225,55,78.02,270.06,33.57
65,225,65,78.35,271.2,47.0
65,225,75,78.63,272.18,60.65
65,225,85,78.86,272.97,74.51
65,225,95,79.02,273.53,88.61
65,225,105,79.1,273.82,102.96
65,225,115,79.1,273.8,117.59
65,225,125,78.98,273.4,132.58
65,225,135,78.72,272.48,148.06
65,235,-125,78.27,282.97,-138.15
65,235,-115,78.53,283.93,-122.44
65,235,-105,78.64,284.33,-107.38
65,235,-95,78.65,284.34,-92.76
65,235,-85,78.56,284.03,-78.48
65,235,-75,78.41,283.48,-64.48
65,235,-65,78.2,282.72,-50.75
65,235,-55,77.94,281.79,-37.25
65,235,-45,77.64,280.72,-23.99
65,235,-35,77.32,279.53,-10.96
65,235,-25,76.97,278.27,1.84
65,235,-15,76.6,276.95,14.42
65,235,-5,76.23,275.6,26.78
65,235,5,76.23,275.6,-26.78
65,235,15,76.6,276.95,-14.42
65,235,25,76.97,278.27,-1.84
65,235,35,77.32,279.53,10.96
65,235,45,77.64,280.72,23.99
65,235,55,77.94,281.79,37.25
65,235,65,78.2,282.72,50.75
65,235,75,78.41,283.48,64.48
65,235,85,78.56,284.03,78.48
65,235,95,78.65,284.34,92.76
65,235,105,78.64,284.33,107.38
65,235,115,78.53,283.93,122.44
65,235,125,78.27,282.97,138.15
65,245,-105,78.07,294.26,-113.54
65,245,-95,78.2,294.77,-98.23
65,245,-85,78.22,294.83,-83.52
65,245,-75,78.15,294.58,-69.25
65,245,-65,78.02,294.09,-55.32
65,245,-55,77.84,293.4,-41.68
65,245,-45,77.62,292.57,-28.32
65,245,-35,77.37,291.61,-15.22
65,245,-25,77.09,290.56,-2.36
65,245,-15,76.8,289.46,10.26
65,245,-5,76.5,288.33,22.64
65,245,5,76.5,288.33,-22.64
65,245,15,76.8,289.46,-10.26
65,245,25,77.09,290.56,2.36
65,245,35,77.37,291.61,15.22
65,245,45,77.62,292.57,28.32
65,245,55,77.84,293.4,41.68
65,245,65,78.02,294.09,55.32
65,245,75,78.15,294.58,69.25
65,245,85,78.22,294.83,83.52
65,245,95,78.2,294.77,98.23
65,245,105,78.07,294.26,113.54
65,255,-75,77.82,305.28,-75.75
65,255,-65,77.79,305.18,-61.32
65,255,-55,77.7,304.81,-47.35
65,255,-45,77.56,304.26,-33.77
65,255,-35,77.38,303.56,-20.5
65,255,-25,77.18,302.77,-7.54
65,255,-15,76.96,301.91,5.15
65,255,-5,76.73,301.01,17.58
65,255,5,76.73,301.01,-17.58
65,255,15,76.96,301.91,-5.15
65,255,25,77.18,302.77,7.54
65,255,35,77.38,303.56,20.5
65,255,45,77.56,304.26,33.77
65,255,55,77.7,304.81,47.35
65,255,65,77.79,305.18,61.32
65,255,75,77.82,305.28,75.75
65,265,-25,77.22,314.81,-14.62
65,265,-15,77.08,314.25,-1.75
65,265,-5,76.93,313.64,10.76
65,265,5,76.93,313.64,-10.76
65,265,15,77.08,314.25,1.75
65,265,25,77.22,314.81,14.62
75,-255,-65,88.98,-302.53,-61.6
75,-255,-55,88.88,-302.19,-47.62
75,-255,-45,88.72,-301.65,-34.02
75,-255,-35,88.52,-300.97,-20.74
75,-255,-25,88.29,-300.2,-7.77
75,-255,-15,88.05,-299.36,4.93
75,-255,-5,87.79,-298.48,17.35
75,-255,5,87.79,-298.48,-17.35
75,-255,15,88.05,-299.36,-4.93
75,-255,25,88.29,-300.2,7.77
75,-255,35,88.52,-300.97,20.74
75,-255,45,88.72,-301.65,34.02
75,-255,55,88.88,-302.19,47.62
75,-255,65,88.98,-302.53,61.6
75,-245,-95,89.38,-291.98,-98.5
75,-245,-85,89.41,-292.07,-83.76
75,-245,-75,89.34,-291.84,-69.47
75,-245,-65,89.19,-291.36,-55.53
75,-245,-55,88.99,-290.69,-41.88
75,-245,-45,88.74,-289.87,-28.52
75,-245,-35,88.45,-288.94,-15.41
75,-245,-25,88.14,-287.91,-2.55
75,-245,-15,87.81,-286.83,10.07
75,-245,-5,87.47,-285.72,22.46
75,-245,5,87.47,-285.72,-22.46
75,-245,15,87.81,-286.83,-10.07
75,-245,25,88.14,-287.91,2.55
75,-245,35,88.45,-288.94,15.41
75,-245,45,88.74,-289.87,28.52
75,-245,55,88.99,-290.69,41.88
75,-245,65,89.19,-291.36,55.53
75,-245,75,89.34,-291.84,69.47
75,-245,85,89.41,-292.07,83.76
75,-245,95,89.38,-291.98,98.5
75,-235,-115,89.69,-281.02,-122.69
75,-235,-105,89.82,-281.44,-107.6
75,-235,-95,89.83,-281.46,-92.96
75,-235,-85,89.74,-281.17,-78.67
75,-235,-75,89.56,-280.64,-64.66
75,-235,-65,89.33,-279.89,-50.92
75,-235,-55,89.04,-278.98,-37.42
75,-235,-45,88.7,-277.93,-24.16
75,-235,-35,88.33,-276.77,-11.13
75,-235,-25,87.93,-275.53,1.68
75,-235,-15,87.52,-274.23,14.26
75,-235,-5,87.1,-272.91,26.62
75,-235,5,87.1,-272.91,-26.62
75,-235,15,87.52,-274.23,-14.26
75,-235,25,87.93,-275.53,-1.68
75,-235,35,88.33,-276.77,11.13
75,-235,45,88.7,-277.93,24.16
75,-235,55,89.04,-278.98,37.42
75,-235,65,89.33,-279.89,50.92
75,-235,75,89.56,-280.64,64.66
75,-235,85,89.74,-281.17,78.67
75,-235,95,89.83,-281.46,92.96
75,-235,105,89.82,-281.44,107.6
75,-235,115,89.69,-281.02,122.69
75,-225,-135,89.81,-269.43,-148.3
75,-225,-125,90.12,-270.37,-132.78
75,-225,-115,90.26,-270.79,-117.78
75,-225,-105,90.27,-270.82,-103.13
75,-225,-95,90.18,-270.54,-88.77
75,-225,-85,90.0,-270.0,-74.67
75,-225,-75,89.74,-269.23,-60.8
75,-225,-65,89.42,-268.27,-47.15
75,-225,-55,89.05,-267.15,-33.73
75,-225,-45,88.63,-265.89,-20.51
75,-225,-35,88.18,-264.53,-7.52
75,-225,-25,87.69,-263.08,5.26
75,-225,-15,87.19,-261.58,17.82
75,-225,-5,86.68,-260.05,30.16
75,-225,5,86.68,-260.05,-30.16
75,-225,15,87.19,-261.58,-17.82
75,-225,25,87.69,-263.08,-5.26
75,-225,35,88.18,-264.53,7.52
75,-225,45,88.63,-265.89,20.51
75,-225,55,89.05,-267.15,33.73
75,-225,65,89.42,-268.27,47.15
75,-225,75,89.74,-269.23,60.8
75,-225,85,90.0,-270.0,74.67
75,-225,95,90.18,-270.54,88.77
75,-225,105,90.27,-270.82,103.13
75,-225,115,90.26,-270.79,117.78
75,-225,125,90.12,-270.37,132.78
75,-225,135,89.81,-269.43,148.3
75,-215,-145,90.19,-258.55,-159.16
75,-215,-135,90.54,-259.54,-143.74
75,-215,-125,90.71,-260.04,-128.73
75,-215,-115,90.75,-260.14,-114.04
75,-215,-105,90.67,-259.92,-99.6
75,-215,-95,90.49,-259.42,-85.38
75,-215,-85,90.23,-258.67,-71.37
75,-215,-75,89.9,-257.7,-57.56
75,-215,-65,89.49,-256.55,-43.96
75,-215,-55,82.97,-237.85,-102.71
75,-215,-45,83.42,-239.14,-91.64
75,-215,-35,83.92,-240.57,-80.37
75,-215,-25,84.46,-242.11,-68.9
75,-215,-15,85.03,-243.74,-57.23
75,-215,-5,85.61,-245.43,-45.35
75,-215,5,85.61,-245.43,45.35
75,-215,15,85.03,-243.74,57.23
75,-215,25,84.46,-242.11,68.9
75,-215,35,83.92,-240.57,80.37
75,-215,45,83.42,-239.14,91.64
75,-215,55,82.97,-237.85,102.71
75,-215,65,89.49,-256.55,43.96
75,-215,75,89.9,-257.7,57.56
75,-215,85,90.23,-258.67,71.37
75,-215,95,90.49,-259.42,85.38
75,-215,105,90.67,-259.92,99.6
75,-215,115,90.75,-260.14,114.04
75,-215,125,90.71,-260.04,128.73
75,-215,135,90.54,-259.54,143.74
75,-215,145,90.19,-258.55,159.16
75,-205,-165,82.07,-224.31,-214.91
75,-205,-155,90.51,-247.4,-170.76
75,-205,-145,90.93,-248.54,-155.36
75,-205,-135,91.16,-249.16,-140.33
75,-205,-125,91.24,-249.38,-125.57
75,-205,-115,91.19,-249.26,-111.04
75,-205,-105,91.04,-248.84,-96.7
75,-205,-95,90.79,-248.15,-82.54
75,-205,-85,80.67,-220.51,-137.39
75,-205,-75,81.0,-221.4,-126.84
75,-205,-65,81.4,-222.5,-116.14
75,-205,-55,81.87,-223.79,-105.28
75,-205,-45,82.41,-225.25,-94.23
75,-205,-35,82.99,-226.85,-83.0
75,-205,-25,83.62,-228.57,-71.56
75,-205,-15,84.29,-230.39,-59.92
75,-205,-5,84.98,-232.27,-48.06
75,-205,5,84.98,-232.27,48.06
75,-205,15,84.29,-230.39,59.92
75,-205,25,83.62,-228.57,71.56
75,-205,35,82.99,-226.85,83.0
75,-205,45,82.41,-225.25,94.23
75,-205,55,81.87,-223.79,105.28
75,-205,65,81.4,-222.5,116.14
75,-205,75,81.0,-221.4,126.84
75,-205,85,80.67,-220.51,137.39
75,-205,95,90.79,-248.15,82.54
75,-205,105,91.04,-248.84,96.7
75,-205,115,91.19,-249.26,111.04
75,-205,125,91.24,-249.38,125.57
75,-205,135,91.16,-249.16,140.33
75,-205,145,90.93,-248.54,155.36
75,-205,155,90.51,-247.4,170.76
75,-205,165,82.07,-224.31,214.91
75,-195,-175,80.91,-210.36,-227.07
75,-195,-165,80.02,-208.04,-218.42
75,-195,-155,79.4,-206.44,-209.26
75,-195,-145,91.58,-238.1,-152.47
75,-195,-135,91.73,-238.49,-137.65
75,-195,-125,91.73,-238.51,-123.02
75,-195,-115,91.62,-238.22,-108.57
75,-195,-105,78.71,-204.64,-160.13
75,-195,-95,78.92,-205.18,-149.88
75,-195,-85,79.22,-205.97,-139.49
75,-195,-75,79.61,-207.0,-128.98
75,-195,-65,80.09,-208.24,-118.31
75,-195,-55,80.65,-209.68,-107.48
75,-195,-45,81.27,-211.3,-96.49
75,-195,-35,81.95,-213.07,-85.3
75,-195,-25,82.68,-214.97,-73.91
75,-195,-15,83.46,-216.98,-62.31
75,-195,-5,84.26,-219.06,-50.48
75,-195,5,84.26,-219.06,50.48
75,-195,15,83.46,-216.98,62.31
75,-195,25,82.68,-214.97,73.91
75,-195,35,81.95,-213.07,85.3
75,-195,45,81.27,-211.3,96.49
75,-195,55,80.65,-209.68,107.48
75,-195,65,80.09,-208.24,118.31
75,-195,75,79.61,-207.0,128.98
75,-195,85,79.22,-205.97,139.49
75,-195,95,78.92,-205.18,149.88
75,-195,105,78.71,-204.64,160.13
75,-195,115,91.62,-238.22,108.57
75,-195,125,91.73,-238.51,123.02
75,-195,135,91.73,-238.49,137.65
75,-195,145,91.58,-238.1,152.47
75,-195,155,79.4,-206.44,209.26
75,-195,165,80.02,-208.04,218.42
75,-195,175,80.91,-210.36,227.07
75,-185,-185,79.77,-196.75,-238.73
75,-185,-175,78.71,-194.14,-230.04
75,-185,-165,77.96,-192.3,-220.86
75,-185,-155,77.43,-190.99,-211.4
75,-185,-145,77.07,-190.1,-201.74
75,-185,-135,92.28,-227.61,-135.5
75,-185,-125,76.78,-189.38,-182.0
75,-185,-115,76.82,-189.48,-171.96
75,-185,-105,76.97,-189.86,-161.82
75,-185,-95,77.23,-190.51,-151.58
75,-185,-85,77.6,-191.41,-141.23
75,-185,-75,78.06,-192.55,-130.75
75,-185,-65,78.62,-193.92,-120.14
75,-185,65,78.62,-193.92,120.14
75,-185,75,78.06,-192.55,130.75
75,-185,85,77.6,-191.41,141.23
75,-185,95,77.23,-190.51,151.58
75,-185,105,76.97,-189.86,161.82
75,-185,115,76.82,-189.48,171.96
75,-185,125,76.78,-189.38,182.0
75,-185,135,92.28,-227.61,135.5
75,-185,145,77.07,-190.1,201.74
75,-185,155,77.43,-190.99,211.4
75,-185,165,77.96,-192.3,220.86
75,-185,175,78.71,-194.14,230.04
75,-185,185,79.77,-196.75,238.73
75,-175,-195,78.66,-183.54,-249.97
75,-175,-185,77.38,-180.56,-241.28
75,-175,-175,76.47,-178.42,-232.09
75,-175,-165,75.79,-176.85,-222.61
75,-175,-155,75.31,-175.72,-212.95
75,-175,-145,74.99,-174.97,-203.17
75,-175,-135,74.81,-174.55,-193.28
75,-175,-125,74.76,-174.44,-183.31
75,-175,-115,74.84,-174.62,-173.26
75,-175,-105,75.04,-175.08,-163.13
75,-175,-95,75.35,-175.82,-152.93
75,-175,-85,75.77,-176.81,-142.62
75,-175,85,75.77,-176.81,142.62
75,-175,95,75.35,-175.82,152.93
75,-175,105,75.04,-175.08,163.13
75,-175,115,74.84,-174.62,173.26
75,-175,125,74.76,-174.44,183.31
75,-175,135,74.81,-174.55,193.28
75,-175,145,74.99,-174.97,203.17
75,-175,155,75.31,-175.72,212.95
75,-175,165,75.79,-176.85,222.61
75,-175,175,76.47,-178.42,232.09
75,-175,185,77.38,-180.56,241.28
75,-175,195,78.66,-183.54,249.97
75,-165,-205,77.63,-170.78,-260.86
75,-165,-195,76.06,-167.34,-252.19
75,-165,-185,74.94,-164.86,-242.99
75,-165,-175,74.09,-162.99,-233.49
75,-165,-165,73.45,-161.6,-223.82
75,-165,-155,93.23,-205.1,-161.77
75,-165,-145,93.37,-205.42,-147.07
75,-165,-135,93.36,-205.4,-132.46
75,-165,-125,93.21,-205.07,-117.93
75,-165,-115,72.62,-159.77,-174.19
75,-165,-105,72.86,-160.29,-164.09
75,-165,105,72.86,-160.29,164.09
75,-165,115,72.62,-159.77,174.19
75,-165,125,93.21,-205.07,117.93
75,-165,135,93.36,-205.4,132.46
75,-165,145,93.37,-205.42,147.07
75,-165,155,93.23,-205.1,161.77
75,-165,165,73.45,-161.6,223.82
75,-165,175,74.09,-162.99,233.49
75,-165,185,74.94,-164.86,242.99
75,-165,195,76.06,-167.34,252.19
75,-165,205,77.63,-170.78,260.86
75,-155,-205,74.78,-154.54,-262.84
75,-155,-195,73.38,-151.66,-253.63
75,-155,-185,72.32,-149.47,-244.1
75,-155,-175,71.51,-147.79,-234.4
75,-155,-165,93.56,-193.36,-175.46
75,-155,-155,93.84,-193.94,-160.73
75,-155,-145,93.96,-194.18,-146.06
75,-155,-135,93.92,-194.09,-131.47
75,-155,-125,93.72,-193.7,-116.93
75,-155,125,93.72,-193.7,116.93
75,-155,135,93.92,-194.09,131.47
75,-155,145,93.96,-194.18,146.06
75,-155,155,93.84,-193.94,160.73
75,-155,165,93.56,-193.36,175.46
75,-155,175,71.51,-147.79,234.4
75,-155,185,72.32,-149.47,244.1
75,-155,195,73.38,-151.66,253.63
75,-155,205,74.78,-154.54,262.84
75,-145,-215,73.57,-142.24,-273.25
75,-145,-205,71.83,-138.88,-264.06
75,-145,-195,70.51,-136.33,-254.5
75,-145,-185,93.07,-179.94,-204.28
75,-145,-175,93.72,-181.2,-189.46
75,-145,-165,94.17,-182.07,-174.72
75,-145,-155,94.44,-182.58,-160.04
75,-145,-145,94.54,-182.77,-145.4
75,-145,-135,94.47,-182.64,-130.8
75,-145,135,94.47,-182.64,130.8
75,-145,145,94.54,-182.77,145.4
75,-145,155,94.44,-182.58,160.04
75,-145,165,94.17,-182.07,174.72
75,-145,175,93.72,-181.2,189.46
75,-145,185,93.07,-179.94,204.28
75,-145,195,70.51,-136.33,254.5
75,-145,205,71.83,-138.88,264.06
75,-145,215,73.57,-142.24,273.25
75,-135,-225,72.53,-130.55,-283.46
75,-135,-215,70.32,-126.58,-274.33
75,-135,-205,91.63,-164.93,-233.42
75,-135,-195,92.78,-167.0,-218.5
75,-135,-185,93.65,-168.57,-203.7
75,-135,-175,94.3,-169.74,-188.99
75,-135,-165,94.75,-170.55,-174.32
75,-135,-155,95.02,-171.03,-159.68
75,-135,-145,95.1,-171.19,-145.05
75,-135,145,95.1,-171.19,145.05
75,-135,155,95.02,-171.03,159.68
75,-135,165,94.75,-170.55,174.32
75,-135,175,94.3,-169.74,188.99
75,-135,185,93.65,-168.57,203.7
75,-135,195,92.78,-167.0,218.5
75,-135,205,91.63,-164.93,233.42
75,-135,215,70.32,-126.58,274.33
75,-135,225,72.53,-130.55,283.46
75,-125,-225,88.69,-147.81,-262.94
75,-125,-215,90.63,-151.05,-247.77
75,-125,-205,92.11,-153.51,-232.88
75,-125,-195,93.26,-155.43,-218.13
75,-125,-185,94.14,-156.91,-203.47
75,-125,-175,61.98,-103.3,-234.75
75,-125,-165,61.3,-102.17,-224.62
75,-125,-155,60.8,-101.33,-214.5
75,-125,155,60.8,-101.33,214.5
75,-125,165,61.3,-102.17,224.62
75,-125,175,61.98,-103.3,234.75
75,-125,185,94.14,-156.91,203.47
75,-125,195,93.26,-155.43,218.13
75,-125,205,92.11,-153.51,232.88
75,-125,215,90.63,-151.05,247.77
75,-125,225,88.69,-147.81,262.94
75,-115,-235,86.5,-132.64,-277.47
75,-115,-225,89.05,-136.55,-262.24
75,-115,-215,90.95,-139.45,-247.38
75,-115,-205,92.43,-141.72,-232.69
75,-115,-195,60.0,-92.0,-254.69
75,-115,-185,58.89,-90.3,-244.44
75,-115,-175,57.99,-88.91,-234.19
75,-115,-165,57.26,-87.8,-223.96
75,-115,165,57.26,-87.8,223.96
75,-115,175,57.99,-88.91,234.19
75,-115,185,58.89,-90.3,244.44
75,-115,195,60.0,-92.0,254.69
75,-115,205,92.43,-141.72,232.69
75,-115,215,90.95,-139.45,247.38
75,-115,225,89.05,-136.55,262.24
75,-115,235,86.5,-132.64,277.47
75,-105,-235,86.67,-121.34,-276.8
75,-105,-225,89.13,-124.78,-261.94
75,-105,-215,58.68,-82.15,-274.78
75,-105,-205,57.0,-79.8,-264.46
75,-105,-195,55.6,-77.84,-254.09
75,-105,-185,54.43,-76.2,-243.7
75,-105,-175,53.46,-74.84,-233.32
75,-105,-165,52.67,-73.73,-222.98
75,-105,165,52.67,-73.73,222.98
75,-105,175,53.46,-74.84,233.32
75,-105,185,54.43,-76.2,243.7
75,-105,195,55.6,-77.84,254.09
75,-105,205,57.0,-79.8,264.46
75,-105,215,58.68,-82.15,274.78
75,-105,225,89.13,-124.78,261.94
75,-105,235,86.67,-121.34,276.8
75,-95,-245,83.12,-105.28,-291.46
75,-95,-235,86.42,-109.46,-276.55
75,-95,-225,55.93,-70.85,-284.71
75,-95,-215,53.83,-68.19,-274.28
75,-95,-205,52.09,-65.97,-263.76
75,-95,-195,50.61,-64.1,-253.22
75,-95,-185,49.35,-62.51,-242.68
75,-95,-175,48.3,-61.18,-232.16
75,-95,175,48.3,-61.18,232.16
75,-95,185,49.35,-62.51,242.68
75,-95,195,50.61,-64.1,253.22
75,-95,205,52.09,-65.97,263.76
75,-95,215,53.83,-68.19,274.28
75,-95,225,55.93,-70.85,284.71
75,-95,235,86.42,-109.46,276.55
75,-95,245,83.12,-105.28,291.46
75,-85,-245,82.46,-93.45,-291.17
75,-85,-235,53.14,-60.22,-294.7
75,-85,-225,50.5,-57.23,-284.16
75,-85,-215,48.32,-54.77,-273.51
75,-85,-205,46.48,-52.68,-262.81
75,-85,-195,44.91,-50.89,-252.1
75,-85,-185,43.56,-49.36,-241.4
75,-85,-175,42.4,-48.06,-230.73
75,-85,175,42.4,-48.06,230.73
75,-85,185,43.56,-49.36,241.4
75,-85,195,44.91,-50.89,252.1
75,-85,205,46.48,-52.68,262.81
75,-85,215,48.32,-54.77,273.51
75,-85,225,50.5,-57.23,284.16
75,-85,235,53.14,-60.22,294.7
75,-85,245,82.46,-93.45,291.17
75,-75,-245,50.43,-50.43,-304.78
75,-75,-235,47.04,-47.04,-294.17
75,-75,-225,44.32,-44.32,-283.39
75,-75,-215,42.03,-42.03,-272.53
75,-75,-205,40.08,-40.08,-261.64
75,-75,-195,38.39,-38.39,-250.75
75,-75,-185,36.93,-36.93,-239.88
75,-75,185,36.93,-36.93,239.88
75,-75,195,38.39,-38.39,250.75
75,-75,205,40.08,-40.08,261.64
75,-75,215,42.03,-42.03,272.53
75,-75,225,44.32,-44.32,283.39
75,-75,235,47.04,-47.04,294.17
75,-75,245,50.43,-50.43,304.78
75,-65,-255,48.14,-41.72,-314.92
75,-65,-245,43.56,-37.75,-304.31
75,-65,-235,40.09,-34.75,-293.43
75,-65,-225,37.25,-32.29,-282.42
75,-65,-215,34.85,-30.2,-271.35
75,-65,-205,32.77,-28.4,-260.27
75,-65,-195,30.95,-26.82,-249.19
75,-65,-185,29.36,-25.45,-238.14
75,-65,185,29.36,-25.45,238.14
75,-65,195,30.95,-26.82,249.19
75,-65,205,32.77,-28.4,260.27
75,-65,215,34.85,-30.2,271.35
75,-65,225,37.25,-32.29,282.42
75,-65,235,40.09,-34.75,293.43
75,-65,245,43.56,-37.75,304.31
75,-65,255,48.14,-41.72,314.92
75,-55,-255,40.4,-29.62,-314.6
75,-55,-245,35.78,-26.24,-303.65
75,-55,-235,32.19,-23.61,-292.52
75,-55,-225,29.22,-21.43,-281.29
75,-55,-215,26.67,-19.56,-270.02
75,-55,-205,24.46,-17.94,-258.74
75,-55,-195,22.51,-16.51,-247.47
75,-55,195,22.51,-16.51,247.47
75,-55,205,24.46,-17.94,258.74
75,-55,215,26.67,-19.56,270.02
75,-55,225,29.22,-21.43,281.29
75,-55,235,32.19,-23.61,292.52
75,-55,245,35.78,-26.24,303.65
75,-55,255,40.4,-29.62,314.6
75,-45,-255,31.74,-19.04,-314.09
75,-45,-245,27.03,-16.22,-302.85
75,-45,-235,23.31,-13.98,-291.48
75,-45,-225,20.19,-12.11,-280.04
75,-45,-215,17.5,-10.5,-268.57
75,-45,-205,15.14,-9.08,-257.09
75,-45,-195,13.05,-7.83,-245.62
75,-45,195,13.05,-7.83,245.62
75,-45,205,15.14,-9.08,257.09
75,-45,215,17.5,-10.5,268.57
75,-45,225,20.19,-12.11,280.04
75,-45,235,23.31,-13.98,291.48
75,-45,245,27.03,-16.22,302.85
75,-45,255,31.74,-19.04,314.09
75,-35,-255,22.22,-10.37,-313.45
75,-35,-245,17.4,-8.12,-301.95
75,-35,-235,13.53,-6.31,-290.35
75,-35,-225,10.27,-4.79,-278.71
75,-35,-215,7.44,-3.47,-267.03
75,-35,-205,4.94,-2.31,-255.36
75,-35,-195,2.73,-1.27,-243.68
75,-35,195,2.73,-1.27,243.68
75,-35,205,4.94,-2.31,255.36
75,-35,215,7.44,-3.47,267.03
75,-35,225,10.27,-4.79,278.71
75,-35,235,13.53,-6.31,290.35
75,-35,245,17.4,-8.12,301.95
75,-35,255,22.22,-10.37,313.45
75,-25,-255,12.2,-4.07,-312.75
75,-25,-245,7.26,-2.42,-301.01
75,-25,-235,3.26,-1.09,-289.21
75,-25,-225,-0.14,0.05,-277.36
75,-25,-215,-3.09,1.03,-265.49
75,-25,-205,-5.69,1.9,-253.62
75,-25,-195,-8.02,2.67,-241.75
75,-25,195,-8.02,2.67,241.75
75,-25,205,-5.69,1.9,253.62
75,-25,215,-3.09,1.03,265.49
75,-25,225,-0.14,0.05,277.36
75,-25,235,3.26,-1.09,289.21
75,-25,245,7.26,-2.42,301.01
75,-25,255,12.2,-4.07,312.75
75,-15,-255,2.62,-0.52,-312.06
75,-15,-245,-2.42,0.48,-300.13
75,-15,-235,-6.52,1.3,-288.14
75,-15,-225,-10.01,2.0,-276.12
75,-15,-215,-13.05,2.61,-264.08
75,-15,-205,-15.74,3.15,-252.03
75,-15,-195,-18.15,3.63,-239.97
75,-15,195,-18.15,3.63,239.97
75,-15,205,-15.74,3.15,252.03
75,-15,215,-13.05,2.61,264.08
75,-15,225,-10.01,2.0,276.12
75,-15,235,-6.52,1.3,288.14
75,-15,245,-2.42,0.48,300.13
75,-15,255,2.62,-0.52,312.06
75,-5,-255,-4.15,0.28,-311.58
75,-5,-245,-9.25,0.62,-299.51
75,-5,-235,-13.4,0.89,-287.39
75,-5,-225,-16.93,1.13,-275.25
75,-5,-215,-20.02,1.33,-263.09
75,-5,-205,-22.75,1.52,-250.92
75,-5,-195,-25.2,1.68,-238.74
75,-5,195,-25.2,1.68,238.74
75,-5,205,-22.75,1.52,250.92
75,-5,215,-20.02,1.33,263.09
75,-5,225,-16.93,1.13,275.25
75,-5,235,-13.4,0.89,287.39
75,-5,245,-9.25,0.62,299.51
75,-5,255,-4.15,0.28,311.58
75,5,-255,-4.15,-0.28,-311.58
75,5,-245,-9.25,-0.62,-299.51
75,5,-235,-13.4,-0.89,-287.39
75,5,-225,-16.93,-1.13,-275.25
75,5,-215,-20.02,-1.33,-263.09
75,5,-205,-22.75,-1.52,-250.92
75,5,-195,-25.2,-1.68,-238.74
75,5,195,-25.2,-1.68,238.74
75,5,205,-22.75,-1.52,250.92
75,5,215,-20.02,-1.33,263.09
75,5,225,-16.93,-1.13,275.25
75,5,235,-13.4,-0.89,287.39
75,5,245,-9.25,-0.62,299.51
75,5,255,-4.15,-0.28,311.58
75,15,-255,2.62,0.52,-312.06
75,15,-245,-2.42,-0.48,-300.13
75,15,-235,-6.52,-1.3,-288.14
75,15,-225,-10.01,-2.0,-276.12
75,15,-215,-13.05,-2.61,-264.08
75,15,-205,-15.74,-3.15,-252.03
75,15,-195,-18.15,-3.63,-239.97
75,15,195,-18.15,-3.63,239.97
75,15,205,-15.74,-3.15,252.03
75,15,215,-13.05,-2.61,264.08
75,15,225,-10.01,-2.0,276.12
75,15,235,-6.52,-1.3,288.14
75,15,245,-2.42,-0.48,300.13
75,15,255,2.62,0.52,312.06
75,25,-255,12.2,4.07,-312.75
75,25,-245,7.26,2.42,-301.01
75,25,-235,3.26,1.09,-289.21
75,25,-225,-0.14,-0.05,-277.36
75,25,-215,-3.09,-1.03,-265.49
75,25,-205,-5.69,-1.9,-253.62
75,25,-195,-8.02,-2.67,-241.75
75,25,195,-8.02,-2.67,241.75
75,25,205,-5.69,-1.9,253.62
75,25,215,-3.09,-1.03,265.49
75,25,225,-0.14,-0.05,277.36
75,25,235,3.26,1.09,289.21
75,25,245,7.26,2.42,301.01
75,25,255,12.2,4.07,312.75
75,35,-255,22.22,10.37,-313.45
75,35,-245,17.4,8.12,-301.95
75,35,-235,13.53,6.31,-290.35
75,35,-225,10.27,4.79,-278.71
75,35,-215,7.44,3.47,-267.03
75,35,-205,4.94,2.31,-255.36
75,35,-195,2.73,1.27,-243.68
75,35,195,2.73,1.27,243.68
75,35,205,4.94,2.31,255.36
75,35,215,7.44,3.47,267.03
75,35,225,10.27,4.79,278.71
75,35,235,13.53,6.31,290.35
75,35,245,17.4,8.12,301.95
75,35,255,22.22,10.37,313.45
75,45,-255,31.74,19.04,-314.09
75,45,-245,27.03,16.22,-302.85
75,45,-235,23.31,13.98,-291.48
75,45,-225,20.19,12.11,-280.04
75,45,-215,17.5,10.5,-268.57
75,45,-205,15.14,9.08,-257.09
75,45,-195,13.05,7.83,-245.62
75,45,195,13.05,7.83,245.62
75,45,205,15.14,9.08,257.09
75,45,215,17.5,10.5,268.57
75,45,225,20.19,12.11,280.04
75,45,235,23.31,13.98,291.48
75,45,245,27.03,16.22,302.85
75,45,255,31.74,19.04,314.09
75,55,-255,40.4,29.62,-314.6
75,55,-245,35.78,26.24,-303.65
75,55,-235,32.19,23.61,-292.52
75,55,-225,29.22,21.43,-281.29
75,55,-215,26.67,19.56,-270.02
75,55,-205,24.46,17.94,-258.74
75,55,-195,22.51,16.51,-247.47
75,55,195,22.51,16.51,247.47
75,55,205,24.46,17.94,258.74
75,55,215,26.67,19.56,270.02
75,55,225,29.22,21.43,281.29
75,55,235,32.19,23.61,292.52
75,55,245,35.78,26.24,303.65
75,55,255,40.4,29.62,314.6
75,65,-255,48.14,41.72,-314.92
75,65,-245,43.56,37.75,-304.31
75,65,-235,40.09,34.75,-293.43
75,65,-225,37.25,32.29,-282.42
75,65,-215,34.85,30.2,-271.35
75,65,-205,32.77,28.4,-260.27
75,65,-195,30.95,26.82,-249.19
75,65,-185,29.36,25.45,-238.14
75,65,185,29.36,25.45,238.14
75,65,195,30.95,26.82,249.19
75,65,205,32.77,28.4,260.27
75,65,215,34.85,30.2,271.35
75,65,225,37.25,32.29,282.42
75,65,235,40.09,34.75,293.43
75,65,245,43.56,37.75,304.31
75,65,255,48.14,41.72,314.92
75,75,-245,50.43,50.43,-304.78
75,75,-235,47.04,47.04,-294.17
75,75,-225,44.32,44.32,-283.39
75,75,-215,42.03,42.03,-272.53
75,75,-205,40.08,40.08,-261.64
75,75,-195,38.39,38.39,-250.75
75,75,-185,36.93,36.93,-239.88
75,75,185,36.93,36.93,239.88
75,75,195,38.39,38.39,250.75
75,75,205,40.08,40.08,261.64
75,75,215,42.03,42.03,272.53
75,75,225,44.32,44.32,283.39
75,75,235,47.04,47.04,294.17
75,75,245,50.43,50.43,304.78
75,85,-245,82.46,93.45,-291.17
75,85,-235,53.14,60.22,-294.7
75,85,-225,50.5,57.23,-284.16
75,85,-215,48.32,54.77,-273.51
75,85,-205,46.48,52.68,-262.81
75,85,-195,44.91,50.89,-252.1
75,85,-185,43.56,49.36,-241.4
75,85,-175,42.4,48.06,-230.73
75,85,175,42.4,48.06,230.73
75,85,185,43.56,49.36,241.4
75,85,195,44.91,50.89,252.1
75,85,205,46.48,52.68,262.81
75,85,215,48.32,54.77,273.51
75,85,225,50.5,57.23,284.16
75,85,235,53.14,60.22,294.7
75,85,245,82.46,93.45,291.17
75,95,-245,83.12,105.28,-291.46
75,95,-235,86.42,109.46,-276.55
75,95,-225,55.93,70.85,-284.71
75,95,-215,53.83,68.19,-274.28
75,95,-205,52.09,65.97,-263.76
75,95,-195,50.61,64.1,-253.22
75,95,-185,49.35,62.51,-242.68
75,95,-175,48.3,61.18,-232.16
75,95,175,48.3,61.18,232.16
75,95,185,49.35,62.51,242.68
75,95,195,50.61,64.1,253.22
75,95,205,52.09,65.97,263.76
75,95,215,53.83,68.19,274.28
75,95,225,55.93,70.85,284.71
75,95,235,86.42,109.46,276.55
75,95,245,83.12,105.28,291.46
75,105,-235,86.67,121.34,-276.8
75,105,-225,89.13,124.78,-261.94
75,105,-215,58.68,82.15,-274.78
75,105,-205,57.0,79.8,-264.46
75,105,-195,55.6,77.84,-254.09
75,105,-185,54.43,76.2,-243.7
75,105,-175,53.46,74.84,-233.32
75,105,-165,52.67,73.73,-222.98
75,105,165,52.67,73.73,222.98
75,105,175,53.46,74.84,233.32
75,105,185,54.43,76.2,243.7
75,105,195,55.6,77.84,254.09
75,105,205,57.0,79.8,264.46
75,105,215,58.68,82.15,274.78
75,105,225,89.13,124.78,261.94
75,105,235,86.67,121.34,276.8
75,115,-235,86.5,132.64,-277.47
75,115,-225,89.05,136.55,-262.24
75,115,-215,90.95,139.45,-247.38
75,115,-205,92.43,141.72,-232.69
75,115,-195,60.0,92.0,-254.69
75,115,-185,58.89,90.3,-244.44
75,115,-175,57.99,88.91,-234.19
75,115,-165,57.26,87.8,-223.96
75,115,165,57.26,87.8,223.96
75,115,175,57.99,88.91,234.19
75,115,185,58.89,90.3,244.44
75,115,195,60.0,92.0,254.69
75,115,205,92.43,141.72,232.69
75,115,215,90.95,139.45,247.38
75,115,225,89.05,136.55,262.24
75,115,235,86.5,132.64,277.47
75,125,-225,88.69,147.81,-262.94
75,125,-215,90.63,151.05,-247.77
75,125,-205,92.11,153.51,-232.88
75,125,-195,93.26,155.43,-218.13
75,125,-185,94.14,156.91,-203.47
75,125,-175,61.98,103.3,-234.75
75,125,-165,61.3,102.17,-224.62
75,125,-155,60.8,101.33,-214.5
75,125,155,60.8,101.33,214.5
75,125,165,61.3,102.17,224.62
75,125,175,61.98,103.3,234.75
75,125,185,94.14,156.91,203.47
75,125,195,93.26,155.43,218.13
75,125,205,92.11,153.51,232.88
75,125,215,90.63,151.05,247.77
75,125,225,88.69,147.81,262.94
75,135,-225,72.53,130.55,-283.46
75,135,-215,70.32,126.58,-274.33
75,135,-205,91.63,164.93,-233.42
75,135,-195,92.78,167.0,-218.5
75,135,-185,93.65,168.57,-203.7
75,135,-175,94.3,169.74,-188.99
75,135,-165,94.75,170.55,-174.32
75,135,-155,95.02,171.03,-159.68
75,135,-145,95.1,171.19,-145.05
75,135,145,95.1,171.19,145.05
75,135,155,95.02,171.03,159.68
75,135,165,94.75,170.55,174.32
75,135,175,94.3,169.74,188.99
75,135,185,93.65,168.57,203.7
75,135,195,92.78,167.0,218.5
75,135,205,91.63,164.93,233.42
75,135,215,70.32,126.58,274.33
75,135,225,72.53,130.55,283.46
75,145,-215,73.57,142.24,-273.25
75,145,-205,71.83,138.88,-264.06
75,145,-195,70.51,136.33,-254.5
75,145,-185,93.07,179.94,-204.28
75,145,-175,93.72,181.2,-189.46
75,145,-165,94.17,182.07,-174.72
75,145,-155,94.44,182.58,-160.04
75,145,-145,94.54,182.77,-145.4
75,145,-135,94.47,182.64,-130.8
75,145,135,94.47,182.64,130.8
75,145,145,94.54,182.77,145.4
75,145,155,94.44,182.58,160.04
75,145,165,94.17,182.07,174.72
75,145,175,93.72,181.2,189.46
75,145,185,93.07,179.94,204.28
75,145,195,70.51,136.33,254.5
75,145,205,71.83,138.88,264.06
75,145,215,73.57,142.24,273.25
75,155,-205,74.78,154.54,-262.84
75,155,-195,73.38,151.66,-253.63
75,155,-185,72.32,149.47,-244.1
75,155,-175,71.51,147.79,-234.4
75,155,-165,93.56,193.36,-175.46
75,155,-155,93.84,193.94,-160.73
75,155,-145,93.96,194.18,-146.06
75,155,-135,93.92,194.09,-131.47
75,155,-125,93.72,193.7,-116.93
75,155,125,93.72,193.7,116.93
75,155,135,93.92,194.09,131.47
75,155,145,93.96,194.18,146.06
75,155,155,93.84,193.94,160.73
75,155,165,93.56,193.36,175.46
75,155,175,71.51,147.79,234.4
75,155,185,72.32,149.47,244.1
75,155,195,73.38,151.66,253.63
75,155,205,74.78,154.54,262.84
75,165,-205,77.63,170.78,-260.86
75,165,-195,76.06,167.34,-252.19
75,165,-185,74.94,164.86,-242.99
75,165,-175,74.09,162.99,-233.49
75,165,-165,73.45,161.6,-223.82
75,165,-155,93.23,205.1,-161.77
75,165,-145,93.37,205.42,-147.07
75,165,-135,93.36,205.4,-132.46
75,165,-125,93.21,205.07,-117.93
75,165,-115,72.62,159.77,-174.19
75,165,-105,72.86,160.29,-164.09
75,165,105,72.86,160.29,164.09
75,165,115,72.62,159.77,174.19
75,165,125,93.21,205.07,117.93
75,165,135,93.36,205.4,132.46
75,165,145,93.37,205.42,147.07
75,165,155,93.23,205.1,161.77
75,165,165,73.45,161.6,223.82
75,165,175,74.09,162.99,233.49
75,165,185,74.94,164.86,242.99
75,165,195,76.06,167.34,252.19
75,165,205,77.63,170.78,260.86
75,175,-195,78.66,183.54,-249.97
75,175,-185,77.38,180.56,-241.28
75,175,-175,76.47,178.42,-232.09
75,175,-165,75.79,176.85,-222.61
75,175,-155,75.31,175.72,-212.95
75,175,-145,74.99,174.97,-203.17
75,175,-135,74.81,174.55,-193.28
75,175,-125,74.76,174.44,-183.31
75,175,-115,74.84,174.62,-173.26
75,175,-105,75.04,175.08,-163.13
75,175,-95,75.35,175.82,-152.93
75,175,-85,75.77,176.81,-142.62
75,175,85,75.77,176.81,142.62
75,175,95,75.35,175.82,152.93
75,175,105,75.04,175.08,163.13
75,175,115,74.84,174.62,173.26
75,175,125,74.76,174.44,183.31
75,175,135,74.81,174.55,193.28
75,175,145,74.99,174.97,203.17
75,175,155,75.31,175.72,212.95
75,175,165,75.79,176.85,222.61
75,175,175,76.47,178.42,232.09
75,175,185,77.38,180.56,241.28
75,175,195,78.66,183.54,249.97
75,185,-185,79.77,196.75,-238.73
75,185,-175,78.71,194.14,-230.04
75,185,-165,77.96,192.3,-220.86
75,185,-155,77.43,190.99,-211.4
75,185,-145,77.07,190.1,-201.74
75,185,-135,92.28,227.61,-135.5
75,185,-125,76.78,189.38,-182.0
75,185,-115,76.82,189.48,-171.96
75,185,-105,76.97,189.86,-161.82
75,185,-95,77.23,190.51,-151.58
75,185,-85,77.6,191.41,-141.23
75,185,-75,78.06,192.55,-130.75
75,185,-65,78.62,193.92,-120.14
75,185,65,78.62,193.92,120.14
75,185,75,78.06,192.55,130.75
75,185,85,77.6,191.41,141.23
75,185,95,77.23,190.51,151.58
75,185,105,76.97,189.86,161.82
75,185,115,76.82,189.48,171.96
75,185,125,76.78,189.38,182.0
75,185,135,92.28,227.61,135.5
75,185,145,77.07,190.1,201.74
75,185,155,77.43,190.99,211.4
75,185,165,77.96,192.3,220.86
75,185,175,78.71,194.14,230.04
75,185,185,79.77,196.75,238.73
75,195,-175,80.91,210.36,-227.07
75,195,-165,80.02,208.04,-218.42
75,195,-155,79.4,206.44,-209.26
75,195,-145,91.58,238.1,-152.47
75,195,-135,91.73,238.49,-137.65
75,195,-125,91.73,238.51,-123.02
75,195,-115,91.62,238.22,-108.57
75,195,-105,78.71,204.64,-160.13
75,195,-95,78.92,205.18,-149.88
75,195,-85,79.22,205.97,-139.49
75,195,-75,79.61,207.0,-128.98
75,195,-65,80.09,208.24,-118.31
75,195,-55,80.65,209.68,-107.48
75,195,-45,81.27,211.3,-96.49
75,195,-35,81.95,213.07,-85.3
75,195,-25,82.68,214.97,-73.91
75,195,-15,83.46,216.98,-62.31
75,195,-5,84.26,219.06,-50.48
75,195,5,84.26,219.06,50.48
75,195,15,83.46,216.98,62.31
75,195,25,82.68,214.97,73.91
75,195,35,81.95,213.07,85.3
75,195,45,81.27,211.3,96.49
75,195,55,80.65,209.68,107.48
75,195,65,80.09,208.24,118.31
75,195,75,79.61,207.0,128.98
75,195,85,79.22,205.97,139.49
75,195,95,78.92,205.18,149.88
75,195,105,78.71,204.64,160.13
75,195,115,91.62,238.22,108.57
75,195,125,91.73,238.51,123.02
75,195,135,91.73,238.49,137.65
75,195,145,91.58,238.1,152.47
75,195,155,79.4,206.44,209.26
75,195,165,80.02,208.04,218.42
75,195,175,80.91,210.36,227.07
75,205,-165,82.07,224.31,-214.91
75,205,-155,90.51,247.4,-170.76
75,205,-145,90.93,248.54,-155.36
75,205,-135,91.16,249.16,-140.33
75,205,-125,91.24,249.38,-125.57
75,205,-115,91.19,249.26,-111.04
75,205,-105,91.04,248.84,-96.7
75,205,-95,90.79,248.15,-82.54
75,205,-85,80.67,220.51,-137.39
75,205,-75,81.0,221.4,-126.84
75,205,-65,81.4,222.5,-116.14
75,205,-55,81.87,223.79,-105.28
75,205,-45,82.41,225.25,-94.23
75,205,-35,82.99,226.85,-83.0
75,205,-25,83.62,228.57,-71.56
75,205,-15,84.29,230.39,-59.92
75,205,-5,84.98,232.27,-48.06
75,205,5,84.98,232.27,48.06
75,205,15,84.29,230.39,59.92
75,205,25,83.62,228.57,71.56
75,205,35,82.99,226.85,83.0
75,205,45,82.41,225.25,94.23
75,205,55,81.87,223.79,105.28
75,205,65,81.4,222.5,116.14
75,205,75,81.0,221.4,126.84
75,205,85,80.67,220.51,137.39
75,205,95,90.79,248.15,82.54
75,205,105,91.04,248.84,96.7
75,205,115,91.19,249.26,111.04
75,205,125,91.24,249.38,125.57
75,205,135,91.16,249.16,140.33
75,205,145,90.93,248.54,155.36
75,205,155,90.51,247.4,170.76
75,205,165,82.07,224.31,214.91
75,215,-145,90.19,258.55,-159.16
75,215,-135,90.54,259.54,-143.74
75,215,-125,90.71,260.04,-128.73
75,215,-115,90.75,260.14,-114.04
75,215,-105,90.67,259.92,-99.6
75,215,-95,90.49,259.42,-85.38
75,215,-85,90.23,258.67,-71.37
75,215,-75,89.9,257.7,-57.56
75,215,-65,89.49,256.55,-43.96
75,215,-55,82.97,237.85,-102.71
75,215,-45,83.42,239.14,-91.64
75,215,-35,83.92,240.57,-80.37
75,215,-25,84.46,242.11,-68.9
75,215,-15,85.03,243.74,-57.23
75,215,-5,85.61,245.43,-45.35
75,215,5,85.61,245.43,45.35
75,215,15,85.03,243.74,57.23
75,215,25,84.46,242.11,68.9
75,215,35,83.92,240.57,80.37
75,215,45,83.42,239.14,91.64
75,215,55,82.97,237.85,102.71
75,215,65,89.49,256.55,43.96
75,215,75,89.9,257.7,57.56
75,215,85,90.23,258.67,71.37
75,215,95,90.49,259.42,85.38
75,215,105,90.67,259.92,99.6
75,215,115,90.75,260.14,114.04
75,215,125,90.71,260.04,128.73
75,215,135,90.54,259.54,143.74
75,215,145,90.19,258.55,159.16
75,225,-135,89.81,269.43,-148.3
75,225,-125,90.12,270.37,-132.78
75,225,-115,90.26,270.79,-117.78
75,225,-105,90.27,270.82,-103.13
75,225,-95,90.18,270.54,-88.77
75,225,-85,90.0,270.0,-74.67
75,225,-75,89.74,269.23,-60.8
75,225,-65,89.42,268.27,-47.15
75,225,-55,89.05,267.15,-33.73
75,225,-45,88.63,265.89,-20.51
75,225,-35,88.18,264.53,-7.52
75,225,-25,87.69,263.08,5.26
75,225,-15,87.19,261.58,17.82
75,225,-5,86.68,260.05,30.16
75,225,5,86.68,260.05,-30.16
75,225,15,87.19,261.58,-17.82
75,225,25,87.69,263.08,-5.26
75,225,35,88.18,264.53,7.52
75,225,45,88.63,265.89,20.51
75,225,55,89.05,267.15,33.73
75,225,65,89.42,268.27,47.15
75,225,75,89.74,269.23,60.8
75,225,85,90.0,270.0,74.67
75,225,95,90.18,270.54,88.77
75,225,105,90.27,270.82,103.13
75,225,115,90.26,270.79,117.78
75,225,125,90.12,270.37,132.78
75,225,135,89.81,269.43,148.3
75,235,-115,89.69,281.02,-122.69
75,235,-105,89.82,281.44,-107.6
75,235,-95,89.83,281.46,-92.96
75,235,-85,89.74,281.17,-78.67
75,235,-75,89.56,280.64,-64.66
75,235,-65,89.33,279.89,-50.92
75,235,-55,89.04,278.98,-37.42
75,235,-45,88.7,277.93,-24.16
75,235,-35,88.33,276.77,-11.13
75,235,-25,87.93,275.53,1.68
75,235,-15,87.52,274.23,14.26
75,235,-5,87.1,272.91,26.62
75,235,5,87.1,272.91,-26.62
75,235,15,87.52,274.23,-14.26
75,235,25,87.93,275.53,-1.68
75,235,35,88.33,276.77,11.13
75,235,45,88.7,277.93,24.16
75,235,55,89.04,278.98,37.42
75,235,65,89.33,279.89,50.92
75,235,75,89.56,280.64,64.66
75,235,85,89.74,281.17,78.67
75,235,95,89.83,281.46,92.96
75,235,105,89.82,281.44,107.6
75,235,115,89.69,281.02,122.69
75,245,-95,89.38,291.98,-98.5
75,245,-85,89.41,292.07,-83.76
75,245,-75,89.34,291.84,-69.47
75,245,-65,89.19,291.36,-55.53
75,245,-55,88.99,290.69,-41.88
75,245,-45,88.74,289.87,-28.52
75,245,-35,88.45,288.94,-15.41
75,245,-25,88.14,287.91,-2.55
75,245,-15,87.81,286.83,10.07
75,245,-5,87.47,285.72,22.46
75,245,5,87.47,285.72,-22.46
75,245,15,87.81,286.83,-10.07
75,245,25,88.14,287.91,2.55
75,245,35,88.45,288.94,15.41
75,245,45,88.74,289.87,28.52
75,245,55,88.99,290.69,41.88
75,245,65,89.19,291.36,55.53
75,245,75,89.34,291.84,69.47
75,245,85,89.41,292.07,83.76
75,245,95,89.38,291.98,98.5
75,255,-65,88.98,302.53,-61.6
75,255,-55,88.88,302.19,-47.62
75,255,-45,88.72,301.65,-34.02
75,255,-35,88.52,300.97,-20.74
75,255,-25,88.29,300.2,-7.77
75,255,-15,88.05,299.36,4.93
75,255,-5,87.79,298.48,17.35
75,255,5,87.79,298.48,-17.35
75,255,15,88.05,299.36,-4.93
75,255,25,88.29,300.2,7.77
75,255,35,88.52,300.97,20.74
75,255,45,88.72,301.65,34.02
75,255,55,88.88,302.19,47.62
75,255,65,88.98,302.53,61.6
85,-255,-55,99.87,-299.62,-48.15
85,-255,-45,99.71,-299.12,-34.52
85,-255,-35,99.49,-298.48,-21.23
85,-255,-25,99.24,-297.73,-8.24
85,-255,-15,98.97,-296.92,4.46
85,-255,-5,98.69,-296.07,16.89
85,-255,5,98.69,-296.07,-16.89
85,-255,15,98.97,-296.92,-4.46
85,-255,25,99.24,-297.73,8.24
85,-255,35,99.49,-298.48,21.23
85,-255,45,99.71,-299.12,34.52
85,-255,55,99.87,-299.62,48.15
85,-245,-85,100.39,-289.35,-84.25
85,-245,-75,100.32,-289.15,-69.92
85,-245,-65,100.16,-288.7,-55.95
85,-245,-55,99.94,-288.07,-42.29
85,-245,-45,99.67,-287.28,-28.91
85,-245,-35,99.35,-286.37,-15.8
85,-245,-25,99.01,-285.38,-2.93
85,-245,-15,98.64,-284.33,9.7
85,-245,-5,98.27,-283.25,22.08
85,-245,5,98.27,-283.25,-22.08
85,-245,15,98.64,-284.33,-9.7
85,-245,25,99.01,-285.38,2.93
85,-245,35,99.35,-286.37,15.8
85,-245,45,99.67,-287.28,28.91
85,-245,55,99.94,-288.07,42.29
85,-245,65,100.16,-288.7,55.95
85,-245,75,100.32,-289.15,69.92
85,-245,85,100.39,-289.35,84.25
85,-235,-105,100.76,-278.59,-108.04
85,-235,-95,100.78,-278.64,-93.37
85,-235,-85,100.69,-278.38,-79.05
85,-235,-75,100.51,-277.87,-65.03
85,-235,-65,100.25,-277.16,-51.28
85,-235,-55,99.93,-276.28,-37.77
85,-235,-45,99.56,-275.26,-24.5
85,-235,-35,99.16,-274.14,-11.46
85,-235,-25,98.72,-272.93,1.35
85,-235,-15,98.26,-271.67,13.93
85,-235,-5,97.8,-270.38,26.29
85,-235,5,97.8,-270.38,-26.29
85,-235,15,98.26,-271.67,-13.93
85,-235,25,98.72,-272.93,-1.35
85,-235,35,99.16,-274.14,11.46
85,-235,45,99.56,-275.26,24.5
85,-235,55,99.93,-276.28,37.77
85,-235,65,100.25,-277.16,51.28
85,-235,75,100.51,-277.87,65.03
85,-235,85,100.69,-278.38,79.05
85,-235,95,100.78,-278.64,93.37
85,-235,105,100.76,-278.59,108.04
85,-225,-125,101.01,-267.38,-133.2
85,-225,-115,101.18,-267.83,-118.15
85,-225,-105,101.2,-267.89,-103.48
85,-225,-95,101.11,-267.63,-89.11
85,-225,-85,100.91,-267.12,-74.99
85,-225,-75,100.63,-266.38,-61.12
85,-225,-65,100.28,-265.45,-47.46
85,-225,-55,99.87,-264.37,-34.03
85,-225,-45,99.41,-263.14,-20.81
85,-225,-35,98.91,-261.81,-7.82
85,-225,-25,98.38,-260.41,4.96
85,-225,-15,97.82,-258.94,17.52
85,-225,-5,97.26,-257.46,29.86
85,-225,5,97.26,-257.46,-29.86
85,-225,15,97.82,-258.94,-17.52
85,-225,25,98.38,-260.41,-4.96
85,-225,35,98.91,-261.81,7.82
85,-225,45,99.41,-263.14,20.81
85,-225,55,99.87,-264.37,34.03
85,-225,65,100.28,-265.45,47.46
85,-225,75,100.63,-266.38,61.12
85,-225,85,100.91,-267.12,74.99
85,-225,95,101.11,-267.63,89.11
85,-225,105,101.2,-267.89,103.48
85,-225,115,101.18,-267.83,118.15
85,-225,125,101.01,-267.38,133.2
85,-215,-145,100.98,-255.41,-159.58
85,-215,-135,101.38,-256.44,-144.1
85,-215,-125,101.59,-256.96,-129.07
85,-215,-115,101.64,-257.08,-114.35
85,-215,-105,101.56,-256.88,-99.9
85,-215,-95,101.37,-256.41,-85.67
85,-215,-85,101.09,-255.69,-71.65
85,-215,-75,100.72,-254.76,-57.84
85,-215,-65,100.28,-253.64,-44.23
85,-215,-55,93.08,-235.44,-102.45
85,-215,-45,93.58,-236.69,-91.38
85,-215,-35,94.13,-238.08,-80.11
85,-215,-25,94.72,-239.58,-68.64
85,-215,-15,95.35,-241.17,-56.96
85,-215,-5,96.0,-242.81,-45.08
85,-215,5,96.0,-242.81,45.08
85,-215,15,95.35,-241.17,56.96
85,-215,25,94.72,-239.58,68.64
85,-215,35,94.13,-238.08,80.11
85,-215,45,93.58,-236.69,91.38
85,-215,55,93.08,-235.44,102.45
85,-215,65,100.28,-253.64,44.23
85,-215,75,100.72,-254.76,57.84
85,-215,85,101.09,-255.69,71.65
85,-215,95,101.37,-256.41,85.67
85,-215,105,101.56,-256.88,99.9
85,-215,115,101.64,-257.08,114.35
85,-215,125,101.59,-256.96,129.07
85,-215,135,101.38,-256.44,144.1
85,-215,145,100.98,-255.41,159.58
85,-205,-155,101.24,-244.16,-171.12
85,-205,-145,101.71,-245.31,-155.68
85,-205,-135,101.98,-245.95,-140.63
85,-205,-125,102.08,-246.19,-125.85
85,-205,-115,102.04,-246.09,-111.3
85,-205,-105,101.87,-245.69,-96.96
85,-205,-95,101.6,-245.04,-82.8
85,-205,-85,90.46,-218.16,-137.16
85,-205,-75,90.82,-219.03,-126.62
85,-205,-65,91.26,-220.09,-115.91
85,-205,-55,91.78,-221.35,-105.04
85,-205,-45,92.37,-222.76,-93.99
85,-205,-35,93.01,-224.32,-82.76
85,-205,-25,93.71,-226.0,-71.32
85,-205,-15,94.44,-227.77,-59.67
85,-205,-5,95.2,-229.6,-47.81
85,-205,5,95.2,-229.6,47.81
85,-205,15,94.44,-227.77,59.67
85,-205,25,93.71,-226.0,71.32
85,-205,35,93.01,-224.32,82.76
85,-205,45,92.37,-222.76,93.99
85,-205,55,91.78,-221.35,105.04
85,-205,65,91.26,-220.09,115.91
85,-205,75,90.82,-219.03,126.62
85,-205,85,90.46,-218.16,137.16
85,-205,95,101.6,-245.04,82.8
85,-205,105,101.87,-245.69,96.96
85,-205,115,102.04,-246.09,111.3
85,-205,125,102.08,-246.19,125.85
85,-205,135,101.98,-245.95,140.63
85,-205,145,101.71,-245.31,155.68
85,-205,155,101.24,-244.16,171.12
85,-195,-165,89.71,-205.8,-218.12
85,-195,-155,89.01,-204.19,-209.0
85,-195,-145,102.33,-234.76,-152.74
85,-195,-135,102.5,-235.16,-137.9
85,-195,-125,102.52,-235.2,-123.26
85,-195,-115,102.4,-234.93,-108.8
85,-195,-105,88.2,-202.34,-159.94
85,-195,-95,88.43,-202.86,-149.68
85,-195,-85,88.76,-203.62,-139.3
85,-195,-75,89.19,-204.62,-128.77
85,-195,-65,89.72,-205.82,-118.1
85,-195,-55,90.33,-207.22,-107.27
85,-195,-45,91.01,-208.79,-96.27
85,-195,-35,91.76,-210.51,-85.08
85,-195,-25,92.57,-212.37,-73.68
85,-195,-15,93.42,-214.32,-62.08
85,-195,-5,94.3,-216.34,-50.25
85,-195,5,94.3,-216.34,50.25
85,-195,15,93.42,-214.32,62.08
85,-195,25,92.57,-212.37,73.68
85,-195,35,91.76,-210.51,85.08
85,-195,45,91.01,-208.79,96.27
85,-195,55,90.33,-207.22,107.27
85,-195,65,89.72,-205.82,118.1
85,-195,75,89.19,-204.62,128.77
85,-195,85,88.76,-203.62,139.3
85,-195,95,88.43,-202.86,149.68
85,-195,105,88.2,-202.34,159.94
85,-195,115,102.4,-234.93,108.8
85,-195,125,102.52,-235.2,123.26
85,-195,135,102.5,-235.16,137.9
85,-195,145,102.33,-234.76,152.74
85,-195,155,89.01,-204.19,209.0
85,-195,165,89.71,-205.8,218.12
85,-185,-175,88.17,-191.89,-229.77
85,-185,-165,87.32,-190.04,-220.64
85,-185,-155,86.72,-188.73,-211.2
85,-185,-145,86.31,-187.85,-201.55
85,-185,-135,102.99,-224.15,-135.71
85,-185,-125,85.97,-187.12,-181.83
85,-185,-115,86.01,-187.21,-171.8
85,-185,-105,86.18,-187.57,-161.66
85,-185,-95,86.47,-188.2,-151.42
85,-185,-85,86.87,-189.07,-141.06
85,-185,-75,87.38,-190.17,-130.58
85,-185,-65,87.99,-191.5,-119.96
85,-185,65,87.99,-191.5,119.96
85,-185,75,87.38,-190.17,130.58
85,-185,85,86.87,-189.07,141.06
85,-185,95,86.47,-188.2,151.42
85,-185,105,86.18,-187.57,161.66
85,-185,115,86.01,-187.21,171.8
85,-185,125,85.97,-187.12,181.83
85,-185,135,102.99,-224.15,135.71
85,-185,145,86.31,-187.85,201.55
85,-185,155,86.72,-188.73,211.2
85,-185,165,87.32,-190.04,220.64
85,-185,175,88.17,-191.89,229.77
85,-175,-185,86.6,-178.3,-241.04
85,-175,-175,85.57,-176.17,-231.89
85,-175,-165,84.81,-174.61,-222.44
85,-175,-155,84.26,-173.49,-212.8
85,-175,-145,103.4,-212.88,-148.62
85,-175,-135,103.44,-212.97,-133.97
85,-175,-125,103.34,-212.75,-119.44
85,-175,-115,83.73,-172.38,-173.13
85,-175,-105,83.94,-172.82,-163.0
85,-175,-95,84.28,-173.53,-152.79
85,-175,-85,84.75,-174.49,-142.48
85,-175,85,84.75,-174.49,142.48
85,-175,95,84.28,-173.53,152.79
85,-175,105,83.94,-172.82,163.0
85,-175,115,83.73,-172.38,173.13
85,-175,125,103.34,-212.75,119.44
85,-175,135,103.44,-212.97,133.97
85,-175,145,103.4,-212.88,148.62
85,-175,155,84.26,-173.49,212.8
85,-175,165,84.81,-174.61,222.44
85,-175,175,85.57,-176.17,231.89
85,-175,185,86.6,-178.3,241.04
85,-165,-195,85.04,-165.08,-251.97
85,-165,-185,83.77,-162.62,-242.82
85,-165,-175,82.82,-160.77,-233.35
85,-165,-165,103.37,-200.66,-176.75
85,-165,-155,103.72,-201.34,-161.92
85,-165,-145,103.88,-201.66,-147.21
85,-165,-135,103.88,-201.65,-132.6
85,-165,-125,103.72,-201.34,-118.08
85,-165,-115,103.41,-200.73,-103.65
85,-165,-105,102.95,-199.84,-89.32
85,-165,105,102.95,-199.84,89.32
85,-165,115,103.41,-200.73,103.65
85,-165,125,103.72,-201.34,118.08
85,-165,135,103.88,-201.65,132.6
85,-165,145,103.88,-201.66,147.21
85,-165,155,103.72,-201.34,161.92
85,-165,165,103.37,-200.66,176.75
85,-165,175,82.82,-160.77,233.35
85,-165,185,83.77,-162.62,242.82
85,-165,195,85.04,-165.08,251.97
85,-155,-205,83.52,-152.29,-262.63
85,-155,-195,81.95,-149.44,-253.48
85,-155,-185,102.62,-187.13,-205.41
85,-155,-175,103.37,-188.5,-190.43
85,-155,-165,103.89,-189.45,-175.59
85,-155,-155,104.21,-190.02,-160.84
85,-155,-145,104.34,-190.26,-146.17
85,-155,-135,104.3,-190.19,-131.57
85,-155,-125,104.09,-189.81,-117.04
85,-155,125,104.09,-189.81,117.04
85,-155,135,104.3,-190.19,131.57
85,-155,145,104.34,-190.26,146.17
85,-155,155,104.21,-190.02,160.84
85,-155,165,103.89,-189.45,175.59
85,-155,175,103.37,-188.5,190.43
85,-155,185,102.62,-187.13,205.41
85,-155,195,81.95,-149.44,253.48
85,-155,205,83.52,-152.29,262.63
85,-145,-215,82.08,-140.01,-273.05
85,-145,-205,80.12,-136.68,-263.93
85,-145,-195,102.14,-174.24,-219.37
85,-145,-185,103.13,-175.92,-204.39
85,-145,-175,103.85,-177.15,-189.55
85,-145,-165,104.35,-178.0,-174.8
85,-145,-155,104.64,-178.51,-160.11
85,-145,-145,104.75,-178.7,-145.47
85,-145,-135,104.68,-178.58,-130.87
85,-145,135,104.68,-178.58,130.87
85,-145,145,104.75,-178.7,145.47
85,-145,155,104.64,-178.51,160.11
85,-145,165,104.35,-178.0,174.8
85,-145,175,103.85,-177.15,189.55
85,-145,185,103.13,-175.92,204.39
85,-145,195,102.14,-174.24,219.37
85,-145,205,80.12,-136.68,263.93
85,-145,215,82.08,-140.01,273.05
85,-135,-215,99.59,-158.17,-248.74
85,-135,-205,101.27,-160.85,-233.53
85,-135,-195,102.55,-162.87,-218.58
85,-135,-185,103.52,-164.41,-203.77
85,-135,-175,104.23,-165.55,-189.04
85,-135,-165,104.73,-166.34,-174.36
85,-135,-155,105.02,-166.8,-159.71
85,-135,-145,105.12,-166.96,-145.08
85,-135,145,105.12,-166.96,145.08
85,-135,155,105.02,-166.8,159.71
85,-135,165,104.73,-166.34,174.36
85,-135,175,104.23,-165.55,189.04
85,-135,185,103.52,-164.41,203.77
85,-135,195,102.55,-162.87,218.58
85,-135,205,101.27,-160.85,233.53
85,-135,215,99.59,-158.17,248.74
85,-125,-225,97.75,-143.74,-263.1
85,-125,-215,99.91,-146.92,-247.87
85,-125,-205,101.54,-149.32,-232.94
85,-125,-195,102.8,-151.18,-218.17
85,-125,-185,103.78,-152.62,-203.48
85,-125,-175,104.51,-153.69,-188.85
85,-125,-165,68.29,-100.42,-224.7
85,-125,-155,67.74,-99.61,-214.59
85,-125,155,67.74,-99.61,214.59
85,-125,165,68.29,-100.42,224.7
85,-125,175,104.51,-153.69,188.85
85,-125,185,103.78,-152.62,203.48
85,-125,195,102.8,-151.18,218.17
85,-125,205,101.54,-149.32,232.94
85,-125,215,99.91,-146.92,247.87
85,-125,225,97.75,-143.74,263.1
85,-115,-225,97.87,-132.42,-262.33
85,-115,-215,99.96,-135.24,-247.42
85,-115,-205,101.59,-137.44,-232.7
85,-115,-195,66.75,-90.31,-254.76
85,-115,-185,65.54,-88.68,-244.54
85,-115,-175,64.56,-87.34,-234.31
85,-115,-165,63.77,-86.28,-224.09
85,-115,165,63.77,-86.28,224.09
85,-115,175,64.56,-87.34,234.31
85,-115,185,65.54,-88.68,244.54
85,-115,195,66.75,-90.31,254.76
85,-115,205,101.59,-137.44,232.7
85,-115,215,99.96,-135.24,247.42
85,-115,225,97.87,-132.42,262.33
85,-105,-235,94.94,-117.28,-276.89
85,-105,-225,97.65,-120.62,-261.97
85,-105,-215,65.21,-80.56,-274.85
85,-105,-205,63.39,-78.3,-264.57
85,-105,-195,61.87,-76.42,-254.23
85,-105,-185,60.6,-74.85,-243.86
85,-105,-175,59.55,-73.56,-233.51
85,-105,-165,58.7,-72.51,-223.18
85,-105,165,58.7,-72.51,223.18
85,-105,175,59.55,-73.56,233.51
85,-105,185,60.6,-74.85,243.86
85,-105,195,61.87,-76.42,254.23
85,-105,205,63.39,-78.3,264.57
85,-105,215,65.21,-80.56,274.85
85,-105,225,97.65,-120.62,261.97
85,-105,235,94.94,-117.28,276.89
85,-95,-235,94.35,-105.45,-276.57
85,-95,-225,62.14,-69.46,-284.79
85,-95,-215,59.87,-66.92,-274.4
85,-95,-205,57.98,-64.8,-263.93
85,-95,-195,56.39,-63.02,-253.42
85,-95,-185,55.04,-61.52,-242.91
85,-95,-175,53.91,-60.25,-232.43
85,-95,175,53.91,-60.25,232.43
85,-95,185,55.04,-61.52,242.91
85,-95,195,56.39,-63.02,253.42
85,-95,205,57.98,-64.8,263.93
85,-95,215,59.87,-66.92,274.4
85,-95,225,62.14,-69.46,284.79
85,-95,235,94.35,-105.45,276.57
85,-85,-245,89.72,-89.72,-291.2
85,-85,-235,59.09,-59.09,-294.79
85,-85,-225,56.24,-56.24,-284.31
85,-85,-215,53.9,-53.9,-273.71
85,-85,-205,51.93,-51.93,-263.05
85,-85,-195,50.25,-50.25,-252.38
85,-85,-185,48.81,-48.81,-241.72
85,-85,-175,47.58,-47.58,-231.09
85,-85,175,47.58,-47.58,231.09
85,-85,185,48.81,-48.81,241.72
85,-85,195,50.25,-50.25,252.38
85,-85,205,51.93,-51.93,263.05
85,-85,215,53.9,-53.9,273.71
85,-85,225,56.24,-56.24,284.31
85,-85,235,59.09,-59.09,294.79
85,-85,245,89.72,-89.72,291.2
85,-75,-245,56.21,-49.6,-304.86
85,-75,-235,52.57,-46.38,-294.33
85,-75,-225,49.66,-43.82,-283.61
85,-75,-215,47.23,-41.67,-272.81
85,-75,-205,45.15,-39.84,-261.97
85,-75,-195,43.36,-38.26,-251.12
85,-75,-185,41.82,-36.9,-240.3
85,-75,185,41.82,-36.9,240.3
85,-75,195,43.36,-38.26,251.12
85,-75,205,45.15,-39.84,261.97
85,-75,215,47.23,-41.67,272.81
85,-75,225,49.66,-43.82,283.61
85,-75,235,52.57,-46.38,294.33
85,-75,245,56.21,-49.6,304.86
85,-65,-245,49.02,-37.49,-304.47
85,-65,-235,45.33,-34.67,-293.67
85,-65,-225,42.33,-32.37,-282.73
85,-65,-215,39.79,-30.43,-271.73
85,-65,-205,37.6,-28.76,-260.7
85,-65,-195,35.7,-27.3,-249.68
85,-65,-185,34.03,-26.03,-238.68
85,-65,185,34.03,-26.03,238.68
85,-65,195,35.7,-27.3,249.68
85,-65,205,37.6,-28.76,260.7
85,-65,215,39.79,-30.43,271.73
85,-65,225,42.33,-32.37,282.73
85,-65,235,45.33,-34.67,293.67
85,-65,245,49.02,-37.49,304.47
85,-55,-255,46.03,-29.79,-314.74
85,-55,-245,41.14,-26.62,-303.9
85,-55,-235,37.37,-24.18,-292.85
85,-55,-225,34.25,-22.16,-281.7
85,-55,-215,31.6,-20.44,-270.51
85,-55,-205,29.29,-18.95,-259.3
85,-55,-195,27.26,-17.64,-248.1
85,-55,195,27.26,-17.64,248.1
85,-55,205,29.29,-18.95,259.3
85,-55,215,31.6,-20.44,270.51
85,-55,225,34.25,-22.16,281.7
85,-55,235,37.37,-24.18,292.85
85,-55,245,41.14,-26.62,303.9
85,-55,255,46.03,-29.79,314.74
85,-45,-255,37.56,-19.88,-314.32
85,-45,-245,32.63,-17.28,-303.21
85,-45,-235,28.76,-15.22,-291.93
85,-45,-225,25.52,-13.51,-280.58
85,-45,-215,22.74,-12.04,-269.2
85,-45,-205,20.31,-10.75,-257.8
85,-45,-195,18.17,-9.62,-246.42
85,-45,195,18.17,-9.62,246.42
85,-45,205,20.31,-10.75,257.8
85,-45,215,22.74,-12.04,269.2
85,-45,225,25.52,-13.51,280.58
85,-45,235,28.76,-15.22,291.93
85,-45,245,32.63,-17.28,303.21
85,-45,255,37.56,-19.88,314.32
85,-35,-255,28.73,-11.83,-313.8
85,-35,-245,23.74,-9.77,-302.44
85,-35,-235,19.76,-8.13,-290.96
85,-35,-225,16.41,-6.76,-279.42
85,-35,-215,13.51,-5.56,-267.85
85,-35,-205,10.97,-4.52,-256.28
85,-35,-195,8.71,-3.59,-244.72
85,-35,195,8.71,-3.59,244.72
85,-35,205,10.97,-4.52,256.28
85,-35,215,13.51,-5.56,267.85
85,-35,225,16.41,-6.76,279.42
85,-35,235,19.76,-8.13,290.96
85,-35,245,23.74,-9.77,302.44
85,-35,255,28.73,-11.83,313.8
85,-25,-255,20.09,-5.91,-313.24
85,-25,-245,15.02,-4.42,-301.67
85,-25,-235,10.94,-3.22,-290.01
85,-25,-225,7.49,-2.2,-278.3
85,-25,-215,4.5,-1.32,-266.57
85,-25,-205,1.86,-0.55,-254.83
85,-25,-195,-0.49,0.14,-243.1
85,-25,195,-0.49,0.14,243.1
85,-25,205,1.86,-0.55,254.83
85,-25,215,4.5,-1.32,266.57
85,-25,225,7.49,-2.2,278.3
85,-25,235,10.94,-3.22,290.01
85,-25,245,15.02,-4.42,301.67
85,-25,255,20.09,-5.91,313.24
85,-15,-255,12.67,-2.24,-312.75
85,-15,-245,7.53,-1.33,-301.01
85,-15,-235,3.38,-0.6,-289.21
85,-15,-225,-0.14,0.02,-277.36
85,-15,-215,-3.2,0.57,-265.49
85,-15,-205,-5.91,1.04,-253.62
85,-15,-195,-8.33,1.47,-241.75
85,-15,195,-8.33,1.47,241.75
85,-15,205,-5.91,1.04,253.62
85,-15,215,-3.2,0.57,265.49
85,-15,225,-0.14,0.02,277.36
85,-15,235,3.38,-0.6,289.21
85,-15,245,7.53,-1.33,301.01
85,-15,255,12.67,-2.24,312.75
85,-5,-255,8.13,-0.48,-312.44
85,-5,-245,2.96,-0.17,-300.61
85,-5,-235,-1.23,0.07,-288.72
85,-5,-225,-4.79,0.28,-276.79
85,-5,-215,-7.89,0.46,-264.85
85,-5,-205,-10.63,0.63,-252.89
85,-5,-195,-13.08,0.77,-240.93
85,-5,195,-13.08,0.77,240.93
85,-5,205,-10.63,0.63,252.89
85,-5,215,-7.89,0.46,264.85
85,-5,225,-4.79,0.28,276.79
85,-5,235,-1.23,0.07,288.72
85,-5,245,2.96,-0.17,300.61
85,-5,255,8.13,-0.48,312.44
85,5,-255,8.13,0.48,-312.44
85,5,-245,2.96,0.17,-300.61
85,5,-235,-1.23,-0.07,-288.72
85,5,-225,-4.79,-0.28,-276.79
85,5,-215,-7.89,-0.46,-264.85
85,5,-205,-10.63,-0.63,-252.89
85,5,-195,-13.08,-0.77,-240.93
85,5,195,-13.08,-0.77,240.93
85,5,205,-10.63,-0.63,252.89
85,5,215,-7.89,-0.46,264.85
85,5,225,-4.79,-0.28,276.79
85,5,235,-1.23,-0.07,288.72
85,5,245,2.96,0.17,300.61
85,5,255,8.13,0.48,312.44
85,15,-255,12.67,2.24,-312.75
85,15,-245,7.53,1.33,-301.01
85,15,-235,3.38,0.6,-289.21
85,15,-225,-0.14,-0.02,-277.36
85,15,-215,-3.2,-0.57,-265.49
85,15,-205,-5.91,-1.04,-253.62
85,15,-195,-8.33,-1.47,-241.75
85,15,195,-8.33,-1.47,241.75
85,15,205,-5.91,-1.04,253.62
85,15,215,-3.2,-0.57,265.49
85,15,225,-0.14,-0.02,277.36
85,15,235,3.38,0.6,289.21
85,15,245,7.53,1.33,301.01
85,15,255,12.67,2.24,312.75
85,25,-255,20.09,5.91,-313.24
85,25,-245,15.02,4.42,-301.67
85,25,-235,10.94,3.22,-290.01
85,25,-225,7.49,2.2,-278.3
85,25,-215,4.5,1.32,-266.57
85,25,-205,1.86,0.55,-254.83
85,25,-195,-0.49,-0.14,-243.1
85,25,195,-0.49,-0.14,243.1
85,25,205,1.86,0.55,254.83
85,25,215,4.5,1.32,266.57
85,25,225,7.49,2.2,278.3
85,25,235,10.94,3.22,290.01
85,25,245,15.02,4.42,301.67
85,25,255,20.09,5.91,313.24
85,35,-255,28.73,11.83,-313.8
85,35,-245,23.74,9.77,-302.44
85,35,-235,19.76,8.13,-290.96
85,35,-225,16.41,6.76,-279.42
85,35,-215,13.51,5.56,-267.85
85,35,-205,10.97,4.52,-256.28
85,35,-195,8.71,3.59,-244.72
85,35,195,8.71,3.59,244.72
85,35,205,10.97,4.52,256.28
85,35,215,13.51,5.56,267.85
85,35,225,16.41,6.76,279.42
85,35,235,19.76,8.13,290.96
85,35,245,23.74,9.77,302.44
85,35,255,28.73,11.83,313.8
85,45,-255,37.56,19.88,-314.32
85,45,-245,32.63,17.28,-303.21
85,45,-235,28.76,15.22,-291.93
85,45,-225,25.52,13.51,-280.58
85,45,-215,22.74,12.04,-269.2
85,45,-205,20.31,10.75,-257.8
85,45,-195,18.17,9.62,-246.42
85,45,195,18.17,9.62,246.42
85,45,205,20.31,10.75,257.8
85,45,215,22.74,12.04,269.2
85,45,225,25.52,13.51,280.58
85,45,235,28.76,15.22,291.93
85,45,245,32.63,17.28,303.21
85,45,255,37.56,19.88,314.32
85,55,-255,46.03,29.79,-314.74
85,55,-245,41.14,26.62,-303.9
85,55,-235,37.37,24.18,-292.85
85,55,-225,34.25,22.16,-281.7
85,55,-215,31.6,20.44,-270.51
85,55,-205,29.29,18.95,-259.3
85,55,-195,27.26,17.64,-248.1
85,55,195,27.26,17.64,248.1
85,55,205,29.29,18.95,259.3
85,55,215,31.6,20.44,270.51
85,55,225,34.25,22.16,281.7
85,55,235,37.37,24.18,292.85
85,55,245,41.14,26.62,303.9
85,55,255,46.03,29.79,314.74
85,65,-245,49.02,37.49,-304.47
85,65,-235,45.33,34.67,-293.67
85,65,-225,42.33,32.37,-282.73
85,65,-215,39.79,30.43,-271.73
85,65,-205,37.6,28.76,-260.7
85,65,-195,35.7,27.3,-249.68
85,65,-185,34.03,26.03,-238.68
85,65,185,34.03,26.03,238.68
85,65,195,35.7,27.3,249.68
85,65,205,37.6,28.76,260.7
85,65,215,39.79,30.43,271.73
85,65,225,42.33,32.37,282.73
85,65,235,45.33,34.67,293.67
85,65,245,49.02,37.49,304.47
85,75,-245,56.21,49.6,-304.86
85,75,-235,52.57,46.38,-294.33
85,75,-225,49.66,43.82,-283.61
85,75,-215,47.23,41.67,-272.81
85,75,-205,45.15,39.84,-261.97
85,75,-195,43.36,38.26,-251.12
85,75,-185,41.82,36.9,-240.3
85,75,185,41.82,36.9,240.3
85,75,195,43.36,38.26,251.12
85,75,205,45.15,39.84,261.97
85,75,215,47.23,41.67,272.81
85,75,225,49.66,43.82,283.61
85,75,235,52.57,46.38,294.33
85,75,245,56.21,49.6,304.86
85,85,-245,89.72,89.72,-291.2
85,85,-235,59.09,59.09,-294.79
85,85,-225,56.24,56.24,-284.31
85,85,-215,53.9,53.9,-273.71
85,85,-205,51.93,51.93,-263.05
85,85,-195,50.25,50.25,-252.38
85,85,-185,48.81,48.81,-241.72
85,85,-175,47.58,47.58,-231.09
85,85,175,47.58,47.58,231.09
85,85,185,48.81,48.81,241.72
85,85,195,50.25,50.25,252.38
85,85,205,51.93,51.93,263.05
85,85,215,53.9,53.9,273.71
85,85,225,56.24,56.24,284.31
85,85,235,59.09,59.09,294.79
85,85,245,89.72,89.72,291.2
85,95,-235,94.35,105.45,-276.57
85,95,-225,62.14,69.46,-284.79
85,95,-215,59.87,66.92,-274.4
85,95,-205,57.98,64.8,-263.93
85,95,-195,56.39,63.02,-253.42
85,95,-185,55.04,61.52,-242.91
85,95,-175,53.91,60.25,-232.43
85,95,175,53.91,60.25,232.43
85,95,185,55.04,61.52,242.91
85,95,195,56.39,63.02,253.42
85,95,205,57.98,64.8,263.93
85,95,215,59.87,66.92,274.4
85,95,225,62.14,69.46,284.79
85,95,235,94.35,105.45,276.57
85,105,-235,94.94,117.28,-276.89
85,105,-225,97.65,120.62,-261.97
85,105,-215,65.21,80.56,-274.85
85,105,-205,63.39,78.3,-264.57
85,105,-195,61.87,76.42,-254.23
85,105,-185,60.6,74.85,-243.86
85,105,-175,59.55,73.56,-233.51
85,105,-165,58.7,72.51,-223.18
85,105,165,58.7,72.51,223.18
85,105,175,59.55,73.56,233.51
85,105,185,60.6,74.85,243.86
85,105,195,61.87,76.42,254.23
85,105,205,63.39,78.3,264.57
85,105,215,65.21,80.56,274.85
85,105,225,97.65,120.62,261.97
85,105,235,94.94,117.28,276.89
85,115,-225,97.87,132.42,-262.33
85,115,-215,99.96,135.24,-247.42
85,115,-205,101.59,137.44,-232.7
85,115,-195,66.75,90.31,-254.76
85,115,-185,65.54,88.68,-244.54
85,115,-175,64.56,87.34,-234.31
85,115,-165,63.77,86.28,-224.09
85,115,165,63.77,86.28,224.09
85,115,175,64.56,87.34,234.31
85,115,185,65.54,88.68,244.54
85,115,195,66.75,90.31,254.76
85,115,205,101.59,137.44,232.7
85,115,215,99.96,135.24,247.42
85,115,225,97.87,132.42,262.33
85,125,-225,97.75,143.74,-263.1
85,125,-215,99.91,146.92,-247.87
85,125,-205,101.54,149.32,-232.94
85,125,-195,102.8,151.18,-218.17
85,125,-185,103.78,152.62,-203.48
85,125,-175,104.51,153.69,-188.85
85,125,-165,68.29,100.42,-224.7
85,125,-155,67.74,99.61,-214.59
85,125,155,67.74,99.61,214.59
85,125,165,68.29,100.42,224.7
85,125,175,104.51,153.69,188.85
85,125,185,103.78,152.62,203.48
85,125,195,102.8,151.18,218.17
85,125,205,101.54,149.32,232.94
85,125,215,99.91,146.92,247.87
85,125,225,97.75,143.74,263.1
85,135,-215,99.59,158.17,-248.74
85,135,-205,101.27,160.85,-233.53
85,135,-195,102.55,162.87,-218.58
85,135,-185,103.52,164.41,-203.77
85,135,-175,104.23,165.55,-189.04
85,135,-165,104.73,166.34,-174.36
85,135,-155,105.02,166.8,-159.71
85,135,-145,105.12,166.96,-145.08
85,135,145,105.12,166.96,145.08
85,135,155,105.02,166.8,159.71
85,135,165,104.73,166.34,174.36
85,135,175,104.23,165.55,189.04
85,135,185,103.52,164.41,203.77
85,135,195,102.55,162.87,218.58
85,135,205,101.27,160.85,233.53
85,135,215,99.59,158.17,248.74
85,145,-215,82.08,140.01,-273.05
85,145,-205,80.12,136.68,-263.93
85,145,-195,102.14,174.24,-219.37
85,145,-185,103.13,175.92,-204.39
85,145,-175,103.85,177.15,-189.55
85,145,-165,104.35,178.0,-174.8
85,145,-155,104.64,178.51,-160.11
85,145,-145,104.75,178.7,-145.47
85,145,-135,104.68,178.58,-130.87
85,145,135,104.68,178.58,130.87
85,145,145,104.75,178.7,145.47
85,145,155,104.64,178.51,160.11
85,145,165,104.35,178.0,174.8
85,145,175,103.85,177.15,189.55
85,145,185,103.13,175.92,204.39
85,145,195,102.14,174.24,219.37
85,145,205,80.12,136.68,263.93
85,145,215,82.08,140.01,273.05
85,155,-205,83.52,152.29,-262.63
85,155,-195,81.95,149.44,-253.48
85,155,-185,102.62,187.13,-205.41
85,155,-175,103.37,188.5,-190.43
85,155,-165,103.89,189.45,-175.59
85,155,-155,104.21,190.02,-160.84
85,155,-145,104.34,190.26,-146.17
85,155,-135,104.3,190.19,-131.57
85,155,-125,104.09,189.81,-117.04
85,155,125,104.09,189.81,117.04
85,155,135,104.3,190.19,131.57
85,155,145,104.34,190.26,146.17
85,155,155,104.21,190.02,160.84
85,155,165,103.89,189.45,175.59
85,155,175,103.37,188.5,190.43
85,155,185,102.62,187.13,205.41
85,155,195,81.95,149.44,253.48
85,155,205,83.52,152.29,262.63
85,165,-195,85.04,165.08,-251.97
85,165,-185,83.77,162.62,-242.82
85,165,-175,82.82,160.77,-233.35
85,165,-165,103.37,200.66,-176.75
85,165,-155,103.72,201.34,-161.92
85,165,-145,103.88,201.66,-147.21
85,165,-135,103.88,201.65,-132.6
85,165,-125,103.72,201.34,-118.08
85,165,-115,103.41,200.73,-103.65
85,165,-105,102.95,199.84,-89.32
85,165,105,102.95,199.84,89.32
85,165,115,103.41,200.73,103.65
85,165,125,103.72,201.34,118.08
85,165,135,103.88,201.65,132.6
85,165,145,103.88,201.66,147.21
85,165,155,103.72,201.34,161.92
85,165,165,103.37,200.66,176.75
85,165,175,82.82,160.77,233.35
85,165,185,83.77,162.62,242.82
85,165,195,85.04,165.08,251.97
85,175,-185,86.6,178.3,-241.04
85,175,-175,85.57,176.17,-231.89
85,175,-165,84.81,174.61,-222.44
85,175,-155,84.26,173.49,-212.8
85,175,-145,103.4,212.88,-148.62
85,175,-135,103.44,212.97,-133.97
85,175,-125,103.34,212.75,-119.44
85,175,-115,83.73,172.38,-173.13
85,175,-105,83.94,172.82,-163.0
85,175,-95,84.28,173.53,-152.79
85,175,-85,84.75,174.49,-142.48
85,175,85,84.75,174.49,142.48
85,175,95,84.28,173.53,152.79
85,175,105,83.94,172.82,163.0
85,175,115,83.73,172.38,173.13
85,175,125,103.34,212.75,119.44
85,175,135,103.44,212.97,133.97
85,175,145,103.4,212.88,148.62
85,175,155,84.26,173.49,212.8
85,175,165,84.81,174.61,222.44
85,175,175,85.57,176.17,231.89
85,175,185,86.6,178.3,241.04
85,185,-175,88.17,191.89,-229.77
85,185,-165,87.32,190.04,-220.64
85,185,-155,86.72,188.73,-211.2
85,185,-145,86.31,187.85,-201.55
85,185,-135,102.99,224.15,-135.71
85,185,-125,85.97,187.12,-181.83
85,185,-115,86.01,187.21,-171.8
85,185,-105,86.18,187.57,-161.66
85,185,-95,86.47,188.2,-151.42
85,185,-85,86.87,189.07,-141.06
85,185,-75,87.38,190.17,-130.58
85,185,-65,87.99,191.5,-119.96
85,185,65,87.99,191.5,119.96
85,185,75,87.38,190.17,130.58
85,185,85,86.87,189.07,141.06
85,185,95,86.47,188.2,151.42
85,185,105,86.18,187.57,161.66
85,185,115,86.01,187.21,171.8
85,185,125,85.97,187.12,181.83
85,185,135,102.99,224.15,135.71
85,185,145,86.31,187.85,201.55
85,185,155,86.72,188.73,211.2
85,185,165,87.32,190.04,220.64
85,185,175,88.17,191.89,229.77
85,195,-165,89.71,205.8,-218.12
85,195,-155,89.01,204.19,-209.0
85,195,-145,102.33,234.76,-152.74
85,195,-135,102.5,235.16,-137.9
85,195,-125,102.52,235.2,-123.26
85,195,-115,102.4,234.93,-108.8
85,195,-105,88.2,202.34,-159.94
85,195,-95,88.43,202.86,-149.68
85,195,-85,88.76,203.62,-139.3
85,195,-75,89.19,204.62,-128.77
85,195,-65,89.72,205.82,-118.1
85,195,-55,90.33,207.22,-107.27
85,195,-45,91.01,208.79,-96.27
85,195,-35,91.76,210.51,-85.08
85,195,-25,92.57,212.37,-73.68
85,195,-15,93.42,214.32,-62.08
85,195,-5,94.3,216.34,-50.25
85,195,5,94.3,216.34,50.25
85,195,15,93.42,214.32,62.08
85,195,25,92.57,212.37,73.68
85,195,35,91.76,210.51,85.08
85,195,45,91.01,208.79,96.27
85,195,55,90.33,207.22,107.27
85,195,65,89.72,205.82,118.1
85,195,75,89.19,204.62,128.77
85,195,85,88.76,203.62,139.3
85,195,95,88.43,202.86,149.68
85,195,105,88.2,202.34,159.94
85,195,115,102.4,234.93,108.8
85,195,125,102.52,235.2,123.26
85,195,135,102.5,235.16,137.9
85,195,145,102.33,234.76,152.74
85,195,155,89.01,204.19,209.0
85,195,165,89.71,205.8,218.12
85,205,-155,101.24,244.16,-171.12
85,205,-145,101.71,245.31,-155.68
85,205,-135,101.98,245.95,-140.63
85,205,-125,102.08,246.19,-125.85
85,205,-115,102.04,246.09,-111.3
85,205,-105,101.87,245.69,-96.96
85,205,-95,101.6,245.04,-82.8
85,205,-85,90.46,218.16,-137.16
85,205,-75,90.82,219.03,-126.62
85,205,-65,91.26,220.09,-115.91
85,205,-55,91.78,221.35,-105.04
85,205,-45,92.37,222.76,-93.99
85,205,-35,93.01,224.32,-82.76
85,205,-25,93.71,226.0,-71.32
85,205,-15,94.44,227.77,-59.67
85,205,-5,95.2,229.6,-47.81
85,205,5,95.2,229.6,47.81
85,205,15,94.44,227.77,59.67
85,205,25,93.71,226.0,71.32
85,205,35,93.01,224.32,82.76
85,205,45,92.37,222.76,93.99
85,205,55,91.78,221.35,105.04
85,205,65,91.26,220.09,115.91
85,205,75,90.82,219.03,126.62
85,205,85,90.46,218.16,137.16
85,205,95,101.6,245.04,82.8
85,205,105,101.87,245.69,96.96
85,205,115,102.04,246.09,111.3
85,205,125,102.08,246.19,125.85
85,205,135,101.98,245.95,140.63
85,205,145,101.71,245.31,155.68
85,205,155,101.24,244.16,171.12
85,215,-145,100.98,255.41,-159.58
85,215,-135,101.38,256.44,-144.1
85,215,-125,101.59,256.96,-129.07
85,215,-115,101.64,257.08,-114.35
85,215,-105,101.56,256.88,-99.9
85,215,-95,101.37,256.41,-85.67
85,215,-85,101.09,255.69,-71.65
85,215,-75,100.72,254.76,-57.84
85,215,-65,100.28,253.64,-44.23
85,215,-55,93.08,235.44,-102.45
85,215,-45,93.58,236.69,-91.38
85,215,-35,94.13,238.08,-80.11
85,215,-25,94.72,239.58,-68.64
85,215,-15,95.35,241.17,-56.96
85,215,-5,96.0,242.81,-45.08
85,215,5,96.0,242.81,45.08
85,215,15,95.35,241.17,56.96
85,215,25,94.72,239.58,68.64
85,215,35,94.13,238.08,80.11
85,215,45,93.58,236.69,91.38
85,215,55,93.08,235.44,102.45
85,215,65,100.28,253.64,44.23
85,215,75,100.72,254.76,57.84
85,215,85,101.09,255.69,71.65
85,215,95,101.37,256.41,85.67
85,215,105,101.56,256.88,99.9
85,215,115,101.64,257.08,114.35
85,215,125,101.59,256.96,129.07
85,215,135,101.38,256.44,144.1
85,215,145,100.98,255.41,159.58
85,225,-125,101.01,267.38,-133.2
85,225,-115,101.18,267.83,-118.15
85,225,-105,101.2,267.89,-103.48
85,225,-95,101.11,267.63,-89.11
85,225,-85,100.91,267.12,-74.99
85,225,-75,100.63,266.38,-61.12
85,225,-65,100.28,265.45,-47.46
85,225,-55,99.87,264.37,-34.03
85,225,-45,99.41,263.14,-20.81
85,225,-35,98.91,261.81,-7.82
85,225,-25,98.38,260.41,4.96
85,225,-15,97.82,258.94,17.52
85,225,-5,97.26,257.46,29.86
85,225,5,97.26,257.46,-29.86
85,225,15,97.82,258.94,-17.52
85,225,25,98.38,260.41,-4.96
85,225,35,98.91,261.81,7.82
85,225,45,99.41,263.14,20.81
85,225,55,99.87,264.37,34.03
85,225,65,100.28,265.45,47.46
85,225,75,100.63,266.38,61.12
85,225,85,100.91,267.12,74.99
85,225,95,101.11,267.63,89.11
85,225,105,101.2,267.89,103.48
85,225,115,101.18,267.83,118.15
85,225,125,101.01,267.38,133.2
85,235,-105,100.76,278.59,-108.04
85,235,-95,100.78,278.64,-93.37
85,235,-85,100.69,278.38,-79.05
85,235,-75,100.51,277.87,-65.03
85,235,-65,100.25,277.16,-51.28
85,235,-55,99.93,276.28,-37.77
85,235,-45,99.56,275.26,-24.5
85,235,-35,99.16,274.14,-11.46
85,235,-25,98.72,272.93,1.35
85,235,-15,98.26,271.67,13.93
85,235,-5,97.8,270.38,26.29
85,235,5,97.8,270.38,-26.29
85,235,15,98.26,271.67,-13.93
85,235,25,98.72,272.93,-1.35
85,235,35,99.16,274.14,11.46
85,235,45,99.56,275.26,24.5
85,235,55,99.93,276.28,37.77
85,235,65,100.25,277.16,51.28
85,235,75,100.51,277.87,65.03
85,235,85,100.69,278.38,79.05
85,235,95,100.78,278.64,93.37
85,235,105,100.76,278.59,108.04
85,245,-85,100.39,289.35,-84.25
85,245,-75,100.32,289.15,-69.92
85,245,-65,100.16,288.7,-55.95
85,245,-55,99.94,288.07,-42.29
85,245,-45,99.67,287.28,-28.91
85,245,-35,99.35,286.37,-15.8
85,245,-25,99.01,285.38,-2.93
85,245,-15,98.64,284.33,9.7
85,245,-5,98.27,283.25,22.08
85,245,5,98.27,283.25,-22.08
85,245,15,98.64,284.33,-9.7
85,245,25,99.01,285.38,2.93
85,245,35,99.35,286.37,15.8
85,245,45,99.67,287.28,28.91
85,245,55,99.94,288.07,42.29
85,245,65,100.16,288.7,55.95
85,245,75,100.32,289.15,69.92
85,245,85,100.39,289.35,84.25
85,255,-55,99.87,299.62,-48.15
85,255,-45,99.71,299.12,-34.52
85,255,-35,99.49,298.48,-21.23
85,255,-25,99.24,297.73,-8.24
85,255,-15,98.97,296.92,4.46
85,255,-5,98.69,296.07,16.89
85,255,5,98.69,296.07,-16.89
85,255,15,98.97,296.92,-4.46
85,255,25,99.24,297.73,8.24
85,255,35,99.49,298.48,21.23
85,255,45,99.71,299.12,34.52
85,255,55,99.87,299.62,48.15
95,-255,-35,110.3,-296.08,-21.97
95,-255,-25,110.04,-295.38,-8.96
95,-255,-15,109.75,-294.6,3.75
95,-255,-5,109.45,-293.8,16.19
95,-255,5,109.45,-293.8,-16.19
95,-255,15,109.75,-294.6,-3.75
95,-255,25,110.04,-295.38,8.96
95,-255,35,110.3,-296.08,21.97
95,-245,-75,111.11,-286.54,-70.62
95,-245,-65,110.95,-286.14,-56.61
95,-245,-55,110.72,-285.54,-42.92
95,-245,-45,110.43,-284.8,-29.52
95,-245,-35,110.1,-283.93,-16.39
95,-245,-25,109.73,-282.98,-3.51
95,-245,-15,109.34,-281.97,9.12
95,-245,-5,108.93,-280.93,21.51
95,-245,5,108.93,-280.93,-21.51
95,-245,15,109.34,-281.97,-9.12
95,-245,25,109.73,-282.98,3.51
95,-245,35,110.1,-283.93,16.39
95,-245,45,110.43,-284.8,29.52
95,-245,55,110.72,-285.54,42.92
95,-245,65,110.95,-286.14,56.61
95,-245,75,111.11,-286.54,70.62
95,-235,-105,111.49,-275.79,-108.73
95,-235,-95,111.53,-275.89,-93.99
95,-235,-85,111.44,-275.68,-79.63
95,-235,-75,111.26,-275.21,-65.59
95,-235,-65,110.98,-274.54,-51.81
95,-235,-55,110.65,-273.7,-38.29
95,-235,-45,110.25,-272.72,-25.02
95,-235,-35,109.81,-271.64,-11.97
95,-235,-25,109.34,-270.48,0.84
95,-235,-15,108.85,-269.26,13.43
95,-235,-5,108.35,-268.02,25.79
95,-235,5,108.35,-268.02,-25.79
95,-235,15,108.85,-269.26,-13.43
95,-235,25,109.34,-270.48,-0.84
95,-235,35,109.81,-271.64,11.97
95,-235,45,110.25,-272.72,25.02
95,-235,55,110.65,-273.7,38.29
95,-235,65,110.98,-274.54,51.81
95,-235,75,111.26,-275.21,65.59
95,-235,85,111.44,-275.68,79.63
95,-235,95,111.53,-275.89,93.99
95,-235,105,111.49,-275.79,108.73
95,-225,-125,111.65,-264.44,-133.85
95,-225,-115,111.86,-264.94,-118.73
95,-225,-105,111.91,-265.04,-104.02
95,-225,-95,111.82,-264.83,-89.62
95,-225,-85,111.61,-264.35,-75.49
95,-225,-75,111.32,-263.65,-61.59
95,-225,-65,110.95,-262.77,-47.93
95,-225,-55,110.5,-261.72,-34.49
95,-225,-45,110.01,-260.54,-21.27
95,-225,-35,109.47,-259.26,-8.27
95,-225,-25,108.89,-257.9,4.51
95,-225,-15,108.3,-256.49,17.07
95,-225,-5,107.69,-255.05,29.42
95,-225,5,107.69,-255.05,-29.42
95,-225,15,108.3,-256.49,-17.07
95,-225,25,108.89,-257.9,-4.51
95,-225,35,109.47,-259.26,8.27
95,-225,45,110.01,-260.54,21.27
95,-225,55,110.5,-261.72,34.49
95,-225,65,110.95,-262.77,47.93
95,-225,75,111.32,-263.65,61.59
95,-225,85,111.61,-264.35,75.49
95,-225,95,111.82,-264.83,89.62
95,-225,105,111.91,-265.04,104.02
95,-225,115,111.86,-264.94,118.73
95,-225,125,111.65,-264.44,133.85
95,-215,-135,111.97,-253.41,-144.66
95,-215,-125,112.22,-253.97,-129.58
95,-215,-115,112.29,-254.13,-114.83
95,-215,-105,112.22,-253.96,-100.35
95,-215,-95,112.02,-253.52,-86.11
95,-215,-85,111.72,-252.84,-72.08
95,-215,-75,111.33,-251.95,-58.27
95,-215,-65,110.85,-250.88,-44.65
95,-215,-55,103.08,-233.29,-102.06
95,-215,-45,103.62,-234.5,-90.98
95,-215,-35,104.21,-235.85,-79.71
95,-215,-25,104.85,-237.3,-68.24
95,-215,-15,105.53,-238.83,-56.56
95,-215,-5,106.23,-240.42,-44.67
95,-215,5,106.23,-240.42,44.67
95,-215,15,105.53,-238.83,56.56
95,-215,25,104.85,-237.3,68.24
95,-215,35,104.21,-235.85,79.71
95,-215,45,103.62,-234.5,90.98
95,-215,55,103.08,-233.29,102.06
95,-215,65,110.85,-250.88,44.65
95,-215,75,111.33,-251.95,58.27
95,-215,85,111.72,-252.84,72.08
95,-215,95,112.02,-253.52,86.11
95,-215,105,112.22,-253.96,100.35
95,-215,115,112.29,-254.13,114.83
95,-215,125,112.22,-253.97,129.58
95,-215,135,111.97,-253.41,144.66
95,-205,-155,111.67,-240.98,-171.7
95,-205,-145,112.23,-242.17,-156.18
95,-205,-135,112.54,-242.85,-141.08
95,-205,-125,112.66,-243.12,-126.28
95,-205,-115,112.63,-243.05,-111.71
95,-205,-105,112.46,-242.68,-97.35
95,-205,-95,112.18,-242.06,-83.19
95,-205,-85,100.16,-216.14,-136.81
95,-205,-75,100.55,-216.97,-126.27
95,-205,-65,101.02,-218.0,-115.56
95,-205,-55,101.58,-219.2,-104.69
95,-205,-45,102.22,-220.57,-93.63
95,-205,-35,102.91,-222.08,-82.39
95,-205,-25,103.67,-223.7,-70.95
95,-205,-15,104.46,-225.41,-59.3
95,-205,-5,105.28,-227.18,-47.43
95,-205,5,105.28,-227.18,47.43
95,-205,15,104.46,-225.41,59.3
95,-205,25,103.67,-223.7,70.95
95,-205,35,102.91,-222.08,82.39
95,-205,45,102.22,-220.57,93.63
95,-205,55,101.58,-219.2,104.69
95,-205,65,101.02,-218.0,115.56
95,-205,75,100.55,-216.97,126.27
95,-205,85,100.16,-216.14,136.81
95,-205,95,112.18,-242.06,83.19
95,-205,105,112.46,-242.68,97.35
95,-205,115,112.63,-243.05,111.71
95,-205,125,112.66,-243.12,126.28
95,-205,135,112.54,-242.85,141.08
95,-205,145,112.23,-242.17,156.18
95,-205,155,111.67,-240.98,171.7
95,-195,-165,99.37,-203.98,-217.65
95,-195,-155,98.58,-202.34,-208.6
95,-195,-145,112.8,-231.54,-153.14
95,-195,-135,113.01,-231.96,-138.28
95,-195,-125,113.04,-232.03,-123.62
95,-195,-115,112.92,-231.79,-109.15
95,-195,-105,97.63,-200.4,-159.63
95,-195,-95,97.87,-200.89,-149.38
95,-195,-85,98.23,-201.63,-138.99
95,-195,-75,98.69,-202.58,-128.47
95,-195,-65,99.26,-203.74,-117.79
95,-195,-55,99.91,-205.09,-106.95
95,-195,-45,100.65,-206.6,-95.94
95,-195,-35,101.46,-208.27,-84.74
95,-195,-25,102.34,-210.06,-73.34
95,-195,-15,103.25,-211.94,-61.73
95,-195,-5,104.2,-213.89,-49.89
95,-195,5,104.2,-213.89,49.89
95,-195,15,103.25,-211.94,61.73
95,-195,25,102.34,-210.06,73.34
95,-195,35,101.46,-208.27,84.74
95,-195,45,100.65,-206.6,95.94
95,-195,55,99.91,-205.09,106.95
95,-195,65,99.26,-203.74,117.79
95,-195,75,98.69,-202.58,128.47
95,-195,85,98.23,-201.63,138.99
95,-195,95,97.87,-200.89,149.38
95,-195,105,97.63,-200.4,159.63
95,-195,115,112.92,-231.79,109.15
95,-195,125,113.04,-232.03,123.62
95,-195,135,113.01,-231.96,138.28
95,-195,145,112.8,-231.54,153.14
95,-195,155,98.58,-202.34,208.6
95,-195,165,99.37,-203.98,217.65
95,-185,-175,97.62,-190.09,-229.35
95,-185,-165,96.66,-188.23,-220.29
95,-185,-155,95.98,-186.91,-210.89
95,-185,-145,95.52,-186.02,-201.27
95,-185,-135,113.41,-220.86,-136.03
95,-185,-125,95.14,-185.27,-181.57
95,-185,-115,95.17,-185.34,-171.55
95,-185,-105,95.35,-185.68,-161.41
95,-185,-95,95.66,-186.28,-151.16
95,-185,-85,96.08,-187.11,-140.8
95,-185,-75,96.63,-188.18,-130.31
95,-185,-65,97.29,-189.46,-119.68
95,-185,-55,98.05,-190.93,-108.9
95,-185,55,98.05,-190.93,108.9
95,-185,65,97.29,-189.46,119.68
95,-185,75,96.63,-188.18,130.31
95,-185,85,96.08,-187.11,140.8
95,-185,95,95.66,-186.28,151.16
95,-185,105,95.35,-185.68,161.41
95,-185,115,95.17,-185.34,171.55
95,-185,125,95.14,-185.27,181.57
95,-185,135,113.41,-220.86,136.03
95,-185,145,95.52,-186.02,201.27
95,-185,155,95.98,-186.91,210.89
95,-185,165,96.66,-188.23,220.29
95,-185,175,97.62,-190.09,229.35
95,-175,-185,95.84,-176.54,-240.66
95,-175,-175,94.67,-174.4,-231.58
95,-175,-165,93.82,-172.83,-222.18
95,-175,-155,113.47,-209.02,-163.69
95,-175,-145,113.71,-209.47,-148.89
95,-175,-135,113.77,-209.57,-134.24
95,-175,-125,113.66,-209.37,-119.7
95,-175,-115,113.39,-208.88,-105.29
95,-175,-105,92.83,-171.0,-162.8
95,-175,-95,93.19,-171.67,-152.58
95,-175,-85,93.69,-172.59,-142.26
95,-175,85,93.69,-172.59,142.26
95,-175,95,93.19,-171.67,152.58
95,-175,105,92.83,-171.0,162.8
95,-175,115,113.39,-208.88,105.29
95,-175,125,113.66,-209.37,119.7
95,-175,135,113.77,-209.57,134.24
95,-175,145,113.71,-209.47,148.89
95,-175,155,113.47,-209.02,163.69
95,-175,165,93.82,-172.83,222.18
95,-175,175,94.67,-174.4,231.58
95,-175,185,95.84,-176.54,240.66
95,-165,-195,94.06,-163.37,-251.62
95,-165,-185,92.64,-160.9,-242.54
95,-165,-175,112.87,-196.04,-192.0
95,-165,-165,113.49,-197.12,-177.0
95,-165,-155,113.88,-197.8,-162.16
95,-165,-145,114.07,-198.13,-147.44
95,-165,-135,114.08,-198.14,-132.82
95,-165,-125,113.91,-197.85,-118.3
95,-165,-115,113.58,-197.27,-103.87
95,-165,-105,113.09,-196.42,-89.56
95,-165,105,113.09,-196.42,89.56
95,-165,115,113.58,-197.27,103.87
95,-165,125,113.91,-197.85,118.3
95,-165,135,114.08,-198.14,132.82
95,-165,145,114.07,-198.13,147.44
95,-165,155,113.88,-197.8,162.16
95,-165,165,113.49,-197.12,177.0
95,-165,175,112.87,-196.04,192.0
95,-165,185,92.64,-160.9,242.54
95,-165,195,94.06,-163.37,251.62
95,-155,-205,92.33,-150.64,-262.3
95,-155,-195,111.32,-181.63,-220.89
95,-155,-185,112.47,-183.51,-205.66
95,-155,-175,113.31,-184.87,-190.65
95,-155,-165,113.88,-185.8,-175.78
95,-155,-155,114.23,-186.38,-161.02
95,-155,-145,114.38,-186.62,-146.35
95,-155,-135,114.34,-186.56,-131.75
95,-155,-125,114.13,-186.2,-117.22
95,-155,-115,113.73,-185.56,-102.77
95,-155,115,113.73,-185.56,102.77
95,-155,125,114.13,-186.2,117.22
95,-155,135,114.34,-186.56,131.75
95,-155,145,114.38,-186.62,146.35
95,-155,155,114.23,-186.38,161.02
95,-155,165,113.88,-185.8,175.78
95,-155,175,113.31,-184.87,190.65
95,-155,185,112.47,-183.51,205.66
95,-155,195,111.32,-181.63,220.89
95,-155,205,92.33,-150.64,262.3
95,-145,-205,110.28,-168.31,-234.83
95,-145,-195,111.74,-170.55,-219.58
95,-145,-185,112.83,-172.21,-204.57
95,-145,-175,113.63,-173.43,-189.7
95,-145,-165,114.17,-174.27,-174.93
95,-145,-155,114.5,-174.77,-160.23
95,-145,-145,114.63,-174.96,-145.59
95,-145,-135,114.55,-174.85,-130.99
95,-145,135,114.55,-174.85,130.99
95,-145,145,114.63,-174.96,145.59
95,-145,155,114.5,-174.77,160.23
95,-145,165,114.17,-174.27,174.93
95,-145,175,113.63,-173.43,189.7
95,-145,185,112.83,-172.21,204.57
95,-145,195,111.74,-170.55,219.58
95,-145,205,110.28,-168.31,234.83
95,-135,-215,108.71,-154.49,-248.99
95,-135,-205,110.58,-157.14,-233.72
95,-135,-195,111.98,-159.13,-218.72
95,-135,-185,113.04,-160.63,-203.87
95,-135,-175,113.82,-161.74,-189.12
95,-135,-165,114.36,-162.51,-174.43
95,-135,-155,114.68,-162.97,-159.77
95,-135,-145,114.79,-163.12,-145.14
95,-135,145,114.79,-163.12,145.14
95,-135,155,114.68,-162.97,159.77
95,-135,165,114.36,-162.51,174.43
95,-135,175,113.82,-161.74,189.12
95,-135,185,113.04,-160.63,203.87
95,-135,195,111.98,-159.13,218.72
95,-135,205,110.58,-157.14,233.72
95,-135,215,108.71,-154.49,248.99
95,-125,-225,106.46,-140.08,-263.36
95,-125,-215,108.85,-143.23,-248.03
95,-125,-205,110.64,-145.58,-233.05
95,-125,-195,112.02,-147.39,-218.23
95,-125,-185,113.08,-148.78,-203.52
95,-125,-175,113.87,-149.82,-188.86
95,-125,-165,114.42,-150.55,-174.23
95,-125,-155,114.74,-150.98,-159.62
95,-125,155,114.74,-150.98,159.62
95,-125,165,114.42,-150.55,174.23
95,-125,175,113.87,-149.82,188.86
95,-125,185,113.08,-148.78,203.52
95,-125,195,112.02,-147.39,218.23
95,-125,205,110.64,-145.58,233.05
95,-125,215,108.85,-143.23,248.03
95,-125,225,106.46,-140.08,263.36
95,-115,-225,106.4,-128.8,-262.48
95,-115,-215,108.68,-131.56,-247.5
95,-115,-205,110.44,-133.7,-232.73
95,-115,-195,111.83,-135.38,-218.08
95,-115,-185,72.54,-87.82,-244.67
95,-115,-175,71.49,-86.54,-234.47
95,-115,-165,70.65,-85.52,-224.28
95,-115,-155,70.01,-84.75,-214.11
95,-115,155,70.01,-84.75,214.11
95,-115,165,70.65,-85.52,224.28
95,-115,175,71.49,-86.54,234.47
95,-115,185,72.54,-87.82,244.67
95,-115,195,111.83,-135.38,218.08
95,-115,205,110.44,-133.7,232.73
95,-115,215,108.68,-131.56,247.5
95,-115,225,106.4,-128.8,262.48
95,-105,-235,102.97,-113.81,-277.05
95,-105,-225,105.93,-117.08,-262.04
95,-105,-215,108.18,-119.56,-247.31
95,-105,-205,70.22,-77.62,-264.7
95,-105,-195,68.6,-75.82,-254.4
95,-105,-185,67.24,-74.32,-244.08
95,-105,-175,66.13,-73.09,-233.76
95,-105,-165,65.22,-72.09,-223.47
95,-105,165,65.22,-72.09,223.47
95,-105,175,66.13,-73.09,233.76
95,-105,185,67.24,-74.32,244.08
95,-105,195,68.6,-75.82,254.4
95,-105,205,70.22,-77.62,264.7
95,-105,215,108.18,-119.56,247.31
95,-105,225,105.93,-117.08,262.04
95,-105,235,102.97,-113.81,277.05
95,-95,-235,102.14,-102.14,-276.63
95,-95,-225,68.95,-68.95,-284.88
95,-95,-215,66.51,-66.51,-274.57
95,-95,-205,64.5,-64.5,-264.16
95,-95,-195,62.8,-62.8,-253.7
95,-95,-185,61.38,-61.38,-243.24
95,-95,-175,60.19,-60.19,-232.79
95,-95,175,60.19,-60.19,232.79
95,-95,185,61.38,-61.38,243.24
95,-95,195,62.8,-62.8,253.7
95,-95,205,64.5,-64.5,264.16
95,-95,215,66.51,-66.51,274.57
95,-95,225,68.95,-68.95,284.88
95,-95,235,102.14,-102.14,276.63
95,-85,-235,65.81,-58.89,-294.89
95,-85,-225,62.77,-56.16,-284.5
95,-85,-215,60.28,-53.94,-273.98
95,-85,-205,58.19,-52.07,-263.38
95,-85,-195,56.42,-50.48,-252.77
95,-85,-185,54.9,-49.12,-242.16
95,-85,-175,53.62,-47.98,-231.58
95,-85,175,53.62,-47.98,231.58
95,-85,185,54.9,-49.12,242.16
95,-85,195,56.42,-50.48,252.77
95,-85,205,58.19,-52.07,263.38
95,-85,215,60.28,-53.94,273.98
95,-85,225,62.77,-56.16,284.5
95,-85,235,65.81,-58.89,294.89
95,-75,-245,63.0,-49.74,-304.95
95,-75,-235,59.1,-46.66,-294.53
95,-75,-225,56.02,-44.23,-283.91
95,-75,-215,53.46,-42.2,-273.18
95,-75,-205,51.28,-40.48,-262.41
95,-75,-195,49.41,-39.01,-251.63
95,-75,-185,47.8,-37.74,-240.87
95,-75,185,47.8,-37.74,240.87
95,-75,195,49.41,-39.01,251.63
95,-75,205,51.28,-40.48,262.41
95,-75,215,53.46,-42.2,273.18
95,-75,225,56.02,-44.23,283.91
95,-75,235,59.1,-46.66,294.53
95,-75,245,63.0,-49.74,304.95
95,-65,-245,55.76,-38.15,-304.67
95,-65,-235,51.86,-35.48,-293.98
95,-65,-225,48.7,-33.32,-283.14
95,-65,-215,46.05,-31.51,-272.23
95,-65,-205,43.77,-29.95,-261.28
95,-65,-195,41.8,-28.6,-250.34
95,-65,-185,40.08,-27.42,-239.42
95,-65,185,40.08,-27.42,239.42
95,-65,195,41.8,-28.6,250.34
95,-65,205,43.77,-29.95,261.28
95,-65,215,46.05,-31.51,272.23
95,-65,225,48.7,-33.32,283.14
95,-65,235,51.86,-35.48,293.98
95,-65,245,55.76,-38.15,304.67
95,-55,-245,48.08,-27.83,-304.22
95,-55,-235,44.13,-25.55,-293.29
95,-55,-225,40.88,-23.67,-282.25
95,-55,-215,38.13,-22.08,-271.16
95,-55,-205,35.75,-20.7,-260.04
95,-55,-195,33.67,-19.49,-248.94
95,-55,-185,31.84,-18.44,-237.85
95,-55,185,31.84,-18.44,237.85
95,-55,195,33.67,-19.49,248.94
95,-55,205,35.75,-20.7,260.04
95,-55,215,38.13,-22.08,271.16
95,-55,225,40.88,-23.67,282.25
95,-55,235,44.13,-25.55,293.29
95,-55,245,48.08,-27.83,304.22
95,-45,-245,40.1,-19.0,-303.65
95,-45,-235,36.08,-17.09,-292.52
95,-45,-225,32.75,-15.51,-281.29
95,-45,-215,29.89,-14.16,-270.02
95,-45,-205,27.41,-12.98,-258.74
95,-45,-195,25.22,-11.95,-247.47
95,-45,195,25.22,-11.95,247.47
95,-45,205,27.41,-12.98,258.74
95,-45,215,29.89,-14.16,270.02
95,-45,225,32.75,-15.51,281.29
95,-45,235,36.08,-17.09,292.52
95,-45,245,40.1,-19.0,303.65
95,-35,-255,37.35,-13.76,-314.21
95,-35,-245,32.16,-11.85,-303.04
95,-35,-235,28.06,-10.34,-291.71
95,-35,-225,24.64,-9.08,-280.32
95,-35,-215,21.69,-7.99,-268.89
95,-35,-205,19.11,-7.04,-257.46
95,-35,-195,16.83,-6.2,-246.03
95,-35,195,16.83,-6.2,246.03
95,-35,205,19.11,-7.04,257.46
95,-35,215,21.69,-7.99,268.89
95,-35,225,24.64,-9.08,280.32
95,-35,235,28.06,-10.34,291.71
95,-35,245,32.16,-11.85,303.04
95,-35,255,37.35,-13.76,314.21
95,-25,-255,30.05,-7.91,-313.8
95,-25,-245,24.83,-6.53,-302.44
95,-25,-235,20.66,-5.44,-290.96
95,-25,-225,17.16,-4.52,-279.42
95,-25,-215,14.13,-3.72,-267.85
95,-25,-205,11.47,-3.02,-256.28
95,-25,-195,9.11,-2.4,-244.72
95,-25,195,9.11,-2.4,244.72
95,-25,205,11.47,-3.02,256.28
95,-25,215,14.13,-3.72,267.85
95,-25,225,17.16,-4.52,279.42
95,-25,235,20.66,-5.44,290.96
95,-25,245,24.83,-6.53,302.44
95,-25,255,30.05,-7.91,313.8
95,-15,-255,24.23,-3.83,-313.45
95,-15,-245,18.97,-2.99,-301.95
95,-15,-235,14.75,-2.33,-290.35
95,-15,-225,11.19,-1.77,-278.71
95,-15,-215,8.11,-1.28,-267.03
95,-15,-205,5.39,-0.85,-255.36
95,-15,-195,2.97,-0.47,-243.68
95,-15,195,2.97,-0.47,243.68
95,-15,205,5.39,-0.85,255.36
95,-15,215,8.11,-1.28,267.03
95,-15,225,11.19,-1.77,278.71
95,-15,235,14.75,-2.33,290.35
95,-15,245,18.97,-2.99,301.95
95,-15,255,24.23,-3.83,313.45
95,-5,-255,20.91,-1.1,-313.24
95,-5,-245,15.63,-0.82,-301.67
95,-5,-235,11.39,-0.6,-290.01
95,-5,-225,7.8,-0.41,-278.3
95,-5,-215,4.68,-0.25,-266.57
95,-5,-205,1.94,-0.1,-254.83
95,-5,-195,-0.51,0.03,-243.1
95,-5,195,-0.51,0.03,243.1
95,-5,205,1.94,-0.1,254.83
95,-5,215,4.68,-0.25,266.57
95,-5,225,7.8,-0.41,278.3
95,-5,235,11.39,-0.6,290.01
95,-5,245,15.63,-0.82,301.67
95,-5,255,20.91,-1.1,313.24
95,5,-255,20.91,1.1,-313.24
95,5,-245,15.63,0.82,-301.67
95,5,-235,11.39,0.6,-290.01
95,5,-225,7.8,0.41,-278.3
95,5,-215,4.68,0.25,-266.57
95,5,-205,1.94,0.1,-254.83
95,5,-195,-0.51,-0.03,-243.1
95,5,195,-0.51,-0.03,243.1
95,5,205,1.94,0.1,254.83
95,5,215,4.68,0.25,266.57
95,5,225,7.8,0.41,278.3
95,5,235,11.39,0.6,290.01
95,5,245,15.63,0.82,301.67
95,5,255,20.91,1.1,313.24
95,15,-255,24.23,3.83,-313.45
95,15,-245,18.97,2.99,-301.95
95,15,-235,14.75,2.33,-290.35
95,15,-225,11.19,1.77,-278.71
95,15,-215,8.11,1.28,-267.03
95,15,-205,5.39,0.85,-255.36
95,15,-195,2.97,0.47,-243.68
95,15,195,2.97,0.47,243.68
95,15,205,5.39,0.85,255.36
95,15,215,8.11,1.28,267.03
95,15,225,11.19,1.77,278.71
95,15,235,14.75,2.33,290.35
95,15,245,18.97,2.99,301.95
95,15,255,24.23,3.83,313.45
95,25,-255,30.05,7.91,-313.8
95,25,-245,24.83,6.53,-302.44
95,25,-235,20.66,5.44,-290.96
95,25,-225,17.16,4.52,-279.42
95,25,-215,14.13,3.72,-267.85
95,25,-205,11.47,3.02,-256.28
95,25,-195,9.11,2.4,-244.72
95,25,195,9.11,2.4,244.72
95,25,205,11.47,3.02,256.28
95,25,215,14.13,3.72,267.85
95,25,225,17.16,4.52,279.42
95,25,235,20.66,5.44,290.96
95,25,245,24.83,6.53,302.44
95,25,255,30.05,7.91,313.8
95,35,-255,37.35,13.76,-314.21
95,35,-245,32.16,11.85,-303.04
95,35,-235,28.06,10.34,-291.71
95,35,-225,24.64,9.08,-280.32
95,35,-215,21.69,7.99,-268.89
95,35,-205,19.11,7.04,-257.46
95,35,-195,16.83,6.2,-246.03
95,35,195,16.83,6.2,246.03
95,35,205,19.11,7.04,257.46
95,35,215,21.69,7.99,268.89
95,35,225,24.64,9.08,280.32
95,35,235,28.06,10.34,291.71
95,35,245,32.16,11.85,303.04
95,35,255,37.35,13.76,314.21
95,45,-245,40.1,19.0,-303.65
95,45,-235,36.08,17.09,-292.52
95,45,-225,32.75,15.51,-281.29
95,45,-215,29.89,14.16,-270.02
95,45,-205,27.41,12.98,-258.74
95,45,-195,25.22,11.95,-247.47
95,45,195,25.22,11.95,247.47
95,45,205,27.41,12.98,258.74
95,45,215,29.89,14.16,270.02
95,45,225,32.75,15.51,281.29
95,45,235,36.08,17.09,292.52
95,45,245,40.1,19.0,303.65
95,55,-245,48.08,27.83,-304.22
95,55,-235,44.13,25.55,-293.29
95,55,-225,40.88,23.67,-282.25
95,55,-215,38.13,22.08,-271.16
95,55,-205,35.75,20.7,-260.04
95,55,-195,33.67,19.49,-248.94
95,55,-185,31.84,18.44,-237.85
95,55,185,31.84,18.44,237.85
95,55,195,33.67,19.49,248.94
95,55,205,35.75,20.7,260.04
95,55,215,38.13,22.08,271.16
95,55,225,40.88,23.67,282.25
95,55,235,44.13,25.55,293.29
95,55,245,48.08,27.83,304.22
95,65,-245,55.76,38.15,-304.67
95,65,-235,51.86,35.48,-293.98
95,65,-225,48.7,33.32,-283.14
95,65,-215,46.05,31.51,-272.23
95,65,-205,43.77,29.95,-261.28
95,65,-195,41.8,28.6,-250.34
95,65,-185,40.08,27.42,-239.42
95,65,185,40.08,27.42,239.42
95,65,195,41.8,28.6,250.34
95,65,205,43.77,29.95,261.28
95,65,215,46.05,31.51,272.23
95,65,225,48.7,33.32,283.14
95,65,235,51.86,35.48,293.98
95,65,245,55.76,38.15,304.67
95,75,-245,63.0,49.74,-304.95
95,75,-235,59.1,46.66,-294.53
95,75,-225,56.02,44.23,-283.91
95,75,-215,53.46,42.2,-273.18
95,75,-205,51.28,40.48,-262.41
95,75,-195,49.41,39.01,-251.63
95,75,-185,47.8,37.74,-240.87
95,75,185,47.8,37.74,240.87
95,75,195,49.41,39.01,251.63
95,75,205,51.28,40.48,262.41
95,75,215,53.46,42.2,273.18
95,75,225,56.02,44.23,283.91
95,75,235,59.1,46.66,294.53
95,75,245,63.0,49.74,304.95
95,85,-235,65.81,58.89,-294.89
95,85,-225,62.77,56.16,-284.5
95,85,-215,60.28,53.94,-273.98
95,85,-205,58.19,52.07,-263.38
95,85,-195,56.42,50.48,-252.77
95,85,-185,54.9,49.12,-242.16
95,85,-175,53.62,47.98,-231.58
95,85,175,53.62,47.98,231.58
95,85,185,54.9,49.12,242.16
95,85,195,56.42,50.48,252.77
95,85,205,58.19,52.07,263.38
95,85,215,60.28,53.94,273.98
95,85,225,62.77,56.16,284.5
95,85,235,65.81,58.89,294.89
95,95,-235,102.14,102.14,-276.63
95,95,-225,68.95,68.95,-284.88
95,95,-215,66.51,66.51,-274.57
95,95,-205,64.5,64.5,-264.16
95,95,-195,62.8,62.8,-253.7
95,95,-185,61.38,61.38,-243.24
95,95,-175,60.19,60.19,-232.79
95,95,175,60.19,60.19,232.79
95,95,185,61.38,61.38,243.24
95,95,195,62.8,62.8,253.7
95,95,205,64.5,64.5,264.16
95,95,215,66.51,66.51,274.57
95,95,225,68.95,68.95,284.88
95,95,235,102.14,102.14,276.63
95,105,-235,102.97,113.81,-277.05
95,105,-225,105.93,117.08,-262.04
95,105,-215,108.18,119.56,-247.31
95,105,-205,70.22,77.62,-264.7
95,105,-195,68.6,75.82,-254.4
95,105,-185,67.24,74.32,-244.08
95,105,-175,66.13,73.09,-233.76
95,105,-165,65.22,72.09,-223.47
95,105,165,65.22,72.09,223.47
95,105,175,66.13,73.09,233.76
95,105,185,67.24,74.32,244.08
95,105,195,68.6,75.82,254.4
95,105,205,70.22,77.62,264.7
95,105,215,108.18,119.56,247.31
95,105,225,105.93,117.08,262.04
95,105,235,102.97,113.81,277.05
95,115,-225,106.4,128.8,-262.48
95,115,-215,108.68,131.56,-247.5
95,115,-205,110.44,133.7,-232.73
95,115,-195,111.83,135.38,-218.08
95,115,-185,72.54,87.82,-244.67
95,115,-175,71.49,86.54,-234.47
95,115,-165,70.65,85.52,-224.28
95,115,-155,70.01,84.75,-214.11
95,115,155,70.01,84.75,214.11
95,115,165,70.65,85.52,224.28
95,115,175,71.49,86.54,234.47
95,115,185,72.54,87.82,244.67
95,115,195,111.83,135.38,218.08
95,115,205,110.44,133.7,232.73
95,115,215,108.68,131.56,247.5
95,115,225,106.4,128.8,262.48
95,125,-225,106.46,140.08,-263.36
95,125,-215,108.85,143.23,-248.03
95,125,-205,110.64,145.58,-233.05
95,125,-195,112.02,147.39,-218.23
95,125,-185,113.08,148.78,-203.52
95,125,-175,113.87,149.82,-188.86
95,125,-165,114.42,150.55,-174.23
95,125,-155,114.74,150.98,-159.62
95,125,155,114.74,150.98,159.62
95,125,165,114.42,150.55,174.23
95,125,175,113.87,149.82,188.86
95,125,185,113.08,148.78,203.52
95,125,195,112.02,147.39,218.23
95,125,205,110.64,145.58,233.05
95,125,215,108.85,143.23,248.03
95,125,225,106.46,140.08,263.36
95,135,-215,108.71,154.49,-248.99
95,135,-205,110.58,157.14,-233.72
95,135,-195,111.98,159.13,-218.72
95,135,-185,113.04,160.63,-203.87
95,135,-175,113.82,161.74,-189.12
95,135,-165,114.36,162.51,-174.43
95,135,-155,114.68,162.97,-159.77
95,135,-145,114.79,163.12,-145.14
95,135,145,114.79,163.12,145.14
95,135,155,114.68,162.97,159.77
95,135,165,114.36,162.51,174.43
95,135,175,113.82,161.74,189.12
95,135,185,113.04,160.63,203.87
95,135,195,111.98,159.13,218.72
95,135,205,110.58,157.14,233.72
95,135,215,108.71,154.49,248.99
95,145,-205,110.28,168.31,-234.83
95,145,-195,111.74,170.55,-219.58
95,145,-185,112.83,172.21,-204.57
95,145,-175,113.63,173.43,-189.7
95,145,-165,114.17,174.27,-174.93
95,145,-155,114.5,174.77,-160.23
95,145,-145,114.63,174.96,-145.59
95,145,-135,114.55,174.85,-130.99
95,145,135,114.55,174.85,130.99
95,145,145,114.63,174.96,145.59
95,145,155,114.5,174.77,160.23
95,145,165,114.17,174.27,174.93
95,145,175,113.63,173.43,189.7
95,145,185,112.83,172.21,204.57
95,145,195,111.74,170.55,219.58
95,145,205,110.28,168.31,234.83
95,155,-205,92.33,150.64,-262.3
95,155,-195,111.32,181.63,-220.89
95,155,-185,112.47,183.51,-205.66
95,155,-175,113.31,184.87,-190.65
95,155,-165,113.88,185.8,-175.78
95,155,-155,114.23,186.38,-161.02
95,155,-145,114.38,186.62,-146.35
95,155,-135,114.34,186.56,-131.75
95,155,-125,114.13,186.2,-117.22
95,155,-115,113.73,185.56,-102.77
95,155,115,113.73,185.56,102.77
95,155,125,114.13,186.2,117.22
95,155,135,114.34,186.56,131.75
95,155,145,114.38,186.62,146.35
95,155,155,114.23,186.38,161.02
95,155,165,113.88,185.8,175.78
95,155,175,113.31,184.87,190.65
95,155,185,112.47,183.51,205.66
95,155,195,111.32,181.63,220.89
95,155,205,92.33,150.64,262.3
95,165,-195,94.06,163.37,-251.62
95,165,-185,92.64,160.9,-242.54
95,165,-175,112.87,196.04,-192.0
95,165,-165,113.49,197.12,-177.0
95,165,-155,113.88,197.8,-162.16
95,165,-145,114.07,198.13,-147.44
95,165,-135,114.08,198.14,-132.82
95,165,-125,113.91,197.85,-118.3
95,165,-115,113.58,197.27,-103.87
95,165,-105,113.09,196.42,-89.56
95,165,105,113.09,196.42,89.56
95,165,115,113.58,197.27,103.87
95,165,125,113.91,197.85,118.3
95,165,135,114.08,198.14,132.82
95,165,145,114.07,198.13,147.44
95,165,155,113.88,197.8,162.16
95,165,165,113.49,197.12,177.0
95,165,175,112.87,196.04,192.0
95,165,185,92.64,160.9,242.54
95,165,195,94.06,163.37,251.62
95,175,-185,95.84,176.54,-240.66
95,175,-175,94.67,174.4,-231.58
95,175,-165,93.82,172.83,-222.18
95,175,-155,113.47,209.02,-163.69
95,175,-145,113.71,209.47,-148.89
95,175,-135,113.77,209.57,-134.24
95,175,-125,113.66,209.37,-119.7
95,175,-115,113.39,208.88,-105.29
95,175,-105,92.83,171.0,-162.8
95,175,-95,93.19,171.67,-152.58
95,175,-85,93.69,172.59,-142.26
95,175,85,93.69,172.59,142.26
95,175,95,93.19,171.67,152.58
95,175,105,92.83,171.0,162.8
95,175,115,113.39,208.88,105.29
95,175,125,113.66,209.37,119.7
95,175,135,113.77,209.57,134.24
95,175,145,113.71,209.47,148.89
95,175,155,113.47,209.02,163.69
95,175,165,93.82,172.83,222.18
95,175,175,94.67,174.4,231.58
95,175,185,95.84,176.54,240.66
95,185,-175,97.62,190.09,-229.35
95,185,-165,96.66,188.23,-220.29
95,185,-155,95.98,186.91,-210.89
95,185,-145,95.52,186.02,-201.27
95,185,-135,113.41,220.86,-136.03
95,185,-125,95.14,185.27,-181.57
95,185,-115,95.17,185.34,-171.55
95,185,-105,95.35,185.68,-161.41
95,185,-95,95.66,186.28,-151.16
95,185,-85,96.08,187.11,-140.8
95,185,-75,96.63,188.18,-130.31
95,185,-65,97.29,189.46,-119.68
95,185,-55,98.05,190.93,-108.9
95,185,55,98.05,190.93,108.9
95,185,65,97.29,189.46,119.68
95,185,75,96.63,188.18,130.31
95,185,85,96.08,187.11,140.8
95,185,95,95.66,186.28,151.16
95,185,105,95.35,185.68,161.41
95,185,115,95.17,185.34,171.55
95,185,125,95.14,185.27,181.57
95,185,135,113.41,220.86,136.03
95,185,145,95.52,186.02,201.27
95,185,155,95.98,186.91,210.89
95,185,165,96.66,188.23,220.29
95,185,175,97.62,190.09,229.35
95,195,-165,99.37,203.98,-217.65
95,195,-155,98.58,202.34,-208.6
95,195,-145,112.8,231.54,-153.14
95,195,-135,113.01,231.96,-138.28
95,195,-125,113.04,232.03,-123.62
95,195,-115,112.92,231.79,-109.15
95,195,-105,97.63,200.4,-159.63
95,195,-95,97.87,200.89,-149.38
95,195,-85,98.23,201.63,-138.99
95,195,-75,98.69,202.58,-128.47
95,195,-65,99.26,203.74,-117.79
95,195,-55,99.91,205.09,-106.95
95,195,-45,100.65,206.6,-95.94
95,195,-35,101.46,208.27,-84.74
95,195,-25,102.34,210.06,-73.34
95,195,-15,103.25,211.94,-61.73
95,195,-5,104.2,213.89,-49.89
95,195,5,104.2,213.89,49.89
95,195,15,103.25,211.94,61.73
95,195,25,102.34,210.06,73.34
95,195,35,101.46,208.27,84.74
95,195,45,100.65,206.6,95.94
95,195,55,99.91,205.09,106.95
95,195,65,99.26,203.74,117.79
95,195,75,98.69,202.58,128.47
95,195,85,98.23,201.63,138.99
95,195,95,97.87,200.89,149.38
95,195,105,97.63,200.4,159.63
95,195,115,112.92,231.79,109.15
95,195,125,113.04,232.03,123.62
95,195,135,113.01,231.96,138.28
95,195,145,112.8,231.54,153.14
95,195,155,98.58,202.34,208.6
95,195,165,99.37,203.98,217.65
95,205,-155,111.67,240.98,-171.7
95,205,-145,112.23,242.17,-156.18
95,205,-135,112.54,242.85,-141.08
95,205,-125,112.66,243.12,-126.28
95,205,-115,112.63,243.05,-111.71
95,205,-105,112.46,242.68,-97.35
95,205,-95,112.18,242.06,-83.19
95,205,-85,100.16,216.14,-136.81
95,205,-75,100.55,216.97,-126.27
95,205,-65,101.02,218.0,-115.56
95,205,-55,101.58,219.2,-104.69
95,205,-45,102.22,220.57,-93.63
95,205,-35,102.91,222.08,-82.39
95,205,-25,103.67,223.7,-70.95
95,205,-15,104.46,225.41,-59.3
95,205,-5,105.28,227.18,-47.43
95,205,5,105.28,227.18,47.43
95,205,15,104.46,225.41,59.3
95,205,25,103.67,223.7,70.95
95,205,35,102.91,222.08,82.39
95,205,45,102.22,220.57,93.63
95,205,55,101.58,219.2,104.69
95,205,65,101.02,218.0,115.56
95,205,75,100.55,216.97,126.27
95,205,85,100.16,216.14,136.81
95,205,95,112.18,242.06,83.19
95,205,105,112.46,242.68,97.35
95,205,115,112.63,243.05,111.71
95,205,125,112.66,243.12,126.28
95,205,135,112.54,242.85,141.08
95,205,145,112.23,242.17,156.18
95,205,155,111.67,240.98,171.7
95,215,-135,111.97,253.41,-144.66
95,215,-125,112.22,253.97,-129.58
95,215,-115,112.29,254.13,-114.83
95,215,-105,112.22,253.96,-100.35
95,215,-95,112.02,253.52,-86.11
95,215,-85,111.72,252.84,-72.08
95,215,-75,111.33,251.95,-58.27
95,215,-65,110.85,250.88,-44.65
95,215,-55,103.08,233.29,-102.06
95,215,-45,103.62,234.5,-90.98
95,215,-35,104.21,235.85,-79.71
95,215,-25,104.85,237.3,-68.24
95,215,-15,105.53,238.83,-56.56
95,215,-5,106.23,240.42,-44.67
95,215,5,106.23,240.42,44.67
95,215,15,105.53,238.83,56.56
95,215,25,104.85,237.3,68.24
95,215,35,104.21,235.85,79.71
95,215,45,103.62,234.5,90.98
95,215,55,103.08,233.29,102.06
95,215,65,110.85,250.88,44.65
95,215,75,111.33,251.95,58.27
95,215,85,111.72,252.84,72.08
95,215,95,112.02,253.52,86.11
95,215,105,112.22,253.96,100.35
95,215,115,112.29,254.13,114.83
95,215,125,112.22,253.97,129.58
95,215,135,111.97,253.41,144.66
95,225,-125,111.65,264.44,-133.85
95,225,-115,111.86,264.94,-118.73
95,225,-105,111.91,265.04,-104.02
95,225,-95,111.82,264.83,-89.62
95,225,-85,111.61,264.35,-75.49
95,225,-75,111.32,263.65,-61.59
95,225,-65,110.95,262.77,-47.93
95,225,-55,110.5,261.72,-34.49
95,225,-45,110.01,260.54,-21.27
95,225,-35,109.47,259.26,-8.27
95,225,-25,108.89,257.9,4.51
95,225,-15,108.3,256.49,17.07
95,225,-5,107.69,255.05,29.42
95,225,5,107.69,255.05,-29.42
95,225,15,108.3,256.49,-17.07
95,225,25,108.89,257.9,-4.51
95,225,35,109.47,259.26,8.27
95,225,45,110.01,260.54,21.27
95,225,55,110.5,261.72,34.49
95,225,65,110.95,262.77,47.93
95,225,75,111.32,263.65,61.59
95,225,85,111.61,264.35,75.49
95,225,95,111.82,264.83,89.62
95,225,105,111.91,265.04,104.02
95,225,115,111.86,264.94,118.73
95,225,125,111.65,264.44,133.85
95,235,-105,111.49,275.79,-108.73
95,235,-95,111.53,275.89,-93.99
95,235,-85,111.44,275.68,-79.63
95,235,-75,111.26,275.21,-65.59
95,235,-65,110.98,274.54,-51.81
95,235,-55,110.65,273.7,-38.29
95,235,-45,110.25,272.72,-25.02
95,235,-35,109.81,271.64,-11.97
95,235,-25,109.34,270.48,0.84
95,235,-15,108.85,269.26,13.43
95,235,-5,108.35,268.02,25.79
95,235,5,108.35,268.02,-25.79
95,235,15,108.85,269.26,-13.43
95,235,25,109.34,270.48,-0.84
95,235,35,109.81,271.64,11.97
95,235,45,110.25,272.72,25.02
95,235,55,110.65,273.7,38.29
95,235,65,110.98,274.54,51.81
95,235,75,111.26,275.21,65.59
95,235,85,111.44,275.68,79.63
95,235,95,111.53,275.89,93.99
95,235,105,111.49,275.79,108.73
95,245,-75,111.11,286.54,-70.62
95,245,-65,110.95,286.14,-56.61
95,245,-55,110.72,285.54,-42.92
95,245,-45,110.43,284.8,-29.52
95,245,-35,110.1,283.93,-16.39
95,245,-25,109.73,282.98,-3.51
95,245,-15,109.34,281.97,9.12
95,245,-5,108.93,280.93,21.51
95,245,5,108.93,280.93,-21.51
95,245,15,109.34,281.97,-9.12
95,245,25,109.73,282.98,3.51
95,245,35,110.1,283.93,16.39
95,245,45,110.43,284.8,29.52
95,245,55,110.72,285.54,42.92
95,245,65,110.95,286.14,56.61
95,245,75,111.11,286.54,70.62
95,255,-35,110.3,296.08,-21.97
95,255,-25,110.04,295.38,-8.96
95,255,-15,109.75,294.6,3.75
95,255,-5,109.45,293.8,16.19
95,255,5,109.45,293.8,-16.19
95,255,15,109.75,294.6,-3.75
95,255,25,110.04,295.38,8.96
95,255,35,110.3,296.08,21.97
105,-245,-65,121.58,-283.68,-57.51
105,-245,-55,121.34,-283.13,-43.78
105,-245,-45,121.04,-282.44,-30.35
105,-245,-35,120.7,-281.62,-17.2
105,-245,-25,120.31,-280.72,-4.31
105,-245,-15,119.9,-279.76,8.33
105,-245,-5,119.48,-278.78,20.73
105,-245,5,119.48,-278.78,-20.73
105,-245,15,119.9,-279.76,-8.33
105,-245,25,120.31,-280.72,4.31
105,-245,35,120.7,-281.62,17.2
105,-245,45,121.04,-282.44,30.35
105,-245,55,121.34,-283.13,43.78
105,-245,65,121.58,-283.68,57.51
105,-235,-95,122.08,-273.24,-94.85
105,-235,-85,122.01,-273.08,-80.44
105,-235,-75,121.83,-272.66,-66.35
105,-235,-65,121.55,-272.04,-52.55
105,-235,-55,121.2,-271.26,-39.01
105,-235,-45,120.79,-270.33,-25.72
105,-235,-35,120.32,-269.3,-12.66
105,-235,-25,119.83,-268.19,0.16
105,-235,-15,119.31,-267.02,12.75
105,-235,-5,118.78,-265.83,25.12
105,-235,5,118.78,-265.83,-25.12
105,-235,15,119.31,-267.02,-12.75
105,-235,25,119.83,-268.19,-0.16
105,-235,35,120.32,-269.3,12.66
105,-235,45,120.79,-270.33,25.72
105,-235,55,121.2,-271.26,39.01
105,-235,65,121.55,-272.04,52.55
105,-235,75,121.83,-272.66,66.35
105,-235,85,122.01,-273.08,80.44
105,-235,95,122.08,-273.24,94.85
105,-225,-115,122.33,-262.14,-119.54
105,-225,-105,122.41,-262.3,-104.76
105,-225,-95,122.33,-262.13,-90.32
105,-225,-85,122.13,-261.71,-76.16
105,-225,-75,121.83,-261.06,-62.25
105,-225,-65,121.44,-260.22,-48.57
105,-225,-55,120.97,-259.23,-35.12
105,-225,-45,120.45,-258.11,-21.89
105,-225,-35,119.88,-256.88,-8.88
105,-225,-25,119.27,-255.58,3.9
105,-225,-15,118.64,-254.22,16.47
105,-225,-5,117.99,-252.84,28.81
105,-225,5,117.99,-252.84,-28.81
105,-225,15,118.64,-254.22,-16.47
105,-225,25,119.27,-255.58,-3.9
105,-225,35,119.88,-256.88,8.88
105,-225,45,120.45,-258.11,21.89
105,-225,55,120.97,-259.23,35.12
105,-225,65,121.44,-260.22,48.57
105,-225,75,121.83,-261.06,62.25
105,-225,85,122.13,-261.71,76.16
105,-225,95,122.33,-262.13,90.32
105,-225,105,122.41,-262.3,104.76
105,-225,115,122.33,-262.14,119.54
105,-215,-135,122.32,-250.47,-145.45
105,-215,-125,122.62,-251.08,-130.28
105,-215,-115,122.72,-251.29,-115.48
105,-215,-105,122.66,-251.17,-100.97
105,-215,-95,122.47,-250.78,-86.71
105,-215,-85,122.16,-250.14,-72.67
105,-215,-75,121.75,-249.3,-58.84
105,-215,-65,121.25,-248.28,-45.22
105,-215,-55,113.02,-231.42,-101.53
105,-215,-45,113.58,-232.58,-90.45
105,-215,-35,114.21,-233.87,-79.17
105,-215,-25,114.89,-235.26,-67.7
105,-215,-15,115.61,-236.73,-56.01
105,-215,-5,116.36,-238.26,-44.12
105,-215,5,116.36,-238.26,44.12
105,-215,15,115.61,-236.73,56.01
105,-215,25,114.89,-235.26,67.7
105,-215,35,114.21,-233.87,79.17
105,-215,45,113.58,-232.58,90.45
105,-215,55,113.02,-231.42,101.53
105,-215,65,121.25,-248.28,45.22
105,-215,75,121.75,-249.3,58.84
105,-215,85,122.16,-250.14,72.67
105,-215,95,122.47,-250.78,86.71
105,-215,105,122.66,-251.17,100.97
105,-215,115,122.72,-251.29,115.48
105,-215,125,122.62,-251.08,130.28
105,-215,135,122.32,-250.47,145.45
105,-205,-145,122.49,-239.15,-156.87
105,-205,-135,122.86,-239.87,-141.71
105,-205,-125,123.02,-240.18,-126.86
105,-205,-115,123.0,-240.15,-112.27
105,-205,-105,122.84,-239.83,-97.89
105,-205,-95,122.54,-239.25,-83.72
105,-205,-85,109.83,-214.44,-136.34
105,-205,-75,110.24,-215.22,-125.8
105,-205,-65,110.74,-216.2,-115.09
105,-205,-55,111.33,-217.36,-104.21
105,-205,-45,112.0,-218.67,-93.15
105,-205,-35,112.74,-220.11,-81.9
105,-205,-25,113.54,-221.67,-70.45
105,-205,-15,114.38,-223.31,-58.79
105,-205,-5,115.25,-225.01,-46.92
105,-205,5,115.25,-225.01,46.92
105,-205,15,114.38,-223.31,58.79
105,-205,25,113.54,-221.67,70.45
105,-205,35,112.74,-220.11,81.9
105,-205,45,112.0,-218.67,93.15
105,-205,55,111.33,-217.36,104.21
105,-205,65,110.74,-216.2,115.09
105,-205,75,110.24,-215.22,125.8
105,-205,85,109.83,-214.44,136.34
105,-205,95,122.54,-239.25,83.72
105,-205,105,122.84,-239.83,97.89
105,-205,115,123.0,-240.15,112.27
105,-205,125,123.02,-240.18,126.86
105,-205,135,122.86,-239.87,141.71
105,-205,145,122.49,-239.15,156.87
105,-195,-155,108.18,-200.9,-208.04
105,-195,-145,123.02,-228.47,-153.7
105,-195,-135,123.27,-228.93,-138.8
105,-195,-125,123.32,-229.03,-124.12
105,-195,-115,123.21,-228.82,-109.63
105,-195,-105,107.06,-198.82,-159.22
105,-195,-95,107.31,-199.28,-148.97
105,-195,-85,107.68,-199.98,-138.58
105,-195,-75,108.17,-200.88,-128.05
105,-195,-65,108.77,-201.99,-117.37
105,-195,-55,109.46,-203.28,-106.52
105,-195,-45,110.24,-204.74,-95.5
105,-195,-35,111.1,-206.33,-84.29
105,-195,-25,112.03,-208.05,-72.87
105,-195,-15,113.0,-209.85,-61.25
105,-195,-5,114.01,-211.73,-49.41
105,-195,5,114.01,-211.73,49.41
105,-195,15,113.0,-209.85,61.25
105,-195,25,112.03,-208.05,72.87
105,-195,35,111.1,-206.33,84.29
105,-195,45,110.24,-204.74,95.5
105,-195,55,109.46,-203.28,106.52
105,-195,65,108.77,-201.99,117.37
105,-195,75,108.17,-200.88,128.05
105,-195,85,107.68,-199.98,138.58
105,-195,95,107.31,-199.28,148.97
105,-195,105,107.06,-198.82,159.22
105,-195,115,123.21,-228.82,109.63
105,-195,125,123.32,-229.03,124.12
105,-195,135,123.27,-228.93,138.8
105,-195,145,123.02,-228.47,153.7
105,-195,155,108.18,-200.9,208.04
105,-185,-165,106.05,-186.85,-219.79
105,-185,-155,105.29,-185.51,-210.45
105,-185,-145,104.77,-184.6,-200.87
105,-185,-135,123.59,-217.75,-136.47
105,-185,-125,123.56,-217.69,-121.89
105,-185,-115,104.36,-183.87,-171.2
105,-185,-105,104.53,-184.18,-161.06
105,-185,-95,104.85,-184.74,-150.81
105,-185,-85,105.3,-185.54,-140.44
105,-185,-75,105.88,-186.55,-129.94
105,-185,-65,106.58,-187.78,-119.3
105,-185,-55,107.38,-189.19,-108.51
105,-185,-45,108.28,-190.78,-97.54
105,-185,45,108.28,-190.78,97.54
105,-185,55,107.38,-189.19,108.51
105,-185,65,106.58,-187.78,119.3
105,-185,75,105.88,-186.55,129.94
105,-185,85,105.3,-185.54,140.44
105,-185,95,104.85,-184.74,150.81
105,-185,105,104.53,-184.18,161.06
105,-185,115,104.36,-183.87,171.2
105,-185,125,123.56,-217.69,121.89
105,-185,135,123.59,-217.75,136.47
105,-185,145,104.77,-184.6,200.87
105,-185,155,105.29,-185.51,210.45
105,-185,165,106.05,-186.85,219.79
105,-175,-175,103.86,-173.1,-231.14
105,-175,-165,122.97,-204.95,-179.11
105,-175,-155,123.48,-205.8,-164.1
105,-175,-145,123.76,-206.26,-149.28
105,-175,-135,123.83,-206.39,-134.61
105,-175,-125,123.73,-206.22,-120.07
105,-175,-115,123.46,-205.76,-105.66
105,-175,-105,123.03,-205.05,-91.37
105,-175,-95,122.45,-204.08,-77.22
105,-175,-85,102.67,-171.12,-141.96
105,-175,-75,103.34,-172.23,-131.51
105,-175,75,103.34,-172.23,131.51
105,-175,85,102.67,-171.12,141.96
105,-175,95,122.45,-204.08,77.22
105,-175,105,123.03,-205.05,91.37
105,-175,115,123.46,-205.76,105.66
105,-175,125,123.73,-206.22,120.07
105,-175,135,123.83,-206.39,134.61
105,-175,145,123.76,-206.26,149.28
105,-175,155,123.48,-205.8,164.1
105,-175,165,122.97,-204.95,179.11
105,-175,175,103.86,-173.1,231.14
105,-165,-185,121.64,-191.15,-207.68
105,-165,-175,122.65,-192.73,-192.4
105,-165,-165,123.34,-193.82,-177.36
105,-165,-155,123.78,-194.51,-162.49
105,-165,-145,124.0,-194.85,-147.75
105,-165,-135,124.02,-194.88,-133.13
105,-165,-125,123.85,-194.62,-118.61
105,-165,-115,123.5,-194.08,-104.19
105,-165,-105,122.99,-193.27,-89.88
105,-165,-95,122.32,-192.21,-75.69
105,-165,95,122.32,-192.21,75.69
105,-165,105,122.99,-193.27,89.88
105,-165,115,123.5,-194.08,104.19
105,-165,125,123.85,-194.62,118.61
105,-165,135,124.02,-194.88,133.13
105,-165,145,124.0,-194.85,147.75
105,-165,155,123.78,-194.51,162.49
105,-165,165,123.34,-193.82,177.36
105,-165,175,122.65,-192.73,192.4
105,-165,185,121.64,-191.15,207.68
105,-155,-195,120.76,-178.27,-221.32
105,-155,-185,122.04,-180.16,-206.01
105,-155,-175,122.96,-181.51,-190.95
105,-155,-165,123.6,-182.45,-176.06
105,-155,-155,123.99,-183.03,-161.28
105,-155,-145,124.16,-183.28,-146.59
105,-155,-135,124.13,-183.24,-131.99
105,-155,-125,123.91,-182.91,-117.46
105,-155,-115,123.49,-182.3,-103.02
105,-155,115,123.49,-182.3,103.02
105,-155,125,123.91,-182.91,117.46
105,-155,135,124.13,-183.24,131.99
105,-155,145,124.16,-183.28,146.59
105,-155,155,123.99,-183.03,161.28
105,-155,165,123.6,-182.45,176.06
105,-155,175,122.96,-181.51,190.95
105,-155,185,122.04,-180.16,206.01
105,-155,195,120.76,-178.27,221.32
105,-145,-205,119.44,-164.95,-235.23
105,-145,-195,121.06,-167.18,-219.89
105,-145,-185,122.26,-168.83,-204.83
105,-145,-175,123.13,-170.04,-189.92
105,-145,-165,123.73,-170.87,-175.13
105,-145,-155,124.09,-171.37,-160.42
105,-145,-145,124.23,-171.56,-145.76
105,-145,-135,124.16,-171.46,-131.17
105,-145,-125,123.89,-171.09,-116.62
105,-145,125,123.89,-171.09,116.62
105,-145,135,124.16,-171.46,131.17
105,-145,145,124.23,-171.56,145.76
105,-145,155,124.09,-171.37,160.42
105,-145,165,123.73,-170.87,175.13
105,-145,175,123.13,-170.04,189.92
105,-145,185,122.26,-168.83,204.83
105,-145,195,121.06,-167.18,219.89
105,-145,205,119.44,-164.95,235.23
105,-135,-215,117.56,-151.15,-249.37
105,-135,-205,119.61,-153.79,-234.0
105,-135,-195,121.14,-155.76,-218.93
105,-135,-185,122.3,-157.24,-204.04
105,-135,-175,123.15,-158.33,-189.26
105,-135,-165,123.73,-159.09,-174.54
105,-135,-155,124.08,-159.53,-159.87
105,-135,-145,124.2,-159.69,-145.24
105,-135,-135,124.1,-159.56,-130.64
105,-135,135,124.1,-159.56,130.64
105,-135,145,124.2,-159.69,145.24
105,-135,155,124.08,-159.53,159.87
105,-135,165,123.73,-159.09,174.54
105,-135,175,123.15,-158.33,189.26
105,-135,185,122.3,-157.24,204.04
105,-135,195,121.14,-155.76,218.93
105,-135,205,119.61,-153.79,234.0
105,-135,215,117.56,-151.15,249.37
105,-125,-215,117.56,-139.95,-248.29
105,-125,-205,119.51,-142.27,-233.22
105,-125,-195,121.0,-144.05,-218.35
105,-125,-185,122.14,-145.41,-203.6
105,-125,-175,122.99,-146.42,-188.91
105,-125,-165,123.58,-147.12,-174.26
105,-125,-155,123.93,-147.53,-159.63
105,-125,-145,124.04,-147.67,-145.01
105,-125,145,124.04,-147.67,145.01
105,-125,155,123.93,-147.53,159.63
105,-125,165,123.58,-147.12,174.26
105,-125,175,122.99,-146.42,188.91
105,-125,185,122.14,-145.41,203.6
105,-125,195,121.0,-144.05,218.35
105,-125,205,119.51,-142.27,233.22
105,-125,215,117.56,-139.95,248.29
105,-115,-225,114.72,-125.65,-262.73
105,-115,-215,117.21,-128.38,-247.64
105,-115,-205,119.12,-130.46,-232.8
105,-115,-195,120.6,-132.09,-218.1
105,-115,-185,80.0,-87.62,-244.8
105,-115,-175,78.88,-86.39,-234.65
105,-115,-165,77.99,-85.42,-224.49
105,-115,-155,77.33,-84.69,-214.35
105,-115,155,77.33,-84.69,214.35
105,-115,165,77.99,-85.42,224.49
105,-115,175,78.88,-86.39,234.65
105,-115,185,80.0,-87.62,244.8
105,-115,195,120.6,-132.09,218.1
105,-115,205,119.12,-130.46,232.8
105,-115,215,117.21,-128.38,247.64
105,-115,225,114.72,-125.65,262.73
105,-105,-225,114.09,-114.09,-262.16
105,-105,-215,116.51,-116.51,-247.34
105,-105,-205,77.63,-77.63,-264.83
105,-105,-195,75.9,-75.9,-254.6
105,-105,-185,74.47,-74.47,-244.33
105,-105,-175,73.3,-73.3,-234.06
105,-105,-165,72.36,-72.36,-223.81
105,-105,165,72.36,-72.36,223.81
105,-105,175,73.3,-73.3,234.06
105,-105,185,74.47,-74.47,244.33
105,-105,195,75.9,-75.9,254.6
105,-105,205,77.63,-77.63,264.83
105,-105,215,116.51,-116.51,247.34
105,-105,225,114.09,-114.09,262.16
105,-95,-235,109.9,-99.43,-276.76
105,-95,-225,113.01,-102.25,-261.93
105,-95,-215,73.86,-66.82,-274.75
105,-95,-205,71.72,-64.89,-264.41
105,-95,-195,69.94,-63.28,-254.02
105,-95,-185,68.44,-61.93,-243.61
105,-95,-175,67.2,-60.8,-233.22
105,-95,-165,66.19,-59.89,-222.87
105,-95,165,66.19,-59.89,222.87
105,-95,175,67.2,-60.8,233.22
105,-95,185,68.44,-61.93,243.61
105,-95,195,69.94,-63.28,254.02
105,-95,205,71.72,-64.89,264.41
105,-95,215,73.86,-66.82,274.75
105,-95,225,113.01,-102.25,261.93
105,-95,235,109.9,-99.43,276.76
105,-85,-235,108.4,-87.75,-276.55
105,-85,-225,70.16,-56.79,-284.71
105,-85,-215,67.53,-54.66,-274.28
105,-85,-205,65.33,-52.89,-263.76
105,-85,-195,63.48,-51.39,-253.22
105,-85,-185,61.91,-50.11,-242.68
105,-85,-175,60.58,-49.04,-232.16
105,-85,175,60.58,-49.04,232.16
105,-85,185,61.91,-50.11,242.68
105,-85,195,63.48,-51.39,253.22
105,-85,205,65.33,-52.89,263.76
105,-85,215,67.53,-54.66,274.28
105,-85,225,70.16,-56.79,284.71
105,-85,235,108.4,-87.75,276.55
105,-75,-235,66.68,-47.63,-294.75
105,-75,-225,63.42,-45.3,-284.24
105,-75,-215,60.74,-43.39,-273.61
105,-75,-205,58.47,-41.77,-262.93
105,-75,-195,56.53,-40.38,-252.24
105,-75,-185,54.87,-39.2,-241.56
105,-75,-175,53.46,-38.19,-230.91
105,-75,175,53.46,-38.19,230.91
105,-75,185,54.87,-39.2,241.56
105,-75,195,56.53,-40.38,252.24
105,-75,205,58.47,-41.77,262.93
105,-75,215,60.74,-43.39,273.61
105,-75,225,63.42,-45.3,284.24
105,-75,235,66.68,-47.63,294.75
105,-65,-245,63.74,-39.46,-304.86
105,-65,-235,59.61,-36.9,-294.33
105,-65,-225,56.31,-34.86,-283.61
105,-65,-215,53.55,-33.15,-272.81
105,-65,-205,51.2,-31.7,-261.97
105,-65,-195,49.17,-30.44,-251.12
105,-65,-185,47.42,-29.35,-240.3
105,-65,185,47.42,-29.35,240.3
105,-65,195,49.17,-30.44,251.12
105,-65,205,51.2,-31.7,261.97
105,-65,215,53.55,-33.15,272.81
105,-65,225,56.31,-34.86,283.61
105,-65,235,59.61,-36.9,294.33
105,-65,245,63.74,-39.46,304.86
105,-55,-245,56.43,-29.56,-304.55
105,-55,-235,52.29,-27.39,-293.78
105,-55,-225,48.92,-25.63,-282.87
105,-55,-215,46.09,-24.14,-271.9
105,-55,-205,43.65,-22.86,-260.9
105,-55,-195,41.52,-21.75,-249.91
105,-55,-185,39.67,-20.78,-238.94
105,-55,185,39.67,-20.78,238.94
105,-55,195,41.52,-21.75,249.91
105,-55,205,43.65,-22.86,260.9
105,-55,215,46.09,-24.14,271.9
105,-55,225,48.92,-25.63,282.87
105,-55,235,52.29,-27.39,293.78
105,-55,245,56.43,-29.56,304.55
105,-45,-245,49.1,-21.04,-304.12
105,-45,-235,44.92,-19.25,-293.16
105,-45,-225,41.49,-17.78,-282.08
105,-45,-215,38.57,-16.53,-270.95
105,-45,-205,36.05,-15.45,-259.8
105,-45,-195,33.83,-14.5,-248.67
105,-45,-185,31.89,-13.67,-237.56
105,-45,185,31.89,-13.67,237.56
105,-45,195,33.83,-14.5,248.67
105,-45,205,36.05,-15.45,259.8
105,-45,215,38.57,-16.53,270.95
105,-45,225,41.49,-17.78,282.08
105,-45,235,44.92,-19.25,293.16
105,-45,245,49.1,-21.04,304.12
105,-35,-245,42.1,-14.03,-303.65
105,-35,-235,37.88,-12.63,-292.52
105,-35,-225,34.38,-11.46,-281.29
105,-35,-215,31.38,-10.46,-270.02
105,-35,-205,28.77,-9.59,-258.74
105,-35,-195,26.48,-8.83,-247.47
105,-35,195,26.48,-8.83,247.47
105,-35,205,28.77,-9.59,258.74
105,-35,215,31.38,-10.46,270.02
105,-35,225,34.38,-11.46,281.29
105,-35,235,37.88,-12.63,292.52
105,-35,245,42.1,-14.03,303.65
105,-25,-245,35.92,-8.55,-303.21
105,-25,-235,31.65,-7.54,-291.93
105,-25,-225,28.09,-6.69,-280.58
105,-25,-215,25.03,-5.96,-269.2
105,-25,-205,22.36,-5.32,-257.8
105,-25,-195,20.0,-4.76,-246.42
105,-25,195,20.0,-4.76,246.42
105,-25,205,22.36,-5.32,257.8
105,-25,215,25.03,-5.96,269.2
105,-25,225,28.09,-6.69,280.58
105,-25,235,31.65,-7.54,291.93
105,-25,245,35.92,-8.55,303.21
105,-15,-245,31.21,-4.46,-302.85
105,-15,-235,26.91,-3.84,-291.48
105,-15,-225,23.3,-3.33,-280.04
105,-15,-215,20.2,-2.89,-268.57
105,-15,-205,17.48,-2.5,-257.09
105,-15,-195,15.07,-2.15,-245.62
105,-15,195,15.07,-2.15,245.62
105,-15,205,17.48,-2.5,257.09
105,-15,215,20.2,-2.89,268.57
105,-15,225,23.3,-3.33,280.04
105,-15,235,26.91,-3.84,291.48
105,-15,245,31.21,-4.46,302.85
105,-5,-245,28.63,-1.36,-302.65
105,-5,-235,24.31,-1.16,-291.23
105,-5,-225,20.68,-0.98,-279.74
105,-5,-215,17.55,-0.84,-268.22
105,-5,-205,14.81,-0.71,-256.7
105,-5,-195,12.37,-0.59,-245.18
105,-5,195,12.37,-0.59,245.18
105,-5,205,14.81,-0.71,256.7
105,-5,215,17.55,-0.84,268.22
105,-5,225,20.68,-0.98,279.74
105,-5,235,24.31,-1.16,291.23
105,-5,245,28.63,-1.36,302.65
105,5,-245,28.63,1.36,-302.65
105,5,-235,24.31,1.16,-291.23
105,5,-225,20.68,0.98,-279.74
105,5,-215,17.55,0.84,-268.22
105,5,-205,14.81,0.71,-256.7
105,5,-195,12.37,0.59,-245.18
105,5,195,12.37,0.59,245.18
105,5,205,14.81,0.71,256.7
105,5,215,17.55,0.84,268.22
105,5,225,20.68,0.98,279.74
105,5,235,24.31,1.16,291.23
105,5,245,28.63,1.36,302.65
105,15,-245,31.21,4.46,-302.85
105,15,-235,26.91,3.84,-291.48
105,15,-225,23.3,3.33,-280.04
105,15,-215,20.2,2.89,-268.57
105,15,-205,17.48,2.5,-257.09
105,15,-195,15.07,2.15,-245.62
105,15,195,15.07,2.15,245.62
105,15,205,17.48,2.5,257.09
105,15,215,20.2,2.89,268.57
105,15,225,23.3,3.33,280.04
105,15,235,26.91,3.84,291.48
105,15,245,31.21,4.46,302.85
105,25,-245,35.92,8.55,-303.21
105,25,-235,31.65,7.54,-291.93
105,25,-225,28.09,6.69,-280.58
105,25,-215,25.03,5.96,-269.2
105,25,-205,22.36,5.32,-257.8
105,25,-195,20.0,4.76,-246.42
105,25,195,20.0,4.76,246.42
105,25,205,22.36,5.32,257.8
105,25,215,25.03,5.96,269.2
105,25,225,28.09,6.69,280.58
105,25,235,31.65,7.54,291.93
105,25,245,35.92,8.55,303.21
105,35,-245,42.1,14.03,-303.65
105,35,-235,37.88,12.63,-292.52
105,35,-225,34.38,11.46,-281.29
105,35,-215,31.38,10.46,-270.02
105,35,-205,28.77,9.59,-258.74
105,35,-195,26.48,8.83,-247.47
105,35,195,26.48,8.83,247.47
105,35,205,28.77,9.59,258.74
105,35,215,31.38,10.46,270.02
105,35,225,34.38,11.46,281.29
105,35,235,37.88,12.63,292.52
105,35,245,42.1,14.03,303.65
105,45,-245,49.1,21.04,-304.12
105,45,-235,44.92,19.25,-293.16
105,45,-225,41.49,17.78,-282.08
105,45,-215,38.57,16.53,-270.95
105,45,-205,36.05,15.45,-259.8
105,45,-195,33.83,14.5,-248.67
105,45,-185,31.89,13.67,-237.56
105,45,185,31.89,13.67,237.56
105,45,195,33.83,14.5,248.67
105,45,205,36.05,15.45,259.8
105,45,215,38.57,16.53,270.95
105,45,225,41.49,17.78,282.08
105,45,235,44.92,19.25,293.16
105,45,245,49.1,21.04,304.12
105,55,-245,56.43,29.56,-304.55
105,55,-235,52.29,27.39,-293.78
105,55,-225,48.92,25.63,-282.87
105,55,-215,46.09,24.14,-271.9
105,55,-205,43.65,22.86,-260.9
105,55,-195,41.52,21.75,-249.91
105,55,-185,39.67,20.78,-238.94
105,55,185,39.67,20.78,238.94
105,55,195,41.52,21.75,249.91
105,55,205,43.65,22.86,260.9
105,55,215,46.09,24.14,271.9
105,55,225,48.92,25.63,282.87
105,55,235,52.29,27.39,293.78
105,55,245,56.43,29.56,304.55
105,65,-245,63.74,39.46,-304.86
105,65,-235,59.61,36.9,-294.33
105,65,-225,56.31,34.86,-283.61
105,65,-215,53.55,33.15,-272.81
105,65,-205,51.2,31.7,-261.97
105,65,-195,49.17,30.44,-251.12
105,65,-185,47.42,29.35,-240.3
105,65,185,47.42,29.35,240.3
105,65,195,49.17,30.44,251.12
105,65,205,51.2,31.7,261.97
105,65,215,53.55,33.15,272.81
105,65,225,56.31,34.86,283.61
105,65,235,59.61,36.9,294.33
105,65,245,63.74,39.46,304.86
105,75,-235,66.68,47.63,-294.75
105,75,-225,63.42,45.3,-284.24
105,75,-215,60.74,43.39,-273.61
105,75,-205,58.47,41.77,-262.93
105,75,-195,56.53,40.38,-252.24
105,75,-185,54.87,39.2,-241.56
105,75,-175,53.46,38.19,-230.91
105,75,175,53.46,38.19,230.91
105,75,185,54.87,39.2,241.56
105,75,195,56.53,40.38,252.24
105,75,205,58.47,41.77,262.93
105,75,215,60.74,43.39,273.61
105,75,225,63.42,45.3,284.24
105,75,235,66.68,47.63,294.75
105,85,-235,108.4,87.75,-276.55
105,85,-225,70.16,56.79,-284.71
105,85,-215,67.53,54.66,-274.28
105,85,-205,65.33,52.89,-263.76
105,85,-195,63.48,51.39,-253.22
105,85,-185,61.91,50.11,-242.68
105,85,-175,60.58,49.04,-232.16
105,85,175,60.58,49.04,232.16
105,85,185,61.91,50.11,242.68
105,85,195,63.48,51.39,253.22
105,85,205,65.33,52.89,263.76
105,85,215,67.53,54.66,274.28
105,85,225,70.16,56.79,284.71
105,85,235,108.4,87.75,276.55
105,95,-235,109.9,99.43,-276.76
105,95,-225,113.01,102.25,-261.93
105,95,-215,73.86,66.82,-274.75
105,95,-205,71.72,64.89,-264.41
105,95,-195,69.94,63.28,-254.02
105,95,-185,68.44,61.93,-243.61
105,95,-175,67.2,60.8,-233.22
105,95,-165,66.19,59.89,-222.87
105,95,165,66.19,59.89,222.87
105,95,175,67.2,60.8,233.22
105,95,185,68.44,61.93,243.61
105,95,195,69.94,63.28,254.02
105,95,205,71.72,64.89,264.41
105,95,215,73.86,66.82,274.75
105,95,225,113.01,102.25,261.93
105,95,235,109.9,99.43,276.76
105,105,-225,114.09,114.09,-262.16
105,105,-215,116.51,116.51,-247.34
105,105,-205,77.63,77.63,-264.83
105,105,-195,75.9,75.9,-254.6
105,105,-185,74.47,74.47,-244.33
105,105,-175,73.3,73.3,-234.06
105,105,-165,72.36,72.36,-223.81
105,105,165,72.36,72.36,223.81
105,105,175,73.3,73.3,234.06
105,105,185,74.47,74.47,244.33
105,105,195,75.9,75.9,254.6
105,105,205,77.63,77.63,264.83
105,105,215,116.51,116.51,247.34
105,105,225,114.09,114.09,262.16
105,115,-225,114.72,125.65,-262.73
105,115,-215,117.21,128.38,-247.64
105,115,-205,119.12,130.46,-232.8
105,115,-195,120.6,132.09,-218.1
105,115,-185,80.0,87.62,-244.8
105,115,-175,78.88,86.39,-234.65
105,115,-165,77.99,85.42,-224.49
105,115,-155,77.33,84.69,-214.35
105,115,155,77.33,84.69,214.35
105,115,165,77.99,85.42,224.49
105,115,175,78.88,86.39,234.65
105,115,185,80.0,87.62,244.8
105,115,195,120.6,132.09,218.1
105,115,205,119.12,130.46,232.8
105,115,215,117.21,128.38,247.64
105,115,225,114.72,125.65,262.73
105,125,-215,117.56,139.95,-248.29
105,125,-205,119.51,142.27,-233.22
105,125,-195,121.0,144.05,-218.35
105,125,-185,122.14,145.41,-203.6
105,125,-175,122.99,146.42,-188.91
105,125,-165,123.58,147.12,-174.26
105,125,-155,123.93,147.53,-159.63
105,125,-145,124.04,147.67,-145.01
105,125,145,124.04,147.67,145.01
105,125,155,123.93,147.53,159.63
105,125,165,123.58,147.12,174.26
105,125,175,122.99,146.42,188.91
105,125,185,122.14,145.41,203.6
105,125,195,121.0,144.05,218.35
105,125,205,119.51,142.27,233.22
105,125,215,117.56,139.95,248.29
105,135,-215,117.56,151.15,-249.37
105,135,-205,119.61,153.79,-234.0
105,135,-195,121.14,155.76,-218.93
105,135,-185,122.3,157.24,-204.04
105,135,-175,123.15,158.33,-189.26
105,135,-165,123.73,159.09,-174.54
105,135,-155,124.08,159.53,-159.87
105,135,-145,124.2,159.69,-145.24
105,135,-135,124.1,159.56,-130.64
105,135,135,124.1,159.56,130.64
105,135,145,124.2,159.69,145.24
105,135,155,124.08,159.53,159.87
105,135,165,123.73,159.09,174.54
105,135,175,123.15,158.33,189.26
105,135,185,122.3,157.24,204.04
105,135,195,121.14,155.76,218.93
105,135,205,119.61,153.79,234.0
105,135,215,117.56,151.15,249.37
105,145,-205,119.44,164.95,-235.23
105,145,-195,121.06,167.18,-219.89
105,145,-185,122.26,168.83,-204.83
105,145,-175,123.13,170.04,-189.92
105,145,-165,123.73,170.87,-175.13
105,145,-155,124.09,171.37,-160.42
105,145,-145,124.23,171.56,-145.76
105,145,-135,124.16,171.46,-131.17
105,145,-125,123.89,171.09,-116.62
105,145,125,123.89,171.09,116.62
105,145,135,124.16,171.46,131.17
105,145,145,124.23,171.56,145.76
105,145,155,124.09,171.37,160.42
105,145,165,123.73,170.87,175.13
105,145,175,123.13,170.04,189.92
105,145,185,122.26,168.83,204.83
105,145,195,121.06,167.18,219.89
105,145,205,119.44,164.95,235.23
105,155,-195,120.76,178.27,-221.32
105,155,-185,122.04,180.16,-206.01
105,155,-175,122.96,181.51,-190.95
105,155,-165,123.6,182.45,-176.06
105,155,-155,123.99,183.03,-161.28
105,155,-145,124.16,183.28,-146.59
105,155,-135,124.13,183.24,-131.99
105,155,-125,123.91,182.91,-117.46
105,155,-115,123.49,182.3,-103.02
105,155,115,123.49,182.3,103.02
105,155,125,123.91,182.91,117.46
105,155,135,124.13,183.24,131.99
105,155,145,124.16,183.28,146.59
105,155,155,123.99,183.03,161.28
105,155,165,123.6,182.45,176.06
105,155,175,122.96,181.51,190.95
105,155,185,122.04,180.16,206.01
105,155,195,120.76,178.27,221.32
105,165,-185,121.64,191.15,-207.68
105,165,-175,122.65,192.73,-192.4
105,165,-165,123.34,193.82,-177.36
105,165,-155,123.78,194.51,-162.49
105,165,-145,124.0,194.85,-147.75
105,165,-135,124.02,194.88,-133.13
105,165,-125,123.85,194.62,-118.61
105,165,-115,123.5,194.08,-104.19
105,165,-105,122.99,193.27,-89.88
105,165,-95,122.32,192.21,-75.69
105,165,95,122.32,192.21,75.69
105,165,105,122.99,193.27,89.88
105,165,115,123.5,194.08,104.19
105,165,125,123.85,194.62,118.61
105,165,135,124.02,194.88,133.13
105,165,145,124.0,194.85,147.75
105,165,155,123.78,194.51,162.49
105,165,165,123.34,193.82,177.36
105,165,175,122.65,192.73,192.4
105,165,185,121.64,191.15,207.68
105,175,-175,103.86,173.1,-231.14
105,175,-165,122.97,204.95,-179.11
105,175,-155,123.48,205.8,-164.1
105,175,-145,123.76,206.26,-149.28
105,175,-135,123.83,206.39,-134.61
105,175,-125,123.73,206.22,-120.07
105,175,-115,123.46,205.76,-105.66
105,175,-105,123.03,205.05,-91.37
105,175,-95,122.45,204.08,-77.22
105,175,-85,102.67,171.12,-141.96
105,175,-75,103.34,172.23,-131.51
105,175,75,103.34,172.23,131.51
105,175,85,102.67,171.12,141.96
105,175,95,122.45,204.08,77.22
105,175,105,123.03,205.05,91.37
105,175,115,123.46,205.76,105.66
105,175,125,123.73,206.22,120.07
105,175,135,123.83,206.39,134.61
105,175,145,123.76,206.26,149.28
105,175,155,123.48,205.8,164.1
105,175,165,122.97,204.95,179.11
105,175,175,103.86,173.1,231.14
105,185,-165,106.05,186.85,-219.79
105,185,-155,105.29,185.51,-210.45
105,185,-145,104.77,184.6,-200.87
105,185,-135,123.59,217.75,-136.47
105,185,-125,123.56,217.69,-121.89
105,185,-115,104.36,183.87,-171.2
105,185,-105,104.53,184.18,-161.06
105,185,-95,104.85,184.74,-150.81
105,185,-85,105.3,185.54,-140.44
105,185,-75,105.88,186.55,-129.94
105,185,-65,106.58,187.78,-119.3
105,185,-55,107.38,189.19,-108.51
105,185,-45,108.28,190.78,-97.54
105,185,45,108.28,190.78,97.54
105,185,55,107.38,189.19,108.51
105,185,65,106.58,187.78,119.3
105,185,75,105.88,186.55,129.94
105,185,85,105.3,185.54,140.44
105,185,95,104.85,184.74,150.81
105,185,105,104.53,184.18,161.06
105,185,115,104.36,183.87,171.2
105,185,125,123.56,217.69,121.89
105,185,135,123.59,217.75,136.47
105,185,145,104.77,184.6,200.87
105,185,155,105.29,185.51,210.45
105,185,165,106.05,186.85,219.79
105,195,-155,108.18,200.9,-208.04
105,195,-145,123.02,228.47,-153.7
105,195,-135,123.27,228.93,-138.8
105,195,-125,123.32,229.03,-124.12
105,195,-115,123.21,228.82,-109.63
105,195,-105,107.06,198.82,-159.22
105,195,-95,107.31,199.28,-148.97
105,195,-85,107.68,199.98,-138.58
105,195,-75,108.17,200.88,-128.05
105,195,-65,108.77,201.99,-117.37
105,195,-55,109.46,203.28,-106.52
105,195,-45,110.24,204.74,-95.5
105,195,-35,111.1,206.33,-84.29
105,195,-25,112.03,208.05,-72.87
105,195,-15,113.0,209.85,-61.25
105,195,-5,114.01,211.73,-49.41
105,195,5,114.01,211.73,49.41
105,195,15,113.0,209.85,61.25
105,195,25,112.03,208.05,72.87
105,195,35,111.1,206.33,84.29
105,195,45,110.24,204.74,95.5
105,195,55,109.46,203.28,106.52
105,195,65,108.77,201.99,117.37
105,195,75,108.17,200.88,128.05
105,195,85,107.68,199.98,138.58
105,195,95,107.31,199.28,148.97
105,195,105,107.06,198.82,159.22
105,195,115,123.21,228.82,109.63
105,195,125,123.32,229.03,124.12
105,195,135,123.27,228.93,138.8
105,195,145,123.02,228.47,153.7
105,195,155,108.18,200.9,208.04
105,205,-145,122.49,239.15,-156.87
105,205,-135,122.86,239.87,-141.71
105,205,-125,123.02,240.18,-126.86
105,205,-115,123.0,240.15,-112.27
105,205,-105,122.84,239.83,-97.89
105,205,-95,122.54,239.25,-83.72
105,205,-85,109.83,214.44,-136.34
105,205,-75,110.24,215.22,-125.8
105,205,-65,110.74,216.2,-115.09
105,205,-55,111.33,217.36,-104.21
105,205,-45,112.0,218.67,-93.15
105,205,-35,112.74,220.11,-81.9
105,205,-25,113.54,221.67,-70.45
105,205,-15,114.38,223.31,-58.79
105,205,-5,115.25,225.01,-46.92
105,205,5,115.25,225.01,46.92
105,205,15,114.38,223.31,58.79
105,205,25,113.54,221.67,70.45
105,205,35,112.74,220.11,81.9
105,205,45,112.0,218.67,93.15
105,205,55,111.33,217.36,104.21
105,205,65,110.74,216.2,115.09
105,205,75,110.24,215.22,125.8
105,205,85,109.83,214.44,136.34
105,205,95,122.54,239.25,83.72
105,205,105,122.84,239.83,97.89
105,205,115,123.0,240.15,112.27
105,205,125,123.02,240.18,126.86
105,205,135,122.86,239.87,141.71
105,205,145,122.49,239.15,156.87
105,215,-135,122.32,250.47,-145.45
105,215,-125,122.62,251.08,-130.28
105,215,-115,122.72,251.29,-115.48
105,215,-105,122.66,251.17,-100.97
105,215,-95,122.47,250.78,-86.71
105,215,-85,122.16,250.14,-72.67
105,215,-75,121.75,249.3,-58.84
105,215,-65,121.25,248.28,-45.22
105,215,-55,113.02,231.42,-101.53
105,215,-45,113.58,232.58,-90.45
105,215,-35,114.21,233.87,-79.17
105,215,-25,114.89,235.26,-67.7
105,215,-15,115.61,236.73,-56.01
105,215,-5,116.36,238.26,-44.12
105,215,5,116.36,238.26,44.12
105,215,15,115.61,236.73,56.01
105,215,25,114.89,235.26,67.7
105,215,35,114.21,233.87,79.17
105,215,45,113.58,232.58,90.45
105,215,55,113.02,231.42,101.53
105,215,65,121.25,248.28,45.22
105,215,75,121.75,249.3,58.84
105,215,85,122.16,250.14,72.67
105,215,95,122.47,250.78,86.71
105,215,105,122.66,251.17,100.97
105,215,115,122.72,251.29,115.48
105,215,125,122.62,251.08,130.28
105,215,135,122.32,250.47,145.45
105,225,-115,122.33,262.14,-119.54
105,225,-105,122.41,262.3,-104.76
105,225,-95,122.33,262.13,-90.32
105,225,-85,122.13,261.71,-76.16
105,225,-75,121.83,261.06,-62.25
105,225,-65,121.44,260.22,-48.57
105,225,-55,120.97,259.23,-35.12
105,225,-45,120.45,258.11,-21.89
105,225,-35,119.88,256.88,-8.88
105,225,-25,119.27,255.58,3.9
105,225,-15,118.64,254.22,16.47
105,225,-5,117.99,252.84,28.81
105,225,5,117.99,252.84,-28.81
105,225,15,118.64,254.22,-16.47
105,225,25,119.27,255.58,-3.9
105,225,35,119.88,256.88,8.88
105,225,45,120.45,258.11,21.89
105,225,55,120.97,259.23,35.12
105,225,65,121.44,260.22,48.57
105,225,75,121.83,261.06,62.25
105,225,85,122.13,261.71,76.16
105,225,95,122.33,262.13,90.32
105,225,105,122.41,262.3,104.76
105,225,115,122.33,262.14,119.54
105,235,-95,122.08,273.24,-94.85
105,235,-85,122.01,273.08,-80.44
105,235,-75,121.83,272.66,-66.35
105,235,-65,121.55,272.04,-52.55
105,235,-55,121.2,271.26,-39.01
105,235,-45,120.79,270.33,-25.72
105,235,-35,120.32,269.3,-12.66
105,235,-25,119.83,268.19,0.16
105,235,-15,119.31,267.02,12.75
105,235,-5,118.78,265.83,25.12
105,235,5,118.78,265.83,-25.12
105,235,15,119.31,267.02,-12.75
105,235,25,119.83,268.19,-0.16
105,235,35,120.32,269.3,12.66
105,235,45,120.79,270.33,25.72
105,235,55,121.2,271.26,39.01
105,235,65,121.55,272.04,52.55
105,235,75,121.83,272.66,66.35
105,235,85,122.01,273.08,80.44
105,235,95,122.08,273.24,94.85
105,245,-65,121.58,283.68,-57.51
105,245,-55,121.34,283.13,-43.78
105,245,-45,121.04,282.44,-30.35
105,245,-35,120.7,281.62,-17.2
105,245,-25,120.31,280.72,-4.31
105,245,-15,119.9,279.76,8.33
105,245,-5,119.48,278.78,20.73
105,245,5,119.48,278.78,-20.73
105,245,15,119.9,279.76,-8.33
105,245,25,120.31,280.72,4.31
105,245,35,120.7,281.62,17.2
105,245,45,121.04,282.44,30.35
105,245,55,121.34,283.13,43.78
105,245,65,121.58,283.68,57.51
115,-245,-45,131.53,-280.21,-31.44
115,-245,-35,131.17,-279.46,-18.25
115,-245,-25,130.78,-278.62,-5.34
115,-245,-15,130.36,-277.72,7.32
115,-245,-5,129.92,-276.79,19.72
115,-245,5,129.92,-276.79,-19.72
115,-245,15,130.36,-277.72,-7.32
115,-245,25,130.78,-278.62,5.34
115,-245,35,131.17,-279.46,18.25
115,-245,45,131.53,-280.21,31.44
115,-235,-75,132.24,-270.24,-67.34
115,-235,-65,131.97,-269.68,-53.5
115,-235,-55,131.61,-268.95,-39.93
115,-235,-45,131.19,-268.09,-26.62
115,-235,-35,130.72,-267.12,-13.55
115,-235,-25,130.2,-266.07,-0.71
115,-235,-15,129.66,-264.96,11.89
115,-235,-5,129.11,-263.84,24.26
115,-235,5,129.11,-263.84,-24.26
115,-235,15,129.66,-264.96,-11.89
115,-235,25,130.2,-266.07,0.71
115,-235,35,130.72,-267.12,13.55
115,-235,45,131.19,-268.09,26.62
115,-235,55,131.61,-268.95,39.93
115,-235,65,131.97,-269.68,53.5
115,-235,75,132.24,-270.24,67.34
115,-225,-105,132.72,-259.67,-105.73
115,-225,-95,132.67,-259.57,-91.23
115,-225,-85,132.48,-259.2,-77.02
115,-225,-75,132.18,-258.61,-63.08
115,-225,-65,131.78,-257.83,-49.39
115,-225,-55,131.3,-256.9,-35.92
115,-225,-45,130.76,-255.84,-22.68
115,-225,-35,130.17,-254.68,-9.67
115,-225,-25,129.54,-253.44,3.12
115,-225,-15,128.88,-252.15,15.69
115,-225,-5,128.21,-250.84,28.04
115,-225,5,128.21,-250.84,-28.04
115,-225,15,128.88,-252.15,-15.69
115,-225,25,129.54,-253.44,-3.12
115,-225,35,130.17,-254.68,9.67
115,-225,45,130.76,-255.84,22.68
115,-225,55,131.3,-256.9,35.92
115,-225,65,131.78,-257.83,49.39
115,-225,75,132.18,-258.61,63.08
115,-225,85,132.48,-259.2,77.02
115,-225,95,132.67,-259.57,91.23
115,-225,105,132.72,-259.67,105.73
115,-215,-125,132.82,-248.31,-131.2
115,-215,-115,132.96,-248.58,-116.33
115,-215,-105,132.93,-248.52,-101.78
115,-215,-95,132.75,-248.18,-87.48
115,-215,-85,132.44,-247.6,-73.42
115,-215,-75,132.02,-246.82,-59.58
115,-215,-65,131.51,-245.86,-45.95
115,-215,-55,130.91,-244.75,-32.54
115,-215,-45,123.51,-230.92,-89.76
115,-215,-35,124.17,-232.14,-78.49
115,-215,-25,124.88,-233.47,-67.01
115,-215,-15,125.63,-234.87,-55.32
115,-215,-5,126.41,-236.32,-43.42
115,-215,5,126.41,-236.32,43.42
115,-215,15,125.63,-234.87,55.32
115,-215,25,124.88,-233.47,67.01
115,-215,35,124.17,-232.14,78.49
115,-215,45,123.51,-230.92,89.76
115,-215,55,130.91,-244.75,32.54
115,-215,65,131.51,-245.86,45.95
115,-215,75,132.02,-246.82,59.58
115,-215,85,132.44,-247.6,73.42
115,-215,95,132.75,-248.18,87.48
115,-215,105,132.93,-248.52,101.78
115,-215,115,132.96,-248.58,116.33
115,-215,125,132.82,-248.31,131.2
115,-205,-135,132.97,-237.03,-142.52
115,-205,-125,133.17,-237.39,-127.62
115,-205,-115,133.18,-237.41,-112.99
115,-205,-105,133.03,-237.14,-98.59
115,-205,-95,132.74,-236.62,-84.39
115,-205,-85,132.32,-235.87,-70.4
115,-205,-75,119.93,-213.78,-125.19
115,-205,-65,120.45,-214.71,-114.48
115,-205,-55,121.06,-215.8,-103.6
115,-205,-45,121.76,-217.05,-92.53
115,-205,-35,122.53,-218.43,-81.27
115,-205,-25,123.36,-219.91,-69.81
115,-205,-15,124.24,-221.47,-58.15
115,-205,-5,125.15,-223.09,-46.27
115,-205,5,125.15,-223.09,46.27
115,-205,15,124.24,-221.47,58.15
115,-205,25,123.36,-219.91,69.81
115,-205,35,122.53,-218.43,81.27
115,-205,45,121.76,-217.05,92.53
115,-205,55,121.06,-215.8,103.6
115,-205,65,120.45,-214.71,114.48
115,-205,75,119.93,-213.78,125.19
115,-205,85,132.32,-235.87,70.4
115,-205,95,132.74,-236.62,84.39
115,-205,105,133.03,-237.14,98.59
115,-205,115,133.18,-237.41,112.99
115,-205,125,133.17,-237.39,127.62
115,-205,135,132.97,-237.03,142.52
115,-195,-155,117.86,-199.86,-207.3
115,-195,-145,133.02,-225.56,-154.43
115,-195,-135,133.32,-226.06,-139.48
115,-195,-125,133.4,-226.2,-124.76
115,-195,-115,133.31,-226.04,-110.26
115,-195,-105,133.05,-225.61,-95.94
115,-195,-95,116.78,-198.02,-148.44
115,-195,-85,117.16,-198.66,-138.05
115,-195,-75,117.67,-199.52,-127.51
115,-195,-65,118.29,-200.57,-116.82
115,-195,-55,119.01,-201.8,-105.96
115,-195,-45,119.82,-203.18,-94.93
115,-195,-35,120.72,-204.7,-83.71
115,-195,-25,121.68,-206.33,-72.28
115,-195,-15,122.7,-208.06,-60.65
115,-195,-5,123.75,-209.84,-48.8
115,-195,5,123.75,-209.84,48.8
115,-195,15,122.7,-208.06,60.65
115,-195,25,121.68,-206.33,72.28
115,-195,35,120.72,-204.7,83.71
115,-195,45,119.82,-203.18,94.93
115,-195,55,119.01,-201.8,105.96
115,-195,65,118.29,-200.57,116.82
115,-195,75,117.67,-199.52,127.51
115,-195,85,117.16,-198.66,138.05
115,-195,95,116.78,-198.02,148.44
115,-195,105,133.05,-225.61,95.94
115,-195,115,133.31,-226.04,110.26
115,-195,125,133.4,-226.2,124.76
115,-195,135,133.32,-226.06,139.48
115,-195,145,133.02,-225.56,154.43
115,-195,155,117.86,-199.86,207.3
115,-185,-165,115.56,-185.9,-219.13
115,-185,-155,114.7,-184.52,-209.88
115,-185,-145,133.36,-214.54,-151.84
115,-185,-135,133.55,-214.84,-137.05
115,-185,-125,133.54,-214.83,-122.44
115,-185,-115,133.35,-214.52,-108.0
115,-185,-105,133.0,-213.96,-93.71
115,-185,-95,114.12,-183.58,-150.35
115,-185,-85,114.58,-184.33,-139.98
115,-185,-75,115.18,-185.29,-129.47
115,-185,-65,115.9,-186.45,-118.81
115,-185,-55,116.74,-187.8,-108.0
115,-185,-45,117.68,-189.31,-97.02
115,-185,-35,118.71,-190.96,-85.85
115,-185,35,118.71,-190.96,85.85
115,-185,45,117.68,-189.31,97.02
115,-185,55,116.74,-187.8,108.0
115,-185,65,115.9,-186.45,118.81
115,-185,75,115.18,-185.29,129.47
115,-185,85,114.58,-184.33,139.98
115,-185,95,114.12,-183.58,150.35
115,-185,105,133.0,-213.96,93.71
115,-185,115,133.35,-214.52,108.0
115,-185,125,133.54,-214.83,122.44
115,-185,135,133.55,-214.84,137.05
115,-185,145,133.36,-214.54,151.84
115,-185,155,114.7,-184.52,209.88
115,-185,165,115.56,-185.9,219.13
115,-175,-175,113.19,-172.25,-230.55
115,-175,-165,132.69,-201.92,-179.7
115,-175,-155,133.26,-202.79,-164.64
115,-175,-145,133.59,-203.28,-149.79
115,-175,-135,133.69,-203.44,-135.1
115,-175,-125,133.6,-203.31,-120.55
115,-175,-115,133.33,-202.89,-106.13
115,-175,-105,132.89,-202.22,-91.85
115,-175,-95,132.29,-201.32,-77.7
115,-175,-85,131.55,-200.18,-63.71
115,-175,-75,112.43,-171.09,-131.1
115,-175,75,112.43,-171.09,131.1
115,-175,85,131.55,-200.18,63.71
115,-175,95,132.29,-201.32,77.7
115,-175,105,132.89,-202.22,91.85
115,-175,115,133.33,-202.89,106.13
115,-175,125,133.6,-203.31,120.55
115,-175,135,133.69,-203.44,135.1
115,-175,145,133.59,-203.28,149.79
115,-175,155,133.26,-202.79,164.64
115,-175,165,132.69,-201.92,179.7
115,-175,175,113.19,-172.25,230.55
115,-165,-185,131.06,-188.05,-208.3
115,-165,-175,132.19,-189.66,-192.93
115,-165,-165,132.96,-190.77,-177.83
115,-165,-155,133.46,-191.48,-162.93
115,-165,-145,133.71,-191.84,-148.17
115,-165,-135,133.75,-191.9,-133.53
115,-165,-125,133.59,-191.67,-119.01
115,-165,-115,133.24,-191.17,-104.59
115,-165,-105,132.71,-190.41,-90.29
115,-165,-95,132.01,-189.41,-76.12
115,-165,95,132.01,-189.41,76.12
115,-165,105,132.71,-190.41,90.29
115,-165,115,133.24,-191.17,104.59
115,-165,125,133.59,-191.67,119.01
115,-165,135,133.75,-191.9,133.53
115,-165,145,133.71,-191.84,148.17
115,-165,155,133.46,-191.48,162.93
115,-165,165,132.96,-190.77,177.83
115,-165,175,132.19,-189.66,192.93
115,-165,185,131.06,-188.05,208.3
115,-155,-195,129.96,-175.16,-221.89
115,-155,-185,131.38,-177.08,-206.48
115,-155,-175,132.39,-178.44,-191.36
115,-155,-165,133.09,-179.39,-176.43
115,-155,-155,133.53,-179.98,-161.62
115,-155,-145,133.73,-180.25,-146.93
115,-155,-135,133.71,-180.22,-132.32
115,-155,-125,133.49,-179.92,-117.8
115,-155,-115,133.07,-179.36,-103.36
115,-155,-105,132.46,-178.53,-89.03
115,-155,105,132.46,-178.53,89.03
115,-155,115,133.07,-179.36,103.36
115,-155,125,133.49,-179.92,117.8
115,-155,135,133.71,-180.22,132.32
115,-155,145,133.73,-180.25,146.93
115,-155,155,133.53,-179.98,161.62
115,-155,165,133.09,-179.39,176.43
115,-155,175,132.39,-178.44,191.36
115,-155,185,131.38,-177.08,206.48
115,-155,195,129.96,-175.16,221.89
115,-145,-195,130.17,-164.12,-220.32
115,-145,-185,131.48,-165.78,-205.18
115,-145,-175,132.43,-166.98,-190.23
115,-145,-165,133.08,-167.8,-175.41
115,-145,-155,133.48,-168.3,-160.67
115,-145,-145,133.64,-168.51,-146.01
115,-145,-135,133.58,-168.43,-131.41
115,-145,-125,133.31,-168.08,-116.88
115,-145,125,133.31,-168.08,116.88
115,-145,135,133.58,-168.43,131.41
115,-145,145,133.64,-168.51,146.01
115,-145,155,133.48,-168.3,160.67
115,-145,165,133.08,-167.8,175.41
115,-145,175,132.43,-166.98,190.23
115,-145,185,131.48,-165.78,205.18
115,-145,195,130.17,-164.12,220.32
115,-135,-205,128.45,-150.79,-234.39
115,-135,-195,130.12,-152.75,-219.23
115,-135,-185,131.37,-154.22,-204.28
115,-135,-175,132.29,-155.3,-189.46
115,-135,-165,132.92,-156.04,-174.72
115,-135,-155,133.3,-156.48,-160.04
115,-135,-145,133.44,-156.64,-145.4
115,-135,-135,133.34,-156.53,-130.8
115,-135,135,133.34,-156.53,130.8
115,-135,145,133.44,-156.64,145.4
115,-135,155,133.3,-156.48,160.04
115,-135,165,132.92,-156.04,174.72
115,-135,175,132.29,-155.3,189.46
115,-135,185,131.37,-154.22,204.28
115,-135,195,130.12,-152.75,219.23
115,-135,205,128.45,-150.79,234.39
115,-125,-215,126.09,-137.06,-248.65
115,-125,-205,128.22,-139.37,-233.48
115,-125,-195,129.83,-141.12,-218.54
115,-125,-185,131.05,-142.45,-203.73
115,-125,-175,131.96,-143.44,-189.01
115,-125,-165,132.59,-144.12,-174.34
115,-125,-155,132.96,-144.52,-159.69
115,-125,-145,133.09,-144.66,-145.07
115,-125,145,133.09,-144.66,145.07
115,-125,155,132.96,-144.52,159.69
115,-125,165,132.59,-144.12,174.34
115,-125,175,131.96,-143.44,189.01
115,-125,185,131.05,-142.45,203.73
115,-125,195,129.83,-141.12,218.54
115,-125,205,128.22,-139.37,233.48
115,-125,215,126.09,-137.06,248.65
115,-115,-215,125.63,-125.63,-247.87
115,-115,-205,127.68,-127.68,-232.94
115,-115,-195,129.27,-129.27,-218.17
115,-115,-185,130.5,-130.5,-203.48
115,-115,-175,131.42,-131.42,-188.85
115,-115,-165,85.87,-85.87,-224.7
115,-115,-155,85.18,-85.18,-214.59
115,-115,155,85.18,-85.18,214.59
115,-115,165,85.87,-85.87,224.7
115,-115,175,131.42,-131.42,188.85
115,-115,185,130.5,-130.5,203.48
115,-115,195,129.27,-129.27,218.17
115,-115,205,127.68,-127.68,232.94
115,-115,215,125.63,-125.63,247.87
115,-105,-225,122.2,-111.57,-262.38
115,-105,-215,124.81,-113.96,-247.44
115,-105,-205,126.84,-115.81,-232.71
115,-105,-195,83.84,-76.55,-254.79
115,-105,-185,82.33,-75.17,-244.59
115,-105,-175,81.11,-74.06,-234.37
115,-105,-165,80.13,-73.17,-224.16
115,-105,-155,79.39,-72.49,-213.98
115,-105,155,79.39,-72.49,213.98
115,-105,165,80.13,-73.17,224.16
115,-105,175,81.11,-74.06,234.37
115,-105,185,82.33,-75.17,244.59
115,-105,195,83.84,-76.55,254.79
115,-105,205,126.84,-115.81,232.71
115,-105,215,124.81,-113.96,247.44
115,-105,225,122.2,-111.57,262.38
115,-95,-225,121.04,-99.99,-262.01
115,-95,-215,123.61,-102.11,-247.31
115,-95,-205,79.69,-65.83,-264.66
115,-95,-195,77.83,-64.29,-254.35
115,-95,-185,76.27,-63.01,-244.01
115,-95,-175,74.99,-61.95,-233.68
115,-95,-165,73.95,-61.09,-223.38
115,-95,165,73.95,-61.09,223.38
115,-95,175,74.99,-61.95,233.68
115,-95,185,76.27,-63.01,244.01
115,-95,195,77.83,-64.29,254.35
115,-95,205,79.69,-65.83,264.66
115,-95,215,123.61,-102.11,247.31
115,-95,225,121.04,-99.99,262.01
115,-85,-225,78.42,-57.96,-284.88
115,-85,-215,75.65,-55.91,-274.57
115,-85,-205,73.35,-54.22,-264.16
115,-85,-195,71.42,-52.79,-253.7
115,-85,-185,69.8,-51.59,-243.24
115,-85,-175,68.45,-50.59,-232.79
115,-85,175,68.45,-50.59,232.79
115,-85,185,69.8,-51.59,243.24
115,-85,195,71.42,-52.79,253.7
115,-85,205,73.35,-54.22,264.16
115,-85,215,75.65,-55.91,274.57
115,-85,225,78.42,-57.96,284.88
115,-75,-235,75.27,-49.09,-294.92
115,-75,-225,71.83,-46.85,-284.56
115,-75,-215,69.03,-45.02,-274.06
115,-75,-205,66.67,-43.48,-263.48
115,-75,-195,64.68,-42.18,-252.89
115,-75,-185,62.98,-41.07,-242.29
115,-75,-175,61.54,-40.14,-231.73
115,-75,175,61.54,-40.14,231.73
115,-75,185,62.98,-41.07,242.29
115,-75,195,64.68,-42.18,252.89
115,-75,205,66.67,-43.48,263.48
115,-75,215,69.03,-45.02,274.06
115,-75,225,71.83,-46.85,284.56
115,-75,235,75.27,-49.09,294.92
115,-65,-235,68.48,-38.71,-294.65
115,-65,-225,65.03,-36.76,-284.08
115,-65,-215,62.17,-35.14,-273.41
115,-65,-205,59.75,-33.77,-262.68
115,-65,-195,57.68,-32.6,-251.95
115,-65,-185,55.9,-31.59,-241.23
115,-65,185,55.9,-31.59,241.23
115,-65,195,57.68,-32.6,251.95
115,-65,205,59.75,-33.77,262.68
115,-65,215,62.17,-35.14,273.41
115,-65,225,65.03,-36.76,284.08
115,-65,235,68.48,-38.71,294.65
115,-55,-235,61.64,-29.48,-294.25
115,-55,-225,58.15,-27.81,-283.5
115,-55,-215,55.23,-26.42,-272.67
115,-55,-205,52.74,-25.22,-261.8
115,-55,-195,50.59,-24.19,-250.94
115,-55,-185,48.72,-23.3,-240.09
115,-55,185,48.72,-23.3,240.09
115,-55,195,50.59,-24.19,250.94
115,-55,205,52.74,-25.22,261.8
115,-55,215,55.23,-26.42,272.67
115,-55,225,58.15,-27.81,283.5
115,-55,235,61.64,-29.48,294.25
115,-45,-245,59.32,-23.21,-304.55
115,-45,-235,54.97,-21.51,-293.78
115,-45,-225,51.43,-20.13,-282.87
115,-45,-215,48.45,-18.96,-271.9
115,-45,-205,45.88,-17.95,-260.9
115,-45,-195,43.65,-17.08,-249.91
115,-45,-185,41.71,-16.32,-238.94
115,-45,185,41.71,-16.32,238.94
115,-45,195,43.65,-17.08,249.91
115,-45,205,45.88,-17.95,260.9
115,-45,215,48.45,-18.96,271.9
115,-45,225,51.43,-20.13,282.87
115,-45,235,54.97,-21.51,293.78
115,-45,245,59.32,-23.21,304.55
115,-35,-245,53.15,-16.18,-304.22
115,-35,-235,48.78,-14.85,-293.29
115,-35,-225,45.2,-13.76,-282.25
115,-35,-215,42.15,-12.83,-271.16
115,-35,-205,39.52,-12.03,-260.04
115,-35,-195,37.22,-11.33,-248.94
115,-35,-185,35.2,-10.71,-237.85
115,-35,185,35.2,-10.71,237.85
115,-35,195,37.22,-11.33,248.94
115,-35,205,39.52,-12.03,260.04
115,-35,215,42.15,-12.83,271.16
115,-35,225,45.2,-13.76,282.25
115,-35,235,48.78,-14.85,293.29
115,-35,245,53.15,-16.18,304.22
115,-25,-245,47.89,-10.41,-303.9
115,-25,-235,43.49,-9.46,-292.85
115,-25,-225,39.87,-8.67,-281.7
115,-25,-215,36.78,-7.99,-270.51
115,-25,-205,34.09,-7.41,-259.3
115,-25,-195,31.73,-6.9,-248.1
115,-25,195,31.73,-6.9,248.1
115,-25,205,34.09,-7.41,259.3
115,-25,215,36.78,-7.99,270.51
115,-25,225,39.87,-8.67,281.7
115,-25,235,43.49,-9.46,292.85
115,-25,245,47.89,-10.41,303.9
115,-15,-245,44.0,-5.74,-303.65
115,-15,-235,39.59,-5.16,-292.52
115,-15,-225,35.93,-4.69,-281.29
115,-15,-215,32.8,-4.28,-270.02
115,-15,-205,30.07,-3.92,-258.74
115,-15,-195,27.68,-3.61,-247.47
115,-15,195,27.68,-3.61,247.47
115,-15,205,30.07,-3.92,258.74
115,-15,215,32.8,-4.28,270.02
115,-15,225,35.93,-4.69,281.29
115,-15,235,39.59,-5.16,292.52
115,-15,245,44.0,-5.74,303.65
115,-5,-245,41.92,-1.82,-303.52
115,-5,-235,37.5,-1.63,-292.33
115,-5,-225,33.83,-1.47,-281.07
115,-5,-215,30.68,-1.33,-269.76
115,-5,-205,27.93,-1.21,-258.44
115,-5,-195,25.51,-1.11,-247.14
115,-5,195,25.51,-1.11,247.14
115,-5,205,27.93,-1.21,258.44
115,-5,215,30.68,-1.33,269.76
115,-5,225,33.83,-1.47,281.07
115,-5,235,37.5,-1.63,292.33
115,-5,245,41.92,-1.82,303.52
115,5,-245,41.92,1.82,-303.52
115,5,-235,37.5,1.63,-292.33
115,5,-225,33.83,1.47,-281.07
115,5,-215,30.68,1.33,-269.76
115,5,-205,27.93,1.21,-258.44
115,5,-195,25.51,1.11,-247.14
115,5,195,25.51,1.11,247.14
115,5,205,27.93,1.21,258.44
115,5,215,30.68,1.33,269.76
115,5,225,33.83,1.47,281.07
115,5,235,37.5,1.63,292.33
115,5,245,41.92,1.82,303.52
115,15,-245,44.0,5.74,-303.65
115,15,-235,39.59,5.16,-292.52
115,15,-225,35.93,4.69,-281.29
115,15,-215,32.8,4.28,-270.02
115,15,-205,30.07,3.92,-258.74
115,15,-195,27.68,3.61,-247.47
115,15,195,27.68,3.61,247.47
115,15,205,30.07,3.92,258.74
115,15,215,32.8,4.28,270.02
115,15,225,35.93,4.69,281.29
115,15,235,39.59,5.16,292.52
115,15,245,44.0,5.74,303.65
115,25,-245,47.89,10.41,-303.9
115,25,-235,43.49,9.46,-292.85
115,25,-225,39.87,8.67,-281.7
115,25,-215,36.78,7.99,-270.51
115,25,-205,34.09,7.41,-259.3
115,25,-195,31.73,6.9,-248.1
115,25,195,31.73,6.9,248.1
115,25,205,34.09,7.41,259.3
115,25,215,36.78,7.99,270.51
115,25,225,39.87,8.67,281.7
115,25,235,43.49,9.46,292.85
115,25,245,47.89,10.41,303.9
115,35,-245,53.15,16.18,-304.22
115,35,-235,48.78,14.85,-293.29
115,35,-225,45.2,13.76,-282.25
115,35,-215,42.15,12.83,-271.16
115,35,-205,39.52,12.03,-260.04
115,35,-195,37.22,11.33,-248.94
115,35,-185,35.2,10.71,-237.85
115,35,185,35.2,10.71,237.85
115,35,195,37.22,11.33,248.94
115,35,205,39.52,12.03,260.04
115,35,215,42.15,12.83,271.16
115,35,225,45.2,13.76,282.25
115,35,235,48.78,14.85,293.29
115,35,245,53.15,16.18,304.22
115,45,-245,59.32,23.21,-304.55
115,45,-235,54.97,21.51,-293.78
115,45,-225,51.43,20.13,-282.87
115,45,-215,48.45,18.96,-271.9
115,45,-205,45.88,17.95,-260.9
115,45,-195,43.65,17.08,-249.91
115,45,-185,41.71,16.32,-238.94
115,45,185,41.71,16.32,238.94
115,45,195,43.65,17.08,249.91
115,45,205,45.88,17.95,260.9
115,45,215,48.45,18.96,271.9
115,45,225,51.43,20.13,282.87
115,45,235,54.97,21.51,293.78
115,45,245,59.32,23.21,304.55
115,55,-235,61.64,29.48,-294.25
115,55,-225,58.15,27.81,-283.5
115,55,-215,55.23,26.42,-272.67
115,55,-205,52.74,25.22,-261.8
115,55,-195,50.59,24.19,-250.94
115,55,-185,48.72,23.3,-240.09
115,55,185,48.72,23.3,240.09
115,55,195,50.59,24.19,250.94
115,55,205,52.74,25.22,261.8
115,55,215,55.23,26.42,272.67
115,55,225,58.15,27.81,283.5
115,55,235,61.64,29.48,294.25
115,65,-235,68.48,38.71,-294.65
115,65,-225,65.03,36.76,-284.08
115,65,-215,62.17,35.14,-273.41
115,65,-205,59.75,33.77,-262.68
115,65,-195,57.68,32.6,-251.95
115,65,-185,55.9,31.59,-241.23
115,65,185,55.9,31.59,241.23
115,65,195,57.68,32.6,251.95
115,65,205,59.75,33.77,262.68
115,65,215,62.17,35.14,273.41
115,65,225,65.03,36.76,284.08
115,65,235,68.48,38.71,294.65
115,75,-235,75.27,49.09,-294.92
115,75,-225,71.83,46.85,-284.56
115,75,-215,69.03,45.02,-274.06
115,75,-205,66.67,43.48,-263.48
115,75,-195,64.68,42.18,-252.89
115,75,-185,62.98,41.07,-242.29
115,75,-175,61.54,40.14,-231.73
115,75,175,61.54,40.14,231.73
115,75,185,62.98,41.07,242.29
115,75,195,64.68,42.18,252.89
115,75,205,66.67,43.48,263.48
115,75,215,69.03,45.02,274.06
115,75,225,71.83,46.85,284.56
115,75,235,75.27,49.09,294.92
115,85,-225,78.42,57.96,-284.88
115,85,-215,75.65,55.91,-274.57
115,85,-205,73.35,54.22,-264.16
115,85,-195,71.42,52.79,-253.7
115,85,-185,69.8,51.59,-243.24
115,85,-175,68.45,50.59,-232.79
115,85,175,68.45,50.59,232.79
115,85,185,69.8,51.59,243.24
115,85,195,71.42,52.79,253.7
115,85,205,73.35,54.22,264.16
115,85,215,75.65,55.91,274.57
115,85,225,78.42,57.96,284.88
115,95,-225,121.04,99.99,-262.01
115,95,-215,123.61,102.11,-247.31
115,95,-205,79.69,65.83,-264.66
115,95,-195,77.83,64.29,-254.35
115,95,-185,76.27,63.01,-244.01
115,95,-175,74.99,61.95,-233.68
115,95,-165,73.95,61.09,-223.38
115,95,165,73.95,61.09,223.38
115,95,175,74.99,61.95,233.68
115,95,185,76.27,63.01,244.01
115,95,195,77.83,64.29,254.35
115,95,205,79.69,65.83,264.66
115,95,215,123.61,102.11,247.31
115,95,225,121.04,99.99,262.01
115,105,-225,122.2,111.57,-262.38
115,105,-215,124.81,113.96,-247.44
115,105,-205,126.84,115.81,-232.71
115,105,-195,83.84,76.55,-254.79
115,105,-185,82.33,75.17,-244.59
115,105,-175,81.11,74.06,-234.37
115,105,-165,80.13,73.17,-224.16
115,105,-155,79.39,72.49,-213.98
115,105,155,79.39,72.49,213.98
115,105,165,80.13,73.17,224.16
115,105,175,81.11,74.06,234.37
115,105,185,82.33,75.17,244.59
115,105,195,83.84,76.55,254.79
115,105,205,126.84,115.81,232.71
115,105,215,124.81,113.96,247.44
115,105,225,122.2,111.57,262.38
115,115,-215,125.63,125.63,-247.87
115,115,-205,127.68,127.68,-232.94
115,115,-195,129.27,129.27,-218.17
115,115,-185,130.5,130.5,-203.48
115,115,-175,131.42,131.42,-188.85
115,115,-165,85.87,85.87,-224.7
115,115,-155,85.18,85.18,-214.59
115,115,155,85.18,85.18,214.59
115,115,165,85.87,85.87,224.7
115,115,175,131.42,131.42,188.85
115,115,185,130.5,130.5,203.48
115,115,195,129.27,129.27,218.17
115,115,205,127.68,127.68,232.94
115,115,215,125.63,125.63,247.87
115,125,-215,126.09,137.06,-248.65
115,125,-205,128.22,139.37,-233.48
115,125,-195,129.83,141.12,-218.54
115,125,-185,131.05,142.45,-203.73
115,125,-175,131.96,143.44,-189.01
115,125,-165,132.59,144.12,-174.34
115,125,-155,132.96,144.52,-159.69
115,125,-145,133.09,144.66,-145.07
115,125,145,133.09,144.66,145.07
115,125,155,132.96,144.52,159.69
115,125,165,132.59,144.12,174.34
115,125,175,131.96,143.44,189.01
115,125,185,131.05,142.45,203.73
115,125,195,129.83,141.12,218.54
115,125,205,128.22,139.37,233.48
115,125,215,126.09,137.06,248.65
115,135,-205,128.45,150.79,-234.39
115,135,-195,130.12,152.75,-219.23
115,135,-185,131.37,154.22,-204.28
115,135,-175,132.29,155.3,-189.46
115,135,-165,132.92,156.04,-174.72
115,135,-155,133.3,156.48,-160.04
115,135,-145,133.44,156.64,-145.4
115,135,-135,133.34,156.53,-130.8
115,135,135,133.34,156.53,130.8
115,135,145,133.44,156.64,145.4
115,135,155,133.3,156.48,160.04
115,135,165,132.92,156.04,174.72
115,135,175,132.29,155.3,189.46
115,135,185,131.37,154.22,204.28
115,135,195,130.12,152.75,219.23
115,135,205,128.45,150.79,234.39
115,145,-195,130.17,164.12,-220.32
115,145,-185,131.48,165.78,-205.18
115,145,-175,132.43,166.98,-190.23
115,145,-165,133.08,167.8,-175.41
115,145,-155,133.48,168.3,-160.67
115,145,-145,133.64,168.51,-146.01
115,145,-135,133.58,168.43,-131.41
115,145,-125,133.31,168.08,-116.88
115,145,125,133.31,168.08,116.88
115,145,135,133.58,168.43,131.41
115,145,145,133.64,168.51,146.01
115,145,155,133.48,168.3,160.67
115,145,165,133.08,167.8,175.41
115,145,175,132.43,166.98,190.23
115,145,185,131.48,165.78,205.18
115,145,195,130.17,164.12,220.32
115,155,-195,129.96,175.16,-221.89
115,155,-185,131.38,177.08,-206.48
115,155,-175,132.39,178.44,-191.36
115,155,-165,133.09,179.39,-176.43
115,155,-155,133.53,179.98,-161.62
115,155,-145,133.73,180.25,-146.93
115,155,-135,133.71,180.22,-132.32
115,155,-125,133.49,179.92,-117.8
115,155,-115,133.07,179.36,-103.36
115,155,-105,132.46,178.53,-89.03
115,155,105,132.46,178.53,89.03
115,155,115,133.07,179.36,103.36
115,155,125,133.49,179.92,117.8
115,155,135,133.71,180.22,132.32
115,155,145,133.73,180.25,146.93
115,155,155,133.53,179.98,161.62
115,155,165,133.09,179.39,176.43
115,155,175,132.39,178.44,191.36
115,155,185,131.38,177.08,206.48
115,155,195,129.96,175.16,221.89
115,165,-185,131.06,188.05,-208.3
115,165,-175,132.19,189.66,-192.93
115,165,-165,132.96,190.77,-177.83
115,165,-155,133.46,191.48,-162.93
115,165,-145,133.71,191.84,-148.17
115,165,-135,133.75,191.9,-133.53
115,165,-125,133.59,191.67,-119.01
115,165,-115,133.24,191.17,-104.59
115,165,-105,132.71,190.41,-90.29
115,165,-95,132.01,189.41,-76.12
115,165,95,132.01,189.41,76.12
115,165,105,132.71,190.41,90.29
115,165,115,133.24,191.17,104.59
115,165,125,133.59,191.67,119.01
115,165,135,133.75,191.9,133.53
115,165,145,133.71,191.84,148.17
115,165,155,133.46,191.48,162.93
115,165,165,132.96,190.77,177.83
115,165,175,132.19,189.66,192.93
115,165,185,131.06,188.05,208.3
115,175,-175,113.19,172.25,-230.55
115,175,-165,132.69,201.92,-179.7
115,175,-155,133.26,202.79,-164.64
115,175,-145,133.59,203.28,-149.79
115,175,-135,133.69,203.44,-135.1
115,175,-125,133.6,203.31,-120.55
115,175,-115,133.33,202.89,-106.13
115,175,-105,132.89,202.22,-91.85
115,175,-95,132.29,201.32,-77.7
115,175,-85,131.55,200.18,-63.71
115,175,-75,112.43,171.09,-131.1
115,175,75,112.43,171.09,131.1
115,175,85,131.55,200.18,63.71
115,175,95,132.29,201.32,77.7
115,175,105,132.89,202.22,91.85
115,175,115,133.33,202.89,106.13
115,175,125,133.6,203.31,120.55
115,175,135,133.69,203.44,135.1
115,175,145,133.59,203.28,149.79
115,175,155,133.26,202.79,164.64
115,175,165,132.69,201.92,179.7
115,175,175,113.19,172.25,230.55
115,185,-165,115.56,185.9,-219.13
115,185,-155,114.7,184.52,-209.88
115,185,-145,133.36,214.54,-151.84
115,185,-135,133.55,214.84,-137.05
115,185,-125,133.54,214.83,-122.44
115,185,-115,133.35,214.52,-108.0
115,185,-105,133.0,213.96,-93.71
115,185,-95,114.12,183.58,-150.35
115,185,-85,114.58,184.33,-139.98
115,185,-75,115.18,185.29,-129.47
115,185,-65,115.9,186.45,-118.81
115,185,-55,116.74,187.8,-108.0
115,185,-45,117.68,189.31,-97.02
115,185,-35,118.71,190.96,-85.85
115,185,35,118.71,190.96,85.85
115,185,45,117.68,189.31,97.02
115,185,55,116.74,187.8,108.0
115,185,65,115.9,186.45,118.81
115,185,75,115.18,185.29,129.47
115,185,85,114.58,184.33,139.98
115,185,95,114.12,183.58,150.35
115,185,105,133.0,213.96,93.71
115,185,115,133.35,214.52,108.0
115,185,125,133.54,214.83,122.44
115,185,135,133.55,214.84,137.05
115,185,145,133.36,214.54,151.84
115,185,155,114.7,184.52,209.88
115,185,165,115.56,185.9,219.13
115,195,-155,117.86,199.86,-207.3
115,195,-145,133.02,225.56,-154.43
115,195,-135,133.32,226.06,-139.48
115,195,-125,133.4,226.2,-124.76
115,195,-115,133.31,226.04,-110.26
115,195,-105,133.05,225.61,-95.94
115,195,-95,116.78,198.02,-148.44
115,195,-85,117.16,198.66,-138.05
115,195,-75,117.67,199.52,-127.51
115,195,-65,118.29,200.57,-116.82
115,195,-55,119.01,201.8,-105.96
115,195,-45,119.82,203.18,-94.93
115,195,-35,120.72,204.7,-83.71
115,195,-25,121.68,206.33,-72.28
115,195,-15,122.7,208.06,-60.65
115,195,-5,123.75,209.84,-48.8
115,195,5,123.75,209.84,48.8
115,195,15,122.7,208.06,60.65
115,195,25,121.68,206.33,72.28
115,195,35,120.72,204.7,83.71
115,195,45,119.82,203.18,94.93
115,195,55,119.01,201.8,105.96
115,195,65,118.29,200.57,116.82
115,195,75,117.67,199.52,127.51
115,195,85,117.16,198.66,138.05
115,195,95,116.78,198.02,148.44
115,195,105,133.05,225.61,95.94
115,195,115,133.31,226.04,110.26
115,195,125,133.4,226.2,124.76
115,195,135,133.32,226.06,139.48
115,195,145,133.02,225.56,154.43
115,195,155,117.86,199.86,207.3
115,205,-135,132.97,237.03,-142.52
115,205,-125,133.17,237.39,-127.62
115,205,-115,133.18,237.41,-112.99
115,205,-105,133.03,237.14,-98.59
115,205,-95,132.74,236.62,-84.39
115,205,-85,132.32,235.87,-70.4
115,205,-75,119.93,213.78,-125.19
115,205,-65,120.45,214.71,-114.48
115,205,-55,121.06,215.8,-103.6
115,205,-45,121.76,217.05,-92.53
115,205,-35,122.53,218.43,-81.27
115,205,-25,123.36,219.91,-69.81
115,205,-15,124.24,221.47,-58.15
115,205,-5,125.15,223.09,-46.27
115,205,5,125.15,223.09,46.27
115,205,15,124.24,221.47,58.15
115,205,25,123.36,219.91,69.81
115,205,35,122.53,218.43,81.27
115,205,45,121.76,217.05,92.53
115,205,55,121.06,215.8,103.6
115,205,65,120.45,214.71,114.48
115,205,75,119.93,213.78,125.19
115,205,85,132.32,235.87,70.4
115,205,95,132.74,236.62,84.39
115,205,105,133.03,237.14,98.59
115,205,115,133.18,237.41,112.99
115,205,125,133.17,237.39,127.62
115,205,135,132.97,237.03,142.52
115,215,-125,132.82,248.31,-131.2
115,215,-115,132.96,248.58,-116.33
115,215,-105,132.93,248.52,-101.78
115,215,-95,132.75,248.18,-87.48
115,215,-85,132.44,247.6,-73.42
115,215,-75,132.02,246.82,-59.58
115,215,-65,131.51,245.86,-45.95
115,215,-55,130.91,244.75,-32.54
115,215,-45,123.51,230.92,-89.76
115,215,-35,124.17,232.14,-78.49
115,215,-25,124.88,233.47,-67.01
115,215,-15,125.63,234.87,-55.32
115,215,-5,126.41,236.32,-43.42
115,215,5,126.41,236.32,43.42
115,215,15,125.63,234.87,55.32
115,215,25,124.88,233.47,67.01
115,215,35,124.17,232.14,78.49
115,215,45,123.51,230.92,89.76
115,215,55,130.91,244.75,32.54
115,215,65,131.51,245.86,45.95
115,215,75,132.02,246.82,59.58
115,215,85,132.44,247.6,73.42
115,215,95,132.75,248.18,87.48
115,215,105,132.93,248.52,101.78
115,215,115,132.96,248.58,116.33
115,215,125,132.82,248.31,131.2
115,225,-105,132.72,259.67,-105.73
115,225,-95,132.67,259.57,-91.23
115,225,-85,132.48,259.2,-77.02
115,225,-75,132.18,258.61,-63.08
115,225,-65,131.78,257.83,-49.39
115,225,-55,131.3,256.9,-35.92
115,225,-45,130.76,255.84,-22.68
115,225,-35,130.17,254.68,-9.67
115,225,-25,129.54,253.44,3.12
115,225,-15,128.88,252.15,15.69
115,225,-5,128.21,250.84,28.04
115,225,5,128.21,250.84,-28.04
115,225,15,128.88,252.15,-15.69
115,225,25,129.54,253.44,-3.12
115,225,35,130.17,254.68,9.67
115,225,45,130.76,255.84,22.68
115,225,55,131.3,256.9,35.92
115,225,65,131.78,257.83,49.39
115,225,75,132.18,258.61,63.08
115,225,85,132.48,259.2,77.02
115,225,95,132.67,259.57,91.23
115,225,105,132.72,259.67,105.73
115,235,-75,132.24,270.24,-67.34
115,235,-65,131.97,269.68,-53.5
115,235,-55,131.61,268.95,-39.93
115,235,-45,131.19,268.09,-26.62
115,235,-35,130.72,267.12,-13.55
115,235,-25,130.2,266.07,-0.71
115,235,-15,129.66,264.96,11.89
115,235,-5,129.11,263.84,24.26
115,235,5,129.11,263.84,-24.26
115,235,15,129.66,264.96,-11.89
115,235,25,130.2,266.07,0.71
115,235,35,130.72,267.12,13.55
115,235,45,131.19,268.09,26.62
115,235,55,131.61,268.95,39.93
115,235,65,131.97,269.68,53.5
115,235,75,132.24,270.24,67.34
115,245,-45,131.53,280.21,-31.44
115,245,-35,131.17,279.46,-18.25
115,245,-25,130.78,278.62,-5.34
115,245,-15,130.36,277.72,7.32
115,245,-5,129.92,276.79,19.72
115,245,5,129.92,276.79,-19.72
115,245,15,130.36,277.72,-7.32
115,245,25,130.78,278.62,5.34
115,245,35,131.17,279.46,18.25
115,245,45,131.53,280.21,31.44
125,-235,-65,142.26,-267.45,-54.7
125,-235,-55,141.91,-266.79,-41.09
125,-235,-45,141.49,-266.0,-27.74
125,-235,-35,141.01,-265.1,-14.65
125,-235,-25,140.49,-264.12,-1.8
125,-235,-15,139.94,-263.08,10.81
125,-235,-5,139.38,-262.03,23.19
125,-235,5,139.38,-262.03,-23.19
125,-235,15,139.94,-263.08,-10.81
125,-235,25,140.49,-264.12,1.8
125,-235,35,141.01,-265.1,14.65
125,-235,45,141.49,-266.0,27.74
125,-235,55,141.91,-266.79,41.09
125,-235,65,142.26,-267.45,54.7
125,-225,-95,142.85,-257.13,-92.37
125,-225,-85,142.68,-256.83,-78.11
125,-225,-75,142.39,-256.31,-64.13
125,-225,-65,142.0,-255.6,-50.4
125,-225,-55,141.52,-254.74,-36.92
125,-225,-45,140.97,-253.75,-23.66
125,-225,-35,140.37,-252.66,-10.63
125,-225,-25,139.72,-251.49,2.17
125,-225,-15,139.04,-250.28,14.74
125,-225,-5,138.36,-249.04,27.1
125,-225,5,138.36,-249.04,-27.1
125,-225,15,139.04,-250.28,-14.74
125,-225,25,139.72,-251.49,-2.17
125,-225,35,140.37,-252.66,10.63
125,-225,45,140.97,-253.75,23.66
125,-225,55,141.52,-254.74,36.92
125,-225,65,142.0,-255.6,50.4
125,-225,75,142.39,-256.31,64.13
125,-225,85,142.68,-256.83,78.11
125,-225,95,142.85,-257.13,92.37
125,-215,-115,143.03,-246.01,-117.4
125,-215,-105,143.03,-246.01,-102.78
125,-215,-95,142.87,-245.74,-88.44
125,-215,-85,142.57,-245.22,-74.35
125,-215,-75,142.16,-244.51,-60.49
125,-215,-65,141.64,-243.62,-46.85
125,-215,-55,141.03,-242.58,-33.42
125,-215,-45,140.36,-241.42,-20.21
125,-215,-35,134.11,-230.67,-77.64
125,-215,-25,134.84,-231.92,-66.16
125,-215,-15,135.61,-233.25,-54.47
125,-215,-5,136.41,-234.62,-42.57
125,-215,5,136.41,-234.62,42.57
125,-215,15,135.61,-233.25,54.47
125,-215,25,134.84,-231.92,66.16
125,-215,35,134.11,-230.67,77.64
125,-215,45,140.36,-241.42,20.21
125,-215,55,141.03,-242.58,33.42
125,-215,65,141.64,-243.62,46.85
125,-215,75,142.16,-244.51,60.49
125,-215,85,142.57,-245.22,74.35
125,-215,95,142.87,-245.74,88.44
125,-215,105,143.03,-246.01,102.78
125,-215,115,143.03,-246.01,117.4
125,-205,-125,143.14,-234.75,-128.57
125,-205,-115,143.19,-234.83,-113.89
125,-205,-105,143.06,-234.62,-99.45
125,-205,-95,142.78,-234.16,-85.24
125,-205,-85,142.36,-233.48,-71.23
125,-205,-75,129.66,-212.64,-124.44
125,-205,-65,130.19,-213.51,-113.73
125,-205,-55,130.81,-214.54,-102.84
125,-205,-45,131.53,-215.71,-91.77
125,-205,-35,132.32,-217.01,-80.5
125,-205,-25,133.18,-218.41,-69.04
125,-205,-15,134.08,-219.89,-57.36
125,-205,-5,135.02,-221.43,-45.48
125,-205,5,135.02,-221.43,45.48
125,-205,15,134.08,-219.89,57.36
125,-205,25,133.18,-218.41,69.04
125,-205,35,132.32,-217.01,80.5
125,-205,45,131.53,-215.71,91.77
125,-205,55,130.81,-214.54,102.84
125,-205,65,130.19,-213.51,113.73
125,-205,75,129.66,-212.64,124.44
125,-205,85,142.36,-233.48,71.23
125,-205,95,142.78,-234.16,85.24
125,-205,105,143.06,-234.62,99.45
125,-205,115,143.19,-234.83,113.89
125,-205,125,143.14,-234.75,128.57
125,-195,-145,142.82,-222.8,-155.36
125,-195,-135,143.18,-223.36,-140.33
125,-195,-125,143.31,-223.56,-125.57
125,-195,-115,143.24,-223.45,-111.04
125,-195,-105,143.0,-223.07,-96.7
125,-195,-95,126.33,-197.08,-147.78
125,-195,-85,126.71,-197.67,-137.39
125,-195,-75,127.23,-198.47,-126.84
125,-195,-65,127.86,-199.46,-116.14
125,-195,-55,128.6,-200.62,-105.28
125,-195,-45,129.44,-201.92,-94.23
125,-195,-35,130.36,-203.36,-83.0
125,-195,-25,131.35,-204.9,-71.56
125,-195,-15,132.39,-206.53,-59.92
125,-195,-5,133.48,-208.22,-48.06
125,-195,5,133.48,-208.22,48.06
125,-195,15,132.39,-206.53,59.92
125,-195,25,131.35,-204.9,71.56
125,-195,35,130.36,-203.36,83.0
125,-195,45,129.44,-201.92,94.23
125,-195,55,128.6,-200.62,105.28
125,-195,65,127.86,-199.46,116.14
125,-195,75,127.23,-198.47,126.84
125,-195,85,126.71,-197.67,137.39
125,-195,95,126.33,-197.08,147.78
125,-195,105,143.0,-223.07,96.7
125,-195,115,143.24,-223.45,111.04
125,-195,125,143.31,-223.56,125.57
125,-195,135,143.18,-223.36,140.33
125,-195,145,142.82,-222.8,155.36
125,-185,-155,124.27,-183.92,-209.13
125,-185,-145,143.1,-211.79,-152.61
125,-185,-135,143.34,-212.14,-137.77
125,-185,-125,143.36,-212.17,-123.14
125,-185,-115,143.19,-211.91,-108.68
125,-185,-105,142.84,-211.41,-94.39
125,-185,-95,142.34,-210.67,-80.26
125,-185,-85,123.96,-183.45,-139.4
125,-185,-75,124.57,-184.36,-128.88
125,-185,-65,125.31,-185.45,-118.21
125,-185,-55,126.16,-186.72,-107.38
125,-185,-45,127.13,-188.15,-96.38
125,-185,-35,128.19,-189.72,-85.19
125,-185,-25,129.33,-191.4,-73.8
125,-185,-15,130.52,-193.18,-62.19
125,-185,-5,131.77,-195.01,-50.36
125,-185,5,131.77,-195.01,50.36
125,-185,15,130.52,-193.18,62.19
125,-185,25,129.33,-191.4,73.8
125,-185,35,128.19,-189.72,85.19
125,-185,45,127.13,-188.15,96.38
125,-185,55,126.16,-186.72,107.38
125,-185,65,125.31,-185.45,118.21
125,-185,75,124.57,-184.36,128.88
125,-185,85,123.96,-183.45,139.4
125,-185,95,142.34,-210.67,80.26
125,-185,105,142.84,-211.41,94.39
125,-185,115,143.19,-211.91,108.68
125,-185,125,143.36,-212.17,123.14
125,-185,135,143.34,-212.14,137.77
125,-185,145,143.1,-211.79,152.61
125,-185,155,124.27,-183.92,209.13
125,-175,-165,142.2,-199.09,-180.46
125,-175,-155,142.86,-200.0,-165.33
125,-175,-145,143.24,-200.53,-150.43
125,-175,-135,143.38,-200.73,-135.71
125,-175,-125,143.31,-200.63,-121.15
125,-175,-115,143.05,-200.27,-106.73
125,-175,-105,142.61,-199.65,-92.44
125,-175,-95,142.0,-198.81,-78.31
125,-175,-85,141.25,-197.74,-64.33
125,-175,-75,140.34,-196.48,-50.51
125,-175,-65,122.5,-171.49,-119.96
125,-175,65,122.5,-171.49,119.96
125,-175,75,140.34,-196.48,50.51
125,-175,85,141.25,-197.74,64.33
125,-175,95,142.0,-198.81,78.31
125,-175,105,142.61,-199.65,92.44
125,-175,115,143.05,-200.27,106.73
125,-175,125,143.31,-200.63,121.15
125,-175,135,143.38,-200.73,135.71
125,-175,145,143.24,-200.53,150.43
125,-175,155,142.86,-200.0,165.33
125,-175,165,142.2,-199.09,180.46
125,-165,-175,141.53,-186.82,-193.62
125,-165,-165,142.4,-187.97,-178.45
125,-165,-155,142.96,-188.7,-163.49
125,-165,-145,143.25,-189.09,-148.71
125,-165,-135,143.32,-189.18,-134.05
125,-165,-125,143.17,-188.98,-119.52
125,-165,-115,142.82,-188.53,-105.11
125,-165,-105,142.29,-187.83,-90.82
125,-165,-95,141.59,-186.89,-76.66
125,-165,-85,140.71,-185.74,-62.64
125,-165,85,140.71,-185.74,62.64
125,-165,95,141.59,-186.89,76.66
125,-165,105,142.29,-187.83,90.82
125,-165,115,142.82,-188.53,105.11
125,-165,125,143.17,-188.98,119.52
125,-165,135,143.32,-189.18,134.05
125,-165,145,143.25,-189.09,148.71
125,-165,155,142.96,-188.7,163.49
125,-165,165,142.4,-187.97,178.45
125,-165,175,141.53,-186.82,193.62
125,-155,-185,140.53,-174.25,-207.11
125,-155,-175,141.65,-175.65,-191.91
125,-155,-165,142.43,-176.61,-176.92
125,-155,-155,142.91,-177.21,-162.08
125,-155,-145,143.15,-177.5,-147.36
125,-155,-135,143.15,-177.51,-132.74
125,-155,-125,142.94,-177.24,-118.22
125,-155,-115,142.51,-176.72,-103.8
125,-155,-105,141.89,-175.95,-89.48
125,-155,105,141.89,-175.95,89.48
125,-155,115,142.51,-176.72,103.8
125,-155,125,142.94,-177.24,118.22
125,-155,135,143.15,-177.51,132.74
125,-155,145,143.15,-177.5,147.36
125,-155,155,142.91,-177.21,162.08
125,-155,165,142.43,-176.61,176.92
125,-155,175,141.65,-175.65,191.91
125,-155,185,140.53,-174.25,207.11
125,-145,-195,139.09,-161.35,-220.89
125,-145,-185,140.53,-163.02,-205.66
125,-145,-175,141.57,-164.23,-190.65
125,-145,-165,142.29,-165.06,-175.78
125,-145,-155,142.73,-165.57,-161.02
125,-145,-145,142.92,-165.79,-146.35
125,-145,-135,142.87,-165.73,-131.75
125,-145,-125,142.6,-165.41,-117.22
125,-145,-115,142.11,-164.84,-102.77
125,-145,115,142.11,-164.84,102.77
125,-145,125,142.6,-165.41,117.22
125,-145,135,142.87,-165.73,131.75
125,-145,145,142.92,-165.79,146.35
125,-145,155,142.73,-165.57,161.02
125,-145,165,142.29,-165.06,175.78
125,-145,175,141.57,-164.23,190.65
125,-145,185,140.53,-163.02,205.66
125,-145,195,139.09,-161.35,220.89
125,-135,-195,138.96,-150.08,-219.66
125,-135,-185,140.32,-151.54,-204.63
125,-135,-175,141.31,-152.62,-189.76
125,-135,-165,141.99,-153.35,-174.98
125,-135,-155,142.4,-153.8,-160.28
125,-135,-145,142.56,-153.96,-145.63
125,-135,-135,142.47,-153.87,-131.03
125,-135,-125,142.15,-153.52,-116.48
125,-135,125,142.15,-153.52,116.48
125,-135,135,142.47,-153.87,131.03
125,-135,145,142.56,-153.96,145.63
125,-135,155,142.4,-153.8,160.28
125,-135,165,141.99,-153.35,174.98
125,-135,175,141.31,-152.62,189.76
125,-135,185,140.32,-151.54,204.63
125,-135,195,138.96,-150.08,219.66
125,-125,-205,136.82,-136.82,-233.85
125,-125,-195,138.56,-138.56,-218.82
125,-125,-185,139.88,-139.88,-203.95
125,-125,-175,140.85,-140.85,-189.19
125,-125,-165,141.52,-141.52,-174.48
125,-125,-155,141.91,-141.91,-159.82
125,-125,-145,142.05,-142.05,-145.19
125,-125,-135,141.94,-141.94,-130.59
125,-125,135,141.94,-141.94,130.59
125,-125,145,142.05,-142.05,145.19
125,-125,155,141.91,-141.91,159.82
125,-125,165,141.52,-141.52,174.48
125,-125,175,140.85,-140.85,189.19
125,-125,185,139.88,-139.88,203.95
125,-125,195,138.56,-138.56,218.82
125,-125,205,136.82,-136.82,233.85
125,-115,-215,133.99,-123.27,-248.22
125,-115,-205,136.2,-125.31,-233.17
125,-115,-195,137.9,-126.87,-218.32
125,-115,-185,139.2,-128.07,-203.58
125,-115,-175,140.17,-128.96,-188.9
125,-115,-165,140.84,-129.58,-174.25
125,-115,-155,141.24,-129.94,-159.63
125,-115,-145,141.37,-130.06,-145.01
125,-115,145,141.37,-130.06,145.01
125,-115,155,141.24,-129.94,159.63
125,-115,165,140.84,-129.58,174.25
125,-115,175,140.17,-128.96,188.9
125,-115,185,139.2,-128.07,203.58
125,-115,195,137.9,-126.87,218.32
125,-115,205,136.2,-125.31,233.17
125,-115,215,133.99,-123.27,248.22
125,-105,-215,133.11,-111.81,-247.64
125,-105,-205,135.27,-113.63,-232.8
125,-105,-195,136.96,-115.05,-218.1
125,-105,-185,90.85,-76.31,-244.8
125,-105,-175,89.58,-75.24,-234.65
125,-105,-165,88.57,-74.4,-224.49
125,-105,-155,87.81,-73.76,-214.35
125,-105,155,87.81,-73.76,214.35
125,-105,165,88.57,-74.4,224.49
125,-105,175,89.58,-75.24,234.65
125,-105,185,90.85,-76.31,244.8
125,-105,195,136.96,-115.05,218.1
125,-105,205,135.27,-113.63,232.8
125,-105,215,133.11,-111.81,247.64
125,-95,-225,129.13,-98.14,-262.2
125,-95,-215,131.87,-100.22,-247.36
125,-95,-205,88.41,-67.19,-264.86
125,-95,-195,86.46,-65.71,-254.65
125,-95,-185,84.85,-64.48,-244.39
125,-95,-175,83.52,-63.48,-234.13
125,-95,-165,82.47,-62.67,-223.88
125,-95,165,82.47,-62.67,223.88
125,-95,175,83.52,-63.48,234.13
125,-95,185,84.85,-64.48,244.39
125,-95,195,86.46,-65.71,254.65
125,-95,205,88.41,-67.19,264.86
125,-95,215,131.87,-100.22,247.36
125,-95,225,129.13,-98.14,262.2
125,-85,-225,127.57,-86.75,-261.96
125,-85,-215,84.6,-57.53,-274.82
125,-85,-205,82.21,-55.9,-264.52
125,-85,-195,80.21,-54.54,-254.16
125,-85,-185,78.54,-53.41,-243.78
125,-85,-175,77.16,-52.47,-233.42
125,-85,-165,76.04,-51.71,-223.08
125,-85,165,76.04,-51.71,223.08
125,-85,175,77.16,-52.47,233.42
125,-85,185,78.54,-53.41,243.78
125,-85,195,80.21,-54.54,254.16
125,-85,205,82.21,-55.9,264.52
125,-85,215,84.6,-57.53,274.82
125,-85,225,127.57,-86.75,261.96
125,-75,-225,81.16,-48.7,-284.82
125,-75,-215,78.23,-46.94,-274.46
125,-75,-205,75.79,-45.48,-264.01
125,-75,-195,73.74,-44.25,-253.52
125,-75,-185,72.01,-43.21,-243.02
125,-75,-175,70.56,-42.34,-232.55
125,-75,175,70.56,-42.34,232.55
125,-75,185,72.01,-43.21,243.02
125,-75,195,73.74,-44.25,253.52
125,-75,205,75.79,-45.48,264.01
125,-75,215,78.23,-46.94,274.46
125,-75,225,81.16,-48.7,284.82
125,-65,-235,78.35,-40.74,-294.89
125,-65,-225,74.73,-38.86,-284.5
125,-65,-215,71.76,-37.32,-273.98
125,-65,-205,69.28,-36.02,-263.38
125,-65,-195,67.16,-34.93,-252.77
125,-65,-185,65.36,-33.99,-242.16
125,-65,-175,63.84,-33.2,-231.58
125,-65,175,63.84,-33.2,231.58
125,-65,185,65.36,-33.99,242.16
125,-65,195,67.16,-34.93,252.77
125,-65,205,69.28,-36.02,263.38
125,-65,215,71.76,-37.32,273.98
125,-65,225,74.73,-38.86,284.5
125,-65,235,78.35,-40.74,294.89
125,-55,-235,72.0,-31.68,-294.65
125,-55,-225,68.37,-30.08,-284.08
125,-55,-215,65.37,-28.76,-273.41
125,-55,-205,62.82,-27.64,-262.68
125,-55,-195,60.64,-26.68,-251.95
125,-55,-185,58.77,-25.86,-241.23
125,-55,185,58.77,-25.86,241.23
125,-55,195,60.64,-26.68,251.95
125,-55,205,62.82,-27.64,262.68
125,-55,215,65.37,-28.76,273.41
125,-55,225,68.37,-30.08,284.08
125,-55,235,72.0,-31.68,294.65
125,-45,-235,65.96,-23.75,-294.33
125,-45,-225,62.31,-22.43,-283.61
125,-45,-215,59.26,-21.33,-272.81
125,-45,-205,56.66,-20.4,-261.97
125,-45,-195,54.41,-19.59,-251.12
125,-45,-185,52.47,-18.89,-240.3
125,-45,185,52.47,-18.89,240.3
125,-45,195,54.41,-19.59,251.12
125,-45,205,56.66,-20.4,261.97
125,-45,215,59.26,-21.33,272.81
125,-45,225,62.31,-22.43,283.61
125,-45,235,65.96,-23.75,294.33
125,-35,-235,60.51,-16.94,-293.98
125,-35,-225,56.82,-15.91,-283.14
125,-35,-215,53.73,-15.04,-272.23
125,-35,-205,51.07,-14.3,-261.28
125,-35,-195,48.77,-13.66,-250.34
125,-35,-185,46.77,-13.09,-239.42
125,-35,185,46.77,-13.09,239.42
125,-35,195,48.77,-13.66,250.34
125,-35,205,51.07,-14.3,261.28
125,-35,215,53.73,-15.04,272.23
125,-35,225,56.82,-15.91,283.14
125,-35,235,60.51,-16.94,293.98
125,-25,-235,55.96,-11.19,-293.67
125,-25,-225,52.25,-10.45,-282.73
125,-25,-215,49.12,-9.82,-271.73
125,-25,-205,46.42,-9.28,-260.7
125,-25,-195,44.07,-8.81,-249.68
125,-25,-185,42.01,-8.4,-238.68
125,-25,185,42.01,-8.4,238.68
125,-25,195,44.07,-8.81,249.68
125,-25,205,46.42,-9.28,260.7
125,-25,215,49.12,-9.82,271.73
125,-25,225,52.25,-10.45,282.73
125,-25,235,55.96,-11.19,293.67
125,-15,-235,52.68,-6.32,-293.43
125,-15,-225,48.95,-5.87,-282.42
125,-15,-215,45.78,-5.49,-271.35
125,-15,-205,43.05,-5.17,-260.27
125,-15,-195,40.67,-4.88,-249.19
125,-15,-185,38.58,-4.63,-238.14
125,-15,185,38.58,-4.63,238.14
125,-15,195,40.67,-4.88,249.19
125,-15,205,43.05,-5.17,260.27
125,-15,215,45.78,-5.49,271.35
125,-15,225,48.95,-5.87,282.42
125,-15,235,52.68,-6.32,293.43
125,-5,-235,50.95,-2.04,-293.29
125,-5,-225,47.2,-1.89,-282.25
125,-5,-215,44.03,-1.76,-271.16
125,-5,-205,41.28,-1.65,-260.04
125,-5,-195,38.88,-1.56,-248.94
125,-5,-185,36.77,-1.47,-237.85
125,-5,185,36.77,-1.47,237.85
125,-5,195,38.88,-1.56,248.94
125,-5,205,41.28,-1.65,260.04
125,-5,215,44.03,-1.76,271.16
125,-5,225,47.2,-1.89,282.25
125,-5,235,50.95,-2.04,293.29
125,5,-235,50.95,2.04,-293.29
125,5,-225,47.2,1.89,-282.25
125,5,-215,44.03,1.76,-271.16
125,5,-205,41.28,1.65,-260.04
125,5,-195,38.88,1.56,-248.94
125,5,-185,36.77,1.47,-237.85
125,5,185,36.77,1.47,237.85
125,5,195,38.88,1.56,248.94
125,5,205,41.28,1.65,260.04
125,5,215,44.03,1.76,271.16
125,5,225,47.2,1.89,282.25
125,5,235,50.95,2.04,293.29
125,15,-235,52.68,6.32,-293.43
125,15,-225,48.95,5.87,-282.42
125,15,-215,45.78,5.49,-271.35
125,15,-205,43.05,5.17,-260.27
125,15,-195,40.67,4.88,-249.19
125,15,-185,38.58,4.63,-238.14
125,15,185,38.58,4.63,238.14
125,15,195,40.67,4.88,249.19
125,15,205,43.05,5.17,260.27
125,15,215,45.78,5.49,271.35
125,15,225,48.95,5.87,282.42
125,15,235,52.68,6.32,293.43
125,25,-235,55.96,11.19,-293.67
125,25,-225,52.25,10.45,-282.73
125,25,-215,49.12,9.82,-271.73
125,25,-205,46.42,9.28,-260.7
125,25,-195,44.07,8.81,-249.68
125,25,-185,42.01,8.4,-238.68
125,25,185,42.01,8.4,238.68
125,25,195,44.07,8.81,249.68
125,25,205,46.42,9.28,260.7
125,25,215,49.12,9.82,271.73
125,25,225,52.25,10.45,282.73
125,25,235,55.96,11.19,293.67
125,35,-235,60.51,16.94,-293.98
125,35,-225,56.82,15.91,-283.14
125,35,-215,53.73,15.04,-272.23
125,35,-205,51.07,14.3,-261.28
125,35,-195,48.77,13.66,-250.34
125,35,-185,46.77,13.09,-239.42
125,35,185,46.77,13.09,239.42
125,35,195,48.77,13.66,250.34
125,35,205,51.07,14.3,261.28
125,35,215,53.73,15.04,272.23
125,35,225,56.82,15.91,283.14
125,35,235,60.51,16.94,293.98
125,45,-235,65.96,23.75,-294.33
125,45,-225,62.31,22.43,-283.61
125,45,-215,59.26,21.33,-272.81
125,45,-205,56.66,20.4,-261.97
125,45,-195,54.41,19.59,-251.12
125,45,-185,52.47,18.89,-240.3
125,45,185,52.47,18.89,240.3
125,45,195,54.41,19.59,251.12
125,45,205,56.66,20.4,261.97
125,45,215,59.26,21.33,272.81
125,45,225,62.31,22.43,283.61
125,45,235,65.96,23.75,294.33
125,55,-235,72.0,31.68,-294.65
125,55,-225,68.37,30.08,-284.08
125,55,-215,65.37,28.76,-273.41
125,55,-205,62.82,27.64,-262.68
125,55,-195,60.64,26.68,-251.95
125,55,-185,58.77,25.86,-241.23
125,55,185,58.77,25.86,241.23
125,55,195,60.64,26.68,251.95
125,55,205,62.82,27.64,262.68
125,55,215,65.37,28.76,273.41
125,55,225,68.37,30.08,284.08
125,55,235,72.0,31.68,294.65
125,65,-235,78.35,40.74,-294.89
125,65,-225,74.73,38.86,-284.5
125,65,-215,71.76,37.32,-273.98
125,65,-205,69.28,36.02,-263.38
125,65,-195,67.16,34.93,-252.77
125,65,-185,65.36,33.99,-242.16
125,65,-175,63.84,33.2,-231.58
125,65,175,63.84,33.2,231.58
125,65,185,65.36,33.99,242.16
125,65,195,67.16,34.93,252.77
125,65,205,69.28,36.02,263.38
125,65,215,71.76,37.32,273.98
125,65,225,74.73,38.86,284.5
125,65,235,78.35,40.74,294.89
125,75,-225,81.16,48.7,-284.82
125,75,-215,78.23,46.94,-274.46
125,75,-205,75.79,45.48,-264.01
125,75,-195,73.74,44.25,-253.52
125,75,-185,72.01,43.21,-243.02
125,75,-175,70.56,42.34,-232.55
125,75,175,70.56,42.34,232.55
125,75,185,72.01,43.21,243.02
125,75,195,73.74,44.25,253.52
125,75,205,75.79,45.48,264.01
125,75,215,78.23,46.94,274.46
125,75,225,81.16,48.7,284.82
125,85,-225,127.57,86.75,-261.96
125,85,-215,84.6,57.53,-274.82
125,85,-205,82.21,55.9,-264.52
125,85,-195,80.21,54.54,-254.16
125,85,-185,78.54,53.41,-243.78
125,85,-175,77.16,52.47,-233.42
125,85,-165,76.04,51.71,-223.08
125,85,165,76.04,51.71,223.08
125,85,175,77.16,52.47,233.42
125,85,185,78.54,53.41,243.78
125,85,195,80.21,54.54,254.16
125,85,205,82.21,55.9,264.52
125,85,215,84.6,57.53,274.82
125,85,225,127.57,86.75,261.96
125,95,-225,129.13,98.14,-262.2
125,95,-215,131.87,100.22,-247.36
125,95,-205,88.41,67.19,-264.86
125,95,-195,86.46,65.71,-254.65
125,95,-185,84.85,64.48,-244.39
125,95,-175,83.52,63.48,-234.13
125,95,-165,82.47,62.67,-223.88
125,95,165,82.47,62.67,223.88
125,95,175,83.52,63.48,234.13
125,95,185,84.85,64.48,244.39
125,95,195,86.46,65.71,254.65
125,95,205,88.41,67.19,264.86
125,95,215,131.87,100.22,247.36
125,95,225,129.13,98.14,262.2
125,105,-215,133.11,111.81,-247.64
125,105,-205,135.27,113.63,-232.8
125,105,-195,136.96,115.05,-218.1
125,105,-185,90.85,76.31,-244.8
125,105,-175,89.58,75.24,-234.65
125,105,-165,88.57,74.4,-224.49
125,105,-155,87.81,73.76,-214.35
125,105,155,87.81,73.76,214.35
125,105,165,88.57,74.4,224.49
125,105,175,89.58,75.24,234.65
125,105,185,90.85,76.31,244.8
125,105,195,136.96,115.05,218.1
125,105,205,135.27,113.63,232.8
125,105,215,133.11,111.81,247.64
125,115,-215,133.99,123.27,-248.22
125,115,-205,136.2,125.31,-233.17
125,115,-195,137.9,126.87,-218.32
125,115,-185,139.2,128.07,-203.58
125,115,-175,140.17,128.96,-188.9
125,115,-165,140.84,129.58,-174.25
125,115,-155,141.24,129.94,-159.63
125,115,-145,141.37,130.06,-145.01
125,115,145,141.37,130.06,145.01
125,115,155,141.24,129.94,159.63
125,115,165,140.84,129.58,174.25
125,115,175,140.17,128.96,188.9
125,115,185,139.2,128.07,203.58
125,115,195,137.9,126.87,218.32
125,115,205,136.2,125.31,233.17
125,115,215,133.99,123.27,248.22
125,125,-205,136.82,136.82,-233.85
125,125,-195,138.56,138.56,-218.82
125,125,-185,139.88,139.88,-203.95
125,125,-175,140.85,140.85,-189.19
125,125,-165,141.52,141.52,-174.48
125,125,-155,141.91,141.91,-159.82
125,125,-145,142.05,142.05,-145.19
125,125,-135,141.94,141.94,-130.59
125,125,135,141.94,141.94,130.59
125,125,145,142.05,142.05,145.19
125,125,155,141.91,141.91,159.82
125,125,165,141.52,141.52,174.48
125,125,175,140.85,140.85,189.19
125,125,185,139.88,139.88,203.95
125,125,195,138.56,138.56,218.82
125,125,205,136.82,136.82,233.85
125,135,-195,138.96,150.08,-219.66
125,135,-185,140.32,151.54,-204.63
125,135,-175,141.31,152.62,-189.76
125,135,-165,141.99,153.35,-174.98
125,135,-155,142.4,153.8,-160.28
125,135,-145,142.56,153.96,-145.63
125,135,-135,142.47,153.87,-131.03
125,135,-125,142.15,153.52,-116.48
125,135,125,142.15,153.52,116.48
125,135,135,142.47,153.87,131.03
125,135,145,142.56,153.96,145.63
125,135,155,142.4,153.8,160.28
125,135,165,141.99,153.35,174.98
125,135,175,141.31,152.62,189.76
125,135,185,140.32,151.54,204.63
125,135,195,138.96,150.08,219.66
125,145,-195,139.09,161.35,-220.89
125,145,-185,140.53,163.02,-205.66
125,145,-175,141.57,164.23,-190.65
125,145,-165,142.29,165.06,-175.78
125,145,-155,142.73,165.57,-161.02
125,145,-145,142.92,165.79,-146.35
125,145,-135,142.87,165.73,-131.75
125,145,-125,142.6,165.41,-117.22
125,145,-115,142.11,164.84,-102.77
125,145,115,142.11,164.84,102.77
125,145,125,142.6,165.41,117.22
125,145,135,142.87,165.73,131.75
125,145,145,142.92,165.79,146.35
125,145,155,142.73,165.57,161.02
125,145,165,142.29,165.06,175.78
125,145,175,141.57,164.23,190.65
125,145,185,140.53,163.02,205.66
125,145,195,139.09,161.35,220.89
125,155,-185,140.53,174.25,-207.11
125,155,-175,141.65,175.65,-191.91
125,155,-165,142.43,176.61,-176.92
125,155,-155,142.91,177.21,-162.08
125,155,-145,143.15,177.5,-147.36
125,155,-135,143.15,177.51,-132.74
125,155,-125,142.94,177.24,-118.22
125,155,-115,142.51,176.72,-103.8
125,155,-105,141.89,175.95,-89.48
125,155,105,141.89,175.95,89.48
125,155,115,142.51,176.72,103.8
125,155,125,142.94,177.24,118.22
125,155,135,143.15,177.51,132.74
125,155,145,143.15,177.5,147.36
125,155,155,142.91,177.21,162.08
125,155,165,142.43,176.61,176.92
125,155,175,141.65,175.65,191.91
125,155,185,140.53,174.25,207.11
125,165,-175,141.53,186.82,-193.62
125,165,-165,142.4,187.97,-178.45
125,165,-155,142.96,188.7,-163.49
125,165,-145,143.25,189.09,-148.71
125,165,-135,143.32,189.18,-134.05
125,165,-125,143.17,188.98,-119.52
125,165,-115,142.82,188.53,-105.11
125,165,-105,142.29,187.83,-90.82
125,165,-95,141.59,186.89,-76.66
125,165,-85,140.71,185.74,-62.64
125,165,85,140.71,185.74,62.64
125,165,95,141.59,186.89,76.66
125,165,105,142.29,187.83,90.82
125,165,115,142.82,188.53,105.11
125,165,125,143.17,188.98,119.52
125,165,135,143.32,189.18,134.05
125,165,145,143.25,189.09,148.71
125,165,155,142.96,188.7,163.49
125,165,165,142.4,187.97,178.45
125,165,175,141.53,186.82,193.62
125,175,-165,142.2,199.09,-180.46
125,175,-155,142.86,200.0,-165.33
125,175,-145,143.24,200.53,-150.43
125,175,-135,143.38,200.73,-135.71
125,175,-125,143.31,200.63,-121.15
125,175,-115,143.05,200.27,-106.73
125,175,-105,142.61,199.65,-92.44
125,175,-95,142.0,198.81,-78.31
125,175,-85,141.25,197.74,-64.33
125,175,-75,140.34,196.48,-50.51
125,175,-65,122.5,171.49,-119.96
125,175,65,122.5,171.49,119.96
125,175,75,140.34,196.48,50.51
125,175,85,141.25,197.74,64.33
125,175,95,142.0,198.81,78.31
125,175,105,142.61,199.65,92.44
125,175,115,143.05,200.27,106.73
125,175,125,143.31,200.63,121.15
125,175,135,143.38,200.73,135.71
125,175,145,143.24,200.53,150.43
125,175,155,142.86,200.0,165.33
125,175,165,142.2,199.09,180.46
125,185,-155,124.27,183.92,-209.13
125,185,-145,143.1,211.79,-152.61
125,185,-135,143.34,212.14,-137.77
125,185,-125,143.36,212.17,-123.14
125,185,-115,143.19,211.91,-108.68
125,185,-105,142.84,211.41,-94.39
125,185,-95,142.34,210.67,-80.26
125,185,-85,123.96,183.45,-139.4
125,185,-75,124.57,184.36,-128.88
125,185,-65,125.31,185.45,-118.21
125,185,-55,126.16,186.72,-107.38
125,185,-45,127.13,188.15,-96.38
125,185,-35,128.19,189.72,-85.19
125,185,-25,129.33,191.4,-73.8
125,185,-15,130.52,193.18,-62.19
125,185,-5,131.77,195.01,-50.36
125,185,5,131.77,195.01,50.36
125,185,15,130.52,193.18,62.19
125,185,25,129.33,191.4,73.8
125,185,35,128.19,189.72,85.19
125,185,45,127.13,188.15,96.38
125,185,55,126.16,186.72,107.38
125,185,65,125.31,185.45,118.21
125,185,75,124.57,184.36,128.88
125,185,85,123.96,183.45,139.4
125,185,95,142.34,210.67,80.26
125,185,105,142.84,211.41,94.39
125,185,115,143.19,211.91,108.68
125,185,125,143.36,212.17,123.14
125,185,135,143.34,212.14,137.77
125,185,145,143.1,211.79,152.61
125,185,155,124.27,183.92,209.13
125,195,-145,142.82,222.8,-155.36
125,195,-135,143.18,223.36,-140.33
125,195,-125,143.31,223.56,-125.57
125,195,-115,143.24,223.45,-111.04
125,195,-105,143.0,223.07,-96.7
125,195,-95,126.33,197.08,-147.78
125,195,-85,126.71,197.67,-137.39
125,195,-75,127.23,198.47,-126.84
125,195,-65,127.86,199.46,-116.14
125,195,-55,128.6,200.62,-105.28
125,195,-45,129.44,201.92,-94.23
125,195,-35,130.36,203.36,-83.0
125,195,-25,131.35,204.9,-71.56
125,195,-15,132.39,206.53,-59.92
125,195,-5,133.48,208.22,-48.06
125,195,5,133.48,208.22,48.06
125,195,15,132.39,206.53,59.92
125,195,25,131.35,204.9,71.56
125,195,35,130.36,203.36,83.0
125,195,45,129.44,201.92,94.23
125,195,55,128.6,200.62,105.28
125,195,65,127.86,199.46,116.14
125,195,75,127.23,198.47,126.84
125,195,85,126.71,197.67,137.39
125,195,95,126.33,197.08,147.78
125,195,105,143.0,223.07,96.7
125,195,115,143.24,223.45,111.04
125,195,125,143.31,223.56,125.57
125,195,135,143.18,223.36,140.33
125,195,145,142.82,222.8,155.36
125,205,-125,143.14,234.75,-128.57
125,205,-115,143.19,234.83,-113.89
125,205,-105,143.06,234.62,-99.45
125,205,-95,142.78,234.16,-85.24
125,205,-85,142.36,233.48,-71.23
125,205,-75,129.66,212.64,-124.44
125,205,-65,130.19,213.51,-113.73
125,205,-55,130.81,214.54,-102.84
125,205,-45,131.53,215.71,-91.77
125,205,-35,132.32,217.01,-80.5
125,205,-25,133.18,218.41,-69.04
125,205,-15,134.08,219.89,-57.36
125,205,-5,135.02,221.43,-45.48
125,205,5,135.02,221.43,45.48
125,205,15,134.08,219.89,57.36
125,205,25,133.18,218.41,69.04
125,205,35,132.32,217.01,80.5
125,205,45,131.53,215.71,91.77
125,205,55,130.81,214.54,102.84
125,205,65,130.19,213.51,113.73
125,205,75,129.66,212.64,124.44
125,205,85,142.36,233.48,71.23
125,205,95,142.78,234.16,85.24
125,205,105,143.06,234.62,99.45
125,205,115,143.19,234.83,113.89
125,205,125,143.14,234.75,128.57
125,215,-115,143.03,246.01,-117.4
125,215,-105,143.03,246.01,-102.78
125,215,-95,142.87,245.74,-88.44
125,215,-85,142.57,245.22,-74.35
125,215,-75,142.16,244.51,-60.49
125,215,-65,141.64,243.62,-46.85
125,215,-55,141.03,242.58,-33.42
125,215,-45,140.36,241.42,-20.21
125,215,-35,134.11,230.67,-77.64
125,215,-25,134.84,231.92,-66.16
125,215,-15,135.61,233.25,-54.47
125,215,-5,136.41,234.62,-42.57
125,215,5,136.41,234.62,42.57
125,215,15,135.61,233.25,54.47
125,215,25,134.84,231.92,66.16
125,215,35,134.11,230.67,77.64
125,215,45,140.36,241.42,20.21
125,215,55,141.03,242.58,33.42
125,215,65,141.64,243.62,46.85
125,215,75,142.16,244.51,60.49
125,215,85,142.57,245.22,74.35
125,215,95,142.87,245.74,88.44
125,215,105,143.03,246.01,102.78
125,215,115,143.03,246.01,117.4
125,225,-95,142.85,257.13,-92.37
125,225,-85,142.68,256.83,-78.11
125,225,-75,142.39,256.31,-64.13
125,225,-65,142.0,255.6,-50.4
125,225,-55,141.52,254.74,-36.92
125,225,-45,140.97,253.75,-23.66
125,225,-35,140.37,252.66,-10.63
125,225,-25,139.72,251.49,2.17
125,225,-15,139.04,250.28,14.74
125,225,-5,138.36,249.04,27.1
125,225,5,138.36,249.04,-27.1
125,225,15,139.04,250.28,-14.74
125,225,25,139.72,251.49,-2.17
125,225,35,140.37,252.66,10.63
125,225,45,140.97,253.75,23.66
125,225,55,141.52,254.74,36.92
125,225,65,142.0,255.6,50.4
125,225,75,142.39,256.31,64.13
125,225,85,142.68,256.83,78.11
125,225,95,142.85,257.13,92.37
125,235,-65,142.26,267.45,-54.7
125,235,-55,141.91,266.79,-41.09
125,235,-45,141.49,266.0,-27.74
125,235,-35,141.01,265.1,-14.65
125,235,-25,140.49,264.12,-1.8
125,235,-15,139.94,263.08,10.81
125,235,-5,139.38,262.03,23.19
125,235,5,139.38,262.03,-23.19
125,235,15,139.94,263.08,-10.81
125,235,25,140.49,264.12,1.8
125,235,35,141.01,265.1,14.65
125,235,45,141.49,266.0,27.74
125,235,55,141.91,266.79,41.09
125,235,65,142.26,267.45,54.7
135,-235,-45,151.7,-264.07,-29.11
135,-235,-35,151.22,-263.24,-15.99
135,-235,-25,150.71,-262.34,-3.12
135,-235,-15,150.16,-261.38,9.51
135,-235,-5,149.59,-260.4,21.89
135,-235,5,149.59,-260.4,-21.89
135,-235,15,150.16,-261.38,-9.51
135,-235,25,150.71,-262.34,3.12
135,-235,35,151.22,-263.24,15.99
135,-235,45,151.7,-264.07,29.11
135,-225,-75,152.5,-254.16,-65.4
135,-225,-65,152.12,-253.53,-51.63
135,-225,-55,151.65,-252.74,-38.12
135,-225,-45,151.1,-251.83,-24.84
135,-225,-35,150.49,-250.82,-11.8
135,-225,-25,149.84,-249.74,1.01
135,-225,-15,149.16,-248.6,13.6
135,-225,-5,148.47,-247.44,25.96
135,-225,5,148.47,-247.44,-25.96
135,-225,15,149.16,-248.6,-13.6
135,-225,25,149.84,-249.74,-1.01
135,-225,35,150.49,-250.82,11.8
135,-225,45,151.1,-251.83,24.84
135,-225,55,151.65,-252.74,38.12
135,-225,65,152.12,-253.53,51.63
135,-225,75,152.5,-254.16,65.4
135,-215,-105,152.99,-243.65,-104.02
135,-215,-95,152.86,-243.45,-89.62
135,-215,-85,152.59,-243.01,-75.49
135,-215,-75,152.19,-242.37,-61.59
135,-215,-65,151.67,-241.56,-47.93
135,-215,-55,151.07,-240.59,-34.49
135,-215,-45,150.39,-239.51,-21.27
135,-215,-35,149.65,-238.33,-8.27
135,-215,-25,148.87,-237.08,4.51
135,-215,-15,145.58,-231.85,-53.45
135,-215,-5,146.39,-233.15,-41.54
135,-215,5,146.39,-233.15,41.54
135,-215,15,145.58,-231.85,53.45
135,-215,25,148.87,-237.08,-4.51
135,-215,35,149.65,-238.33,8.27
135,-215,45,150.39,-239.51,21.27
135,-215,55,151.07,-240.59,34.49
135,-215,65,151.67,-241.56,47.93
135,-215,75,152.19,-242.37,61.59
135,-215,85,152.59,-243.01,75.49
135,-215,95,152.86,-243.45,89.62
135,-215,105,152.99,-243.65,104.02
135,-205,-115,153.06,-232.42,-114.99
135,-205,-105,152.96,-232.28,-100.5
135,-205,-95,152.7,-231.88,-86.26
135,-205,-85,152.3,-231.27,-72.23
135,-205,-75,151.77,-230.46,-58.41
135,-205,-65,139.99,-212.58,-112.82
135,-205,-55,140.62,-213.53,-101.93
135,-205,-45,141.34,-214.63,-90.85
135,-205,-35,142.15,-215.85,-79.58
135,-205,-25,143.01,-217.17,-68.1
135,-205,-15,143.93,-218.56,-56.42
135,-205,-5,144.88,-220.0,-44.53
135,-205,5,144.88,-220.0,44.53
135,-205,15,143.93,-218.56,56.42
135,-205,25,143.01,-217.17,68.1
135,-205,35,142.15,-215.85,79.58
135,-205,45,141.34,-214.63,90.85
135,-205,55,140.62,-213.53,101.93
135,-205,65,139.99,-212.58,112.82
135,-205,75,151.77,-230.46,58.41
135,-205,85,152.3,-231.27,72.23
135,-205,95,152.7,-231.88,86.26
135,-205,105,152.96,-232.28,100.5
135,-205,115,153.06,-232.42,114.99
135,-195,-135,152.88,-220.83,-141.39
135,-195,-125,153.06,-221.09,-126.57
135,-195,-115,153.03,-221.05,-111.99
135,-195,-105,152.82,-220.73,-97.62
135,-195,-95,152.44,-220.19,-83.45
135,-195,-85,136.37,-196.98,-136.58
135,-195,-75,136.88,-197.72,-126.04
135,-195,-65,137.52,-198.64,-115.33
135,-195,-55,138.26,-199.72,-104.45
135,-195,-45,139.11,-200.94,-93.39
135,-195,-35,140.05,-202.29,-82.15
135,-195,-25,141.05,-203.74,-70.7
135,-195,-15,142.11,-205.28,-59.04
135,-195,-5,143.21,-206.86,-47.18
135,-195,5,143.21,-206.86,47.18
135,-195,15,142.11,-205.28,59.04
135,-195,25,141.05,-203.74,70.7
135,-195,35,140.05,-202.29,82.15
135,-195,45,139.11,-200.94,93.39
135,-195,55,138.26,-199.72,104.45
135,-195,65,137.52,-198.64,115.33
135,-195,75,136.88,-197.72,126.04
135,-195,85,136.37,-196.98,136.58
135,-195,95,152.44,-220.19,83.45
135,-195,105,152.82,-220.73,97.62
135,-195,115,153.03,-221.05,111.99
135,-195,125,153.06,-221.09,126.57
135,-195,135,152.88,-220.83,141.39
135,-185,-145,152.68,-209.23,-153.56
135,-185,-135,152.97,-209.63,-138.67
135,-185,-125,153.04,-209.72,-123.99
135,-185,-115,152.89,-209.52,-109.51
135,-185,-105,152.57,-209.07,-95.21
135,-185,-95,152.07,-208.4,-81.07
135,-185,-85,151.43,-207.52,-67.11
135,-185,-75,134.08,-183.74,-128.16
135,-185,-65,134.82,-184.76,-117.47
135,-185,-55,135.69,-185.95,-106.63
135,-185,-45,136.67,-187.29,-95.61
135,-185,-35,137.75,-188.76,-84.4
135,-185,-25,138.9,-190.34,-72.99
135,-185,-15,140.12,-192.01,-61.37
135,-185,-5,141.38,-193.74,-49.53
135,-185,5,141.38,-193.74,49.53
135,-185,15,140.12,-192.01,61.37
135,-185,25,138.9,-190.34,72.99
135,-185,35,137.75,-188.76,84.4
135,-185,45,136.67,-187.29,95.61
135,-185,55,135.69,-185.95,106.63
135,-185,65,134.82,-184.76,117.47
135,-185,75,134.08,-183.74,128.16
135,-185,85,151.43,-207.52,67.11
135,-185,95,152.07,-208.4,81.07
135,-185,105,152.57,-209.07,95.21
135,-185,115,152.89,-209.52,109.51
135,-185,125,153.04,-209.72,123.99
135,-185,135,152.97,-209.63,138.67
135,-185,145,152.68,-209.23,153.56
135,-175,-155,152.3,-197.42,-166.19
135,-175,-145,152.74,-198.0,-151.23
135,-175,-135,152.93,-198.24,-136.47
135,-175,-125,152.89,-198.19,-121.89
135,-175,-115,152.65,-197.88,-107.46
135,-175,-105,152.22,-197.33,-93.17
135,-175,-95,151.62,-196.55,-79.04
135,-175,-85,150.86,-195.56,-65.07
135,-175,-75,149.95,-194.38,-51.26
135,-175,-65,148.91,-193.03,-37.64
135,-175,-55,132.87,-172.25,-108.51
135,-175,-45,133.99,-173.69,-97.54
135,-175,45,133.99,-173.69,97.54
135,-175,55,132.87,-172.25,108.51
135,-175,65,148.91,-193.03,37.64
135,-175,75,149.95,-194.38,51.26
135,-175,85,150.86,-195.56,65.07
135,-175,95,151.62,-196.55,79.04
135,-175,105,152.22,-197.33,93.17
135,-175,115,152.65,-197.88,107.46
135,-175,125,152.89,-198.19,121.89
135,-175,135,152.93,-198.24,136.47
135,-175,145,152.74,-198.0,151.23
135,-175,155,152.3,-197.42,166.19
135,-165,-165,151.68,-185.39,-179.22
135,-165,-155,152.32,-186.16,-164.21
135,-165,-145,152.66,-186.59,-149.38
135,-165,-135,152.77,-186.71,-134.7
135,-165,-125,152.64,-186.56,-120.16
135,-165,-115,152.31,-186.16,-105.75
135,-165,-105,151.79,-185.52,-91.46
135,-165,-95,151.08,-184.65,-77.31
135,-165,-85,150.2,-183.57,-63.31
135,-165,-75,149.16,-182.3,-49.47
135,-165,75,149.16,-182.3,49.47
135,-165,85,150.2,-183.57,63.31
135,-165,95,151.08,-184.65,77.31
135,-165,105,151.79,-185.52,91.46
135,-165,115,152.31,-186.16,105.75
135,-165,125,152.64,-186.56,120.16
135,-165,135,152.77,-186.71,134.7
135,-165,145,152.66,-186.59,149.38
135,-165,155,152.32,-186.16,164.21
135,-165,165,151.68,-185.39,179.22
135,-155,-175,150.76,-173.1,-192.61
135,-155,-165,151.63,-174.09,-177.54
135,-155,-155,152.18,-174.72,-162.66
135,-155,-145,152.45,-175.04,-147.92
135,-155,-135,152.48,-175.07,-133.29
135,-155,-125,152.29,-174.85,-118.76
135,-155,-115,151.87,-174.37,-104.35
135,-155,-105,151.25,-173.66,-90.04
135,-155,-95,150.44,-172.73,-75.86
135,-155,95,150.44,-172.73,75.86
135,-155,105,151.25,-173.66,90.04
135,-155,115,151.87,-174.37,104.35
135,-155,125,152.29,-174.85,118.76
135,-155,135,152.48,-175.07,133.29
135,-155,145,152.45,-175.04,147.92
135,-155,155,152.18,-174.72,162.66
135,-155,165,151.63,-174.09,177.54
135,-155,175,150.76,-173.1,192.61
135,-145,-185,149.47,-160.54,-206.29
135,-145,-175,150.61,-161.76,-191.19
135,-145,-165,151.4,-162.61,-176.27
135,-145,-155,151.89,-163.14,-161.48
135,-145,-145,152.11,-163.37,-146.79
135,-145,-135,152.08,-163.35,-132.18
135,-145,-125,151.82,-163.06,-117.66
135,-145,-115,151.33,-162.54,-103.22
135,-145,115,151.33,-162.54,103.22
135,-145,125,151.82,-163.06,117.66
135,-145,135,152.08,-163.35,132.18
135,-145,145,152.11,-163.37,146.79
135,-145,155,151.89,-163.14,161.48
135,-145,165,151.4,-162.61,176.27
135,-145,175,150.61,-161.76,191.19
135,-145,185,149.47,-160.54,206.29
135,-135,-195,147.69,-147.69,-220.23
135,-135,-185,149.17,-149.17,-205.11
135,-135,-175,150.25,-150.25,-190.17
135,-135,-165,150.99,-150.99,-175.35
135,-135,-155,151.44,-151.44,-160.62
135,-135,-145,151.62,-151.62,-145.96
135,-135,-135,151.55,-151.55,-131.36
135,-135,-125,151.23,-151.23,-116.82
135,-135,125,151.23,-151.23,116.82
135,-135,135,151.55,-151.55,131.36
135,-135,145,151.62,-151.62,145.96
135,-135,155,151.44,-151.44,160.62
135,-135,165,150.99,-150.99,175.35
135,-135,175,150.25,-150.25,190.17
135,-135,185,149.17,-149.17,205.11
135,-135,195,147.69,-147.69,220.23
135,-125,-195,147.24,-136.33,-219.23
135,-125,-185,148.65,-137.64,-204.28
135,-125,-175,149.69,-138.6,-189.46
135,-125,-165,150.41,-139.27,-174.72
135,-125,-155,150.83,-139.66,-160.04
135,-125,-145,150.99,-139.8,-145.4
135,-125,-135,150.88,-139.7,-130.8
135,-125,135,150.88,-139.7,130.8
135,-125,145,150.99,-139.8,145.4
135,-125,155,150.83,-139.66,160.04
135,-125,165,150.41,-139.27,174.72
135,-125,175,149.69,-138.6,189.46
135,-125,185,148.65,-137.64,204.28
135,-125,195,147.24,-136.33,219.23
135,-115,-205,144.69,-123.26,-233.53
135,-115,-195,146.51,-124.81,-218.58
135,-115,-185,147.9,-125.99,-203.77
135,-115,-175,148.92,-126.86,-189.04
135,-115,-165,149.63,-127.46,-174.36
135,-115,-155,150.05,-127.82,-159.71
135,-115,-145,150.19,-127.94,-145.08
135,-115,145,150.19,-127.94,145.08
135,-115,155,150.05,-127.82,159.71
135,-115,165,149.63,-127.46,174.36
135,-115,175,148.92,-126.86,189.04
135,-115,185,147.9,-125.99,203.77
135,-115,195,146.51,-124.81,218.58
135,-115,205,144.69,-123.26,233.53
135,-105,-215,141.42,-109.99,-247.98
135,-105,-205,143.74,-111.8,-233.01
135,-105,-195,145.53,-113.19,-218.21
135,-105,-185,146.91,-114.26,-203.51
135,-105,-175,147.93,-115.06,-188.86
135,-105,-165,148.65,-115.62,-174.23
135,-105,-155,96.88,-75.35,-214.67
135,-105,155,96.88,-75.35,214.67
135,-105,165,148.65,-115.62,174.23
135,-105,175,147.93,-115.06,188.86
135,-105,185,146.91,-114.26,203.51
135,-105,195,145.53,-113.19,218.21
135,-105,205,143.74,-111.8,233.01
135,-105,215,141.42,-109.99,247.98
135,-95,-215,140.22,-98.67,-247.53
135,-95,-205,142.49,-100.27,-232.75
135,-95,-195,144.28,-101.53,-218.08
135,-95,-185,94.13,-66.24,-244.71
135,-95,-175,92.77,-65.28,-234.52
135,-95,-165,91.7,-64.53,-224.33
135,-95,-155,90.88,-63.95,-214.18
135,-95,155,90.88,-63.95,214.18
135,-95,165,91.7,-64.53,224.33
135,-95,175,92.77,-65.28,234.52
135,-95,185,94.13,-66.24,244.71
135,-95,195,144.28,-101.53,218.08
135,-95,205,142.49,-100.27,232.75
135,-95,215,140.22,-98.67,247.53
135,-85,-215,138.7,-87.33,-247.33
135,-85,-205,91.83,-57.82,-264.8
135,-85,-195,89.77,-56.52,-254.56
135,-85,-185,88.06,-55.44,-244.27
135,-85,-175,86.65,-54.56,-233.99
135,-85,-165,85.52,-53.85,-223.73
135,-85,165,85.52,-53.85,223.73
135,-85,175,86.65,-54.56,233.99
135,-85,185,88.06,-55.44,244.27
135,-85,195,89.77,-56.52,254.56
135,-85,205,91.83,-57.82,264.8
135,-85,215,138.7,-87.33,247.33
135,-75,-225,134.05,-74.47,-261.94
135,-75,-215,88.25,-49.03,-274.78
135,-75,-205,85.73,-47.63,-264.46
135,-75,-195,83.62,-46.46,-254.09
135,-75,-185,81.86,-45.48,-243.7
135,-75,-175,80.4,-44.67,-233.32
135,-75,-165,79.21,-44.01,-222.98
135,-75,165,79.21,-44.01,222.98
135,-75,175,80.4,-44.67,233.32
135,-75,185,81.86,-45.48,243.7
135,-75,195,83.62,-46.46,254.09
135,-75,205,85.73,-47.63,264.46
135,-75,215,88.25,-49.03,274.78
135,-75,225,134.05,-74.47,261.94
135,-65,-225,85.28,-41.06,-284.82
135,-65,-215,82.2,-39.58,-274.46
135,-65,-205,79.64,-38.34,-264.01
135,-65,-195,77.48,-37.31,-253.52
135,-65,-185,75.66,-36.43,-243.02
135,-65,-175,74.14,-35.7,-232.55
135,-65,175,74.14,-35.7,232.55
135,-65,185,75.66,-36.43,243.02
135,-65,195,77.48,-37.31,253.52
135,-65,205,79.64,-38.34,264.01
135,-65,215,82.2,-39.58,274.46
135,-65,225,85.28,-41.06,284.82
135,-55,-225,79.42,-32.36,-284.56
135,-55,-215,76.32,-31.09,-274.06
135,-55,-205,73.72,-30.03,-263.48
135,-55,-195,71.51,-29.13,-252.89
135,-55,-185,69.63,-28.37,-242.29
135,-55,-175,68.04,-27.72,-231.73
135,-55,175,68.04,-27.72,231.73
135,-55,185,69.63,-28.37,242.29
135,-55,195,71.51,-29.13,252.89
135,-55,205,73.72,-30.03,263.48
135,-55,215,76.32,-31.09,274.06
135,-55,225,79.42,-32.36,284.56
135,-45,-235,77.74,-25.91,-294.75
135,-45,-225,73.94,-24.65,-284.24
135,-45,-215,70.81,-23.6,-273.61
135,-45,-205,68.17,-22.72,-262.93
135,-45,-195,65.91,-21.97,-252.24
135,-45,-185,63.98,-21.33,-241.56
135,-45,-175,62.33,-20.78,-230.91
135,-45,175,62.33,-20.78,230.91
135,-45,185,63.98,-21.33,241.56
135,-45,195,65.91,-21.97,252.24
135,-45,205,68.17,-22.72,262.93
135,-45,215,70.81,-23.6,273.61
135,-45,225,73.94,-24.65,284.24
135,-45,235,77.74,-25.91,294.75
135,-35,-235,72.89,-18.9,-294.53
135,-35,-225,69.09,-17.91,-283.91
135,-35,-215,65.93,-17.09,-273.18
135,-35,-205,63.24,-16.4,-262.41
135,-35,-195,60.94,-15.8,-251.63
135,-35,-185,58.95,-15.28,-240.87
135,-35,185,58.95,-15.28,240.87
135,-35,195,60.94,-15.8,251.63
135,-35,205,63.24,-16.4,262.41
135,-35,215,65.93,-17.09,273.18
135,-35,225,69.09,-17.91,283.91
135,-35,235,72.89,-18.9,294.53
135,-25,-235,68.93,-12.77,-294.33
135,-25,-225,65.12,-12.06,-283.61
135,-25,-215,61.93,-11.47,-272.81
135,-25,-205,59.21,-10.96,-261.97
135,-25,-195,56.86,-10.53,-251.12
135,-25,-185,54.83,-10.15,-240.3
135,-25,185,54.83,-10.15,240.3
135,-25,195,56.86,-10.53,251.12
135,-25,205,59.21,-10.96,261.97
135,-25,215,61.93,-11.47,272.81
135,-25,225,65.12,-12.06,283.61
135,-25,235,68.93,-12.77,294.33
135,-15,-235,66.12,-7.35,-294.17
135,-15,-225,62.29,-6.92,-283.39
135,-15,-215,59.08,-6.56,-272.53
135,-15,-205,56.34,-6.26,-261.64
135,-15,-195,53.96,-6.0,-250.75
135,-15,-185,51.9,-5.77,-239.88
135,-15,185,51.9,-5.77,239.88
135,-15,195,53.96,-6.0,250.75
135,-15,205,56.34,-6.26,261.64
135,-15,215,59.08,-6.56,272.53
135,-15,225,62.29,-6.92,283.39
135,-15,235,66.12,-7.35,294.17
135,-5,-235,64.65,-2.39,-294.08
135,-5,-225,60.81,-2.25,-283.27
135,-5,-215,57.6,-2.13,-272.38
135,-5,-205,54.84,-2.03,-261.46
135,-5,-195,52.45,-1.94,-250.55
135,-5,-185,50.37,-1.87,-239.65
135,-5,185,50.37,-1.87,239.65
135,-5,195,52.45,-1.94,250.55
135,-5,205,54.84,-2.03,261.46
135,-5,215,57.6,-2.13,272.38
135,-5,225,60.81,-2.25,283.27
135,-5,235,64.65,-2.39,294.08
135,5,-235,64.65,2.39,-294.08
135,5,-225,60.81,2.25,-283.27
135,5,-215,57.6,2.13,-272.38
135,5,-205,54.84,2.03,-261.46
135,5,-195,52.45,1.94,-250.55
135,5,-185,50.37,1.87,-239.65
135,5,185,50.37,1.87,239.65
135,5,195,52.45,1.94,250.55
135,5,205,54.84,2.03,261.46
135,5,215,57.6,2.13,272.38
135,5,225,60.81,2.25,283.27
135,5,235,64.65,2.39,294.08
135,15,-235,66.12,7.35,-294.17
135,15,-225,62.29,6.92,-283.39
135,15,-215,59.08,6.56,-272.53
135,15,-205,56.34,6.26,-261.64
135,15,-195,53.96,6.0,-250.75
135,15,-185,51.9,5.77,-239.88
135,15,185,51.9,5.77,239.88
135,15,195,53.96,6.0,250.75
135,15,205,56.34,6.26,261.64
135,15,215,59.08,6.56,272.53
135,15,225,62.29,6.92,283.39
135,15,235,66.12,7.35,294.17
135,25,-235,68.93,12.77,-294.33
135,25,-225,65.12,12.06,-283.61
135,25,-215,61.93,11.47,-272.81
135,25,-205,59.21,10.96,-261.97
135,25,-195,56.86,10.53,-251.12
135,25,-185,54.83,10.15,-240.3
135,25,185,54.83,10.15,240.3
135,25,195,56.86,10.53,251.12
135,25,205,59.21,10.96,261.97
135,25,215,61.93,11.47,272.81
135,25,225,65.12,12.06,283.61
135,25,235,68.93,12.77,294.33
135,35,-235,72.89,18.9,-294.53
135,35,-225,69.09,17.91,-283.91
135,35,-215,65.93,17.09,-273.18
135,35,-205,63.24,16.4,-262.41
135,35,-195,60.94,15.8,-251.63
135,35,-185,58.95,15.28,-240.87
135,35,185,58.95,15.28,240.87
135,35,195,60.94,15.8,251.63
135,35,205,63.24,16.4,262.41
135,35,215,65.93,17.09,273.18
135,35,225,69.09,17.91,283.91
135,35,235,72.89,18.9,294.53
135,45,-235,77.74,25.91,-294.75
135,45,-225,73.94,24.65,-284.24
135,45,-215,70.81,23.6,-273.61
135,45,-205,68.17,22.72,-262.93
135,45,-195,65.91,21.97,-252.24
135,45,-185,63.98,21.33,-241.56
135,45,-175,62.33,20.78,-230.91
135,45,175,62.33,20.78,230.91
135,45,185,63.98,21.33,241.56
135,45,195,65.91,21.97,252.24
135,45,205,68.17,22.72,262.93
135,45,215,70.81,23.6,273.61
135,45,225,73.94,24.65,284.24
135,45,235,77.74,25.91,294.75
135,55,-225,79.42,32.36,-284.56
135,55,-215,76.32,31.09,-274.06
135,55,-205,73.72,30.03,-263.48
135,55,-195,71.51,29.13,-252.89
135,55,-185,69.63,28.37,-242.29
135,55,-175,68.04,27.72,-231.73
135,55,175,68.04,27.72,231.73
135,55,185,69.63,28.37,242.29
135,55,195,71.51,29.13,252.89
135,55,205,73.72,30.03,263.48
135,55,215,76.32,31.09,274.06
135,55,225,79.42,32.36,284.56
135,65,-225,85.28,41.06,-284.82
135,65,-215,82.2,39.58,-274.46
135,65,-205,79.64,38.34,-264.01
135,65,-195,77.48,37.31,-253.52
135,65,-185,75.66,36.43,-243.02
135,65,-175,74.14,35.7,-232.55
135,65,175,74.14,35.7,232.55
135,65,185,75.66,36.43,243.02
135,65,195,77.48,37.31,253.52
135,65,205,79.64,38.34,264.01
135,65,215,82.2,39.58,274.46
135,65,225,85.28,41.06,284.82
135,75,-225,134.05,74.47,-261.94
135,75,-215,88.25,49.03,-274.78
135,75,-205,85.73,47.63,-264.46
135,75,-195,83.62,46.46,-254.09
135,75,-185,81.86,45.48,-243.7
135,75,-175,80.4,44.67,-233.32
135,75,-165,79.21,44.01,-222.98
135,75,165,79.21,44.01,222.98
135,75,175,80.4,44.67,233.32
135,75,185,81.86,45.48,243.7
135,75,195,83.62,46.46,254.09
135,75,205,85.73,47.63,264.46
135,75,215,88.25,49.03,274.78
135,75,225,134.05,74.47,261.94
135,85,-215,138.7,87.33,-247.33
135,85,-205,91.83,57.82,-264.8
135,85,-195,89.77,56.52,-254.56
135,85,-185,88.06,55.44,-244.27
135,85,-175,86.65,54.56,-233.99
135,85,-165,85.52,53.85,-223.73
135,85,165,85.52,53.85,223.73
135,85,175,86.65,54.56,233.99
135,85,185,88.06,55.44,244.27
135,85,195,89.77,56.52,254.56
135,85,205,91.83,57.82,264.8
135,85,215,138.7,87.33,247.33
135,95,-215,140.22,98.67,-247.53
135,95,-205,142.49,100.27,-232.75
135,95,-195,144.28,101.53,-218.08
135,95,-185,94.13,66.24,-244.71
135,95,-175,92.77,65.28,-234.52
135,95,-165,91.7,64.53,-224.33
135,95,-155,90.88,63.95,-214.18
135,95,155,90.88,63.95,214.18
135,95,165,91.7,64.53,224.33
135,95,175,92.77,65.28,234.52
135,95,185,94.13,66.24,244.71
135,95,195,144.28,101.53,218.08
135,95,205,142.49,100.27,232.75
135,95,215,140.22,98.67,247.53
135,105,-215,141.42,109.99,-247.98
135,105,-205,143.74,111.8,-233.01
135,105,-195,145.53,113.19,-218.21
135,105,-185,146.91,114.26,-203.51
135,105,-175,147.93,115.06,-188.86
135,105,-165,148.65,115.62,-174.23
135,105,-155,96.88,75.35,-214.67
135,105,155,96.88,75.35,214.67
135,105,165,148.65,115.62,174.23
135,105,175,147.93,115.06,188.86
135,105,185,146.91,114.26,203.51
135,105,195,145.53,113.19,218.21
135,105,205,143.74,111.8,233.01
135,105,215,141.42,109.99,247.98
135,115,-205,144.69,123.26,-233.53
135,115,-195,146.51,124.81,-218.58
135,115,-185,147.9,125.99,-203.77
135,115,-175,148.92,126.86,-189.04
135,115,-165,149.63,127.46,-174.36
135,115,-155,150.05,127.82,-159.71
135,115,-145,150.19,127.94,-145.08
135,115,145,150.19,127.94,145.08
135,115,155,150.05,127.82,159.71
135,115,165,149.63,127.46,174.36
135,115,175,148.92,126.86,189.04
135,115,185,147.9,125.99,203.77
135,115,195,146.51,124.81,218.58
135,115,205,144.69,123.26,233.53
135,125,-195,147.24,136.33,-219.23
135,125,-185,148.65,137.64,-204.28
135,125,-175,149.69,138.6,-189.46
135,125,-165,150.41,139.27,-174.72
135,125,-155,150.83,139.66,-160.04
135,125,-145,150.99,139.8,-145.4
135,125,-135,150.88,139.7,-130.8
135,125,135,150.88,139.7,130.8
135,125,145,150.99,139.8,145.4
135,125,155,150.83,139.66,160.04
135,125,165,150.41,139.27,174.72
135,125,175,149.69,138.6,189.46
135,125,185,148.65,137.64,204.28
135,125,195,147.24,136.33,219.23
135,135,-195,147.69,147.69,-220.23
135,135,-185,149.17,149.17,-205.11
135,135,-175,150.25,150.25,-190.17
135,135,-165,150.99,150.99,-175.35
135,135,-155,151.44,151.44,-160.62
135,135,-145,151.62,151.62,-145.96
135,135,-135,151.55,151.55,-131.36
135,135,-125,151.23,151.23,-116.82
135,135,125,151.23,151.23,116.82
135,135,135,151.55,151.55,131.36
135,135,145,151.62,151.62,145.96
135,135,155,151.44,151.44,160.62
135,135,165,150.99,150.99,175.35
135,135,175,150.25,150.25,190.17
135,135,185,149.17,149.17,205.11
135,135,195,147.69,147.69,220.23
135,145,-185,149.47,160.54,-206.29
135,145,-175,150.61,161.76,-191.19
135,145,-165,151.4,162.61,-176.27
135,145,-155,151.89,163.14,-161.48
135,145,-145,152.11,163.37,-146.79
135,145,-135,152.08,163.35,-132.18
135,145,-125,151.82,163.06,-117.66
135,145,-115,151.33,162.54,-103.22
135,145,115,151.33,162.54,103.22
135,145,125,151.82,163.06,117.66
135,145,135,152.08,163.35,132.18
135,145,145,152.11,163.37,146.79
135,145,155,151.89,163.14,161.48
135,145,165,151.4,162.61,176.27
135,145,175,150.61,161.76,191.19
135,145,185,149.47,160.54,206.29
135,155,-175,150.76,173.1,-192.61
135,155,-165,151.63,174.09,-177.54
135,155,-155,152.18,174.72,-162.66
135,155,-145,152.45,175.04,-147.92
135,155,-135,152.48,175.07,-133.29
135,155,-125,152.29,174.85,-118.76
135,155,-115,151.87,174.37,-104.35
135,155,-105,151.25,173.66,-90.04
135,155,-95,150.44,172.73,-75.86
135,155,95,150.44,172.73,75.86
135,155,105,151.25,173.66,90.04
135,155,115,151.87,174.37,104.35
135,155,125,152.29,174.85,118.76
135,155,135,152.48,175.07,133.29
135,155,145,152.45,175.04,147.92
135,155,155,152.18,174.72,162.66
135,155,165,151.63,174.09,177.54
135,155,175,150.76,173.1,192.61
135,165,-165,151.68,185.39,-179.22
135,165,-155,152.32,186.16,-164.21
135,165,-145,152.66,186.59,-149.38
135,165,-135,152.77,186.71,-134.7
135,165,-125,152.64,186.56,-120.16
135,165,-115,152.31,186.16,-105.75
135,165,-105,151.79,185.52,-91.46
135,165,-95,151.08,184.65,-77.31
135,165,-85,150.2,183.57,-63.31
135,165,-75,149.16,182.3,-49.47
135,165,75,149.16,182.3,49.47
135,165,85,150.2,183.57,63.31
135,165,95,151.08,184.65,77.31
135,165,105,151.79,185.52,91.46
135,165,115,152.31,186.16,105.75
135,165,125,152.64,186.56,120.16
135,165,135,152.77,186.71,134.7
135,165,145,152.66,186.59,149.38
135,165,155,152.32,186.16,164.21
135,165,165,151.68,185.39,179.22
135,175,-155,152.3,197.42,-166.19
135,175,-145,152.74,198.0,-151.23
135,175,-135,152.93,198.24,-136.47
135,175,-125,152.89,198.19,-121.89
135,175,-115,152.65,197.88,-107.46
135,175,-105,152.22,197.33,-93.17
135,175,-95,151.62,196.55,-79.04
135,175,-85,150.86,195.56,-65.07
135,175,-75,149.95,194.38,-51.26
135,175,-65,148.91,193.03,-37.64
135,175,-55,132.87,172.25,-108.51
135,175,-45,133.99,173.69,-97.54
135,175,45,133.99,173.69,97.54
135,175,55,132.87,172.25,108.51
135,175,65,148.91,193.03,37.64
135,175,75,149.95,194.38,51.26
135,175,85,150.86,195.56,65.07
135,175,95,151.62,196.55,79.04
135,175,105,152.22,197.33,93.17
135,175,115,152.65,197.88,107.46
135,175,125,152.89,198.19,121.89
135,175,135,152.93,198.24,136.47
135,175,145,152.74,198.0,151.23
135,175,155,152.3,197.42,166.19
135,185,-145,152.68,209.23,-153.56
135,185,-135,152.97,209.63,-138.67
135,185,-125,153.04,209.72,-123.99
135,185,-115,152.89,209.52,-109.51
135,185,-105,152.57,209.07,-95.21
135,185,-95,152.07,208.4,-81.07
135,185,-85,151.43,207.52,-67.11
135,185,-75,134.08,183.74,-128.16
135,185,-65,134.82,184.76,-117.47
135,185,-55,135.69,185.95,-106.63
135,185,-45,136.67,187.29,-95.61
135,185,-35,137.75,188.76,-84.4
135,185,-25,138.9,190.34,-72.99
135,185,-15,140.12,192.01,-61.37
135,185,-5,141.38,193.74,-49.53
135,185,5,141.38,193.74,49.53
135,185,15,140.12,192.01,61.37
135,185,25,138.9,190.34,72.99
135,185,35,137.75,188.76,84.4
135,185,45,136.67,187.29,95.61
135,185,55,135.69,185.95,106.63
135,185,65,134.82,184.76,117.47
135,185,75,134.08,183.74,128.16
135,185,85,151.43,207.52,67.11
135,185,95,152.07,208.4,81.07
135,185,105,152.57,209.07,95.21
135,185,115,152.89,209.52,109.51
135,185,125,153.04,209.72,123.99
135,185,135,152.97,209.63,138.67
135,185,145,152.68,209.23,153.56
135,195,-135,152.88,220.83,-141.39
135,195,-125,153.06,221.09,-126.57
135,195,-115,153.03,221.05,-111.99
135,195,-105,152.82,220.73,-97.62
135,195,-95,152.44,220.19,-83.45
135,195,-85,136.37,196.98,-136.58
135,195,-75,136.88,197.72,-126.04
135,195,-65,137.52,198.64,-115.33
135,195,-55,138.26,199.72,-104.45
135,195,-45,139.11,200.94,-93.39
135,195,-35,140.05,202.29,-82.15
135,195,-25,141.05,203.74,-70.7
135,195,-15,142.11,205.28,-59.04
135,195,-5,143.21,206.86,-47.18
135,195,5,143.21,206.86,47.18
135,195,15,142.11,205.28,59.04
135,195,25,141.05,203.74,70.7
135,195,35,140.05,202.29,82.15
135,195,45,139.11,200.94,93.39
135,195,55,138.26,199.72,104.45
135,195,65,137.52,198.64,115.33
135,195,75,136.88,197.72,126.04
135,195,85,136.37,196.98,136.58
135,195,95,152.44,220.19,83.45
135,195,105,152.82,220.73,97.62
135,195,115,153.03,221.05,111.99
135,195,125,153.06,221.09,126.57
135,195,135,152.88,220.83,141.39
135,205,-115,153.06,232.42,-114.99
135,205,-105,152.96,232.28,-100.5
135,205,-95,152.7,231.88,-86.26
135,205,-85,152.3,231.27,-72.23
135,205,-75,151.77,230.46,-58.41
135,205,-65,139.99,212.58,-112.82
135,205,-55,140.62,213.53,-101.93
135,205,-45,141.34,214.63,-90.85
135,205,-35,142.15,215.85,-79.58
135,205,-25,143.01,217.17,-68.1
135,205,-15,143.93,218.56,-56.42
135,205,-5,144.88,220.0,-44.53
135,205,5,144.88,220.0,44.53
135,205,15,143.93,218.56,56.42
135,205,25,143.01,217.17,68.1
135,205,35,142.15,215.85,79.58
135,205,45,141.34,214.63,90.85
135,205,55,140.62,213.53,101.93
135,205,65,139.99,212.58,112.82
135,205,75,151.77,230.46,58.41
135,205,85,152.3,231.27,72.23
135,205,95,152.7,231.88,86.26
135,205,105,152.96,232.28,100.5
135,205,115,153.06,232.42,114.99
135,215,-105,152.99,243.65,-104.02
135,215,-95,152.86,243.45,-89.62
135,215,-85,152.59,243.01,-75.49
135,215,-75,152.19,242.37,-61.59
135,215,-65,151.67,241.56,-47.93
135,215,-55,151.07,240.59,-34.49
135,215,-45,150.39,239.51,-21.27
135,215,-35,149.65,238.33,-8.27
135,215,-25,148.87,237.08,4.51
135,215,-15,145.58,231.85,-53.45
135,215,-5,146.39,233.15,-41.54
135,215,5,146.39,233.15,41.54
135,215,15,145.58,231.85,53.45
135,215,25,148.87,237.08,-4.51
135,215,35,149.65,238.33,8.27
135,215,45,150.39,239.51,21.27
135,215,55,151.07,240.59,34.49
135,215,65,151.67,241.56,47.93
135,215,75,152.19,242.37,61.59
135,215,85,152.59,243.01,75.49
135,215,95,152.86,243.45,89.62
135,215,105,152.99,243.65,104.02
135,225,-75,152.5,254.16,-65.4
135,225,-65,152.12,253.53,-51.63
135,225,-55,151.65,252.74,-38.12
135,225,-45,151.1,251.83,-24.84
135,225,-35,150.49,250.82,-11.8
135,225,-25,149.84,249.74,1.01
135,225,-15,149.16,248.6,13.6
135,225,-5,148.47,247.44,25.96
135,225,5,148.47,247.44,-25.96
135,225,15,149.16,248.6,-13.6
135,225,25,149.84,249.74,-1.01
135,225,35,150.49,250.82,11.8
135,225,45,151.1,251.83,24.84
135,225,55,151.65,252.74,38.12
135,225,65,152.12,253.53,51.63
135,225,75,152.5,254.16,65.4
135,235,-45,151.7,264.07,-29.11
135,235,-35,151.22,263.24,-15.99
135,235,-25,150.71,262.34,-3.12
135,235,-15,150.16,261.38,9.51
135,235,-5,149.59,260.4,21.89
135,235,5,149.59,260.4,-21.89
135,235,15,150.16,261.38,-9.51
135,235,25,150.71,262.34,3.12
135,235,35,151.22,263.24,15.99
135,235,45,151.7,264.07,29.11
145,-225,-55,161.7,-250.91,-39.56
145,-225,-45,161.17,-250.08,-26.26
145,-225,-35,160.57,-249.16,-13.19
145,-225,-25,159.93,-248.16,-0.36
145,-225,-15,159.25,-247.11,12.24
145,-225,-5,158.56,-246.04,24.61
145,-225,5,158.56,-246.04,-24.61
145,-225,15,159.25,-247.11,-12.24
145,-225,25,159.93,-248.16,0.36
145,-225,35,160.57,-249.16,13.19
145,-225,45,161.17,-250.08,26.26
145,-225,55,161.7,-250.91,39.56
145,-215,-85,162.51,-240.96,-76.85
145,-215,-75,162.13,-240.4,-62.91
145,-215,-65,161.64,-239.67,-49.22
145,-215,-55,161.05,-238.79,-35.76
145,-215,-45,160.37,-237.8,-22.52
145,-215,-35,159.64,-236.71,-9.51
145,-215,-25,158.86,-235.55,3.28
145,-215,-15,158.04,-234.34,15.85
145,-215,-5,157.21,-233.11,28.2
145,-215,5,157.21,-233.11,-28.2
145,-215,15,158.04,-234.34,-15.85
145,-215,25,158.86,-235.55,-3.28
145,-215,35,159.64,-236.71,9.51
145,-215,45,160.37,-237.8,22.52
145,-215,55,161.05,-238.79,35.76
145,-215,65,161.64,-239.67,49.22
145,-215,75,162.13,-240.4,62.91
145,-215,85,162.51,-240.96,76.85
145,-205,-105,162.75,-230.1,-101.78
145,-205,-95,162.53,-229.78,-87.48
145,-205,-85,162.15,-229.25,-73.42
145,-205,-75,161.64,-228.52,-59.58
145,-205,-65,161.01,-227.63,-45.95
145,-205,-55,150.51,-212.78,-100.84
145,-205,-45,151.22,-213.8,-89.76
145,-205,-35,152.02,-214.93,-78.49
145,-205,-25,152.89,-216.16,-67.01
145,-205,-15,153.81,-217.46,-55.32
145,-205,-5,154.76,-218.81,-43.42
145,-205,5,154.76,-218.81,43.42
145,-205,15,153.81,-217.46,55.32
145,-205,25,152.89,-216.16,67.01
145,-205,35,152.02,-214.93,78.49
145,-205,45,151.22,-213.8,89.76
145,-205,55,150.51,-212.78,100.84
145,-205,65,161.01,-227.63,45.95
145,-205,75,161.64,-228.52,59.58
145,-205,85,162.15,-229.25,73.42
145,-205,95,162.53,-229.78,87.48
145,-205,105,162.75,-230.1,101.78
145,-195,-125,162.69,-218.8,-127.77
145,-195,-115,162.72,-218.82,-113.13
145,-195,-105,162.54,-218.58,-98.73
145,-195,-95,162.18,-218.11,-84.53
145,-195,-85,146.16,-196.56,-135.61
145,-195,-75,146.66,-197.23,-125.07
145,-195,-65,147.29,-198.08,-114.36
145,-195,-55,148.03,-199.08,-103.47
145,-195,-45,148.88,-200.22,-92.4
145,-195,-35,149.82,-201.48,-81.14
145,-195,-25,150.82,-202.83,-69.68
145,-195,-15,151.89,-204.26,-58.02
145,-195,-5,152.99,-205.75,-46.14
145,-195,5,152.99,-205.75,46.14
145,-195,15,151.89,-204.26,58.02
145,-195,25,150.82,-202.83,69.68
145,-195,35,149.82,-201.48,81.14
145,-195,45,148.88,-200.22,92.4
145,-195,55,148.03,-199.08,103.47
145,-195,65,147.29,-198.08,114.36
145,-195,75,146.66,-197.23,125.07
145,-195,85,146.16,-196.56,135.61
145,-195,95,162.18,-218.11,84.53
145,-195,105,162.54,-218.58,98.73
145,-195,115,162.72,-218.82,113.13
145,-195,125,162.69,-218.8,127.77
145,-185,-135,162.49,-207.31,-139.76
145,-185,-125,162.61,-207.46,-125.03
145,-185,-115,162.5,-207.33,-110.51
145,-185,-105,162.2,-206.95,-96.19
145,-185,-95,161.73,-206.35,-82.04
145,-185,-85,161.1,-205.54,-68.07
145,-185,-75,143.74,-183.39,-127.29
145,-185,-65,144.48,-184.34,-116.6
145,-185,-55,145.35,-185.45,-105.74
145,-185,-45,146.33,-186.7,-94.7
145,-185,-35,147.41,-188.07,-83.47
145,-185,-25,148.56,-189.55,-72.05
145,-185,-15,149.78,-191.1,-60.41
145,-185,-5,151.05,-192.72,-48.56
145,-185,5,151.05,-192.72,48.56
145,-185,15,149.78,-191.1,60.41
145,-185,25,148.56,-189.55,72.05
145,-185,35,147.41,-188.07,83.47
145,-185,45,146.33,-186.7,94.7
145,-185,55,145.35,-185.45,105.74
145,-185,65,144.48,-184.34,116.6
145,-185,75,143.74,-183.39,127.29
145,-185,85,161.1,-205.54,68.07
145,-185,95,161.73,-206.35,82.04
145,-185,105,162.2,-206.95,96.19
145,-185,115,162.5,-207.33,110.51
145,-185,125,162.61,-207.46,125.03
145,-185,135,162.49,-207.31,139.76
145,-175,-145,162.13,-195.67,-152.22
145,-175,-135,162.38,-195.97,-137.41
145,-175,-125,162.38,-195.98,-122.79
145,-175,-115,162.17,-195.72,-108.34
145,-175,-105,161.76,-195.23,-94.05
145,-175,-95,161.18,-194.53,-79.92
145,-175,-85,160.43,-193.62,-65.95
145,-175,-75,159.53,-192.53,-52.16
145,-175,-65,158.49,-191.28,-38.55
145,-175,-55,157.33,-189.88,-25.13
145,-175,-45,143.55,-173.25,-96.7
145,-175,-35,144.78,-174.73,-85.52
145,-175,-25,146.09,-176.32,-74.14
145,-175,-15,147.48,-177.99,-62.54
145,-175,15,147.48,-177.99,62.54
145,-175,25,146.09,-176.32,74.14
145,-175,35,144.78,-174.73,85.52
145,-175,45,143.55,-173.25,96.7
145,-175,55,157.33,-189.88,25.13
145,-175,65,158.49,-191.28,38.55
145,-175,75,159.53,-192.53,52.16
145,-175,85,160.43,-193.62,65.95
145,-175,95,161.18,-194.53,79.92
145,-175,105,161.76,-195.23,94.05
145,-175,115,162.17,-195.72,108.34
145,-175,125,162.38,-195.98,122.79
145,-175,135,162.38,-195.97,137.41
145,-175,145,162.13,-195.67,152.22
145,-165,-165,160.84,-183.02,-180.2
145,-165,-155,161.56,-183.85,-165.09
145,-165,-145,161.98,-184.32,-150.21
145,-165,-135,162.13,-184.49,-135.5
145,-165,-125,162.04,-184.39,-120.94
145,-165,-115,161.73,-184.04,-106.52
145,-165,-105,161.22,-183.46,-92.24
145,-165,-95,160.53,-182.67,-78.1
145,-165,-85,159.65,-181.67,-64.12
145,-165,-75,158.62,-180.49,-50.3
145,-165,-65,157.43,-179.15,-36.66
145,-165,65,157.43,-179.15,36.66
145,-165,75,158.62,-180.49,50.3
145,-165,85,159.65,-181.67,64.12
145,-165,95,160.53,-182.67,78.1
145,-165,105,161.22,-183.46,92.24
145,-165,115,161.73,-184.04,106.52
145,-165,125,162.04,-184.39,120.94
145,-165,135,162.13,-184.49,135.5
145,-165,145,161.98,-184.32,150.21
145,-165,155,161.56,-183.85,165.09
145,-165,165,160.84,-183.02,180.2
145,-155,-165,160.73,-171.81,-178.34
145,-155,-155,161.35,-172.48,-163.4
145,-155,-145,161.68,-172.83,-148.62
145,-155,-135,161.75,-172.9,-133.97
145,-155,-125,161.58,-172.72,-119.44
145,-155,-115,161.18,-172.3,-105.02
145,-155,-105,160.58,-171.65,-90.73
145,-155,-95,159.77,-170.79,-76.57
145,-155,-85,158.78,-169.73,-62.54
145,-155,85,158.78,-169.73,62.54
145,-155,95,159.77,-170.79,76.57
145,-155,105,160.58,-171.65,90.73
145,-155,115,161.18,-172.3,105.02
145,-155,125,161.58,-172.72,119.44
145,-155,135,161.75,-172.9,133.97
145,-155,145,161.68,-172.83,148.62
145,-155,155,161.35,-172.48,163.4
145,-155,165,160.73,-171.81,178.34
145,-145,-175,159.56,-159.56,-191.91
145,-145,-165,160.43,-160.43,-176.92
145,-145,-155,160.98,-160.98,-162.08
145,-145,-145,161.24,-161.24,-147.36
145,-145,-135,161.25,-161.25,-132.74
145,-145,-125,161.0,-161.0,-118.22
145,-145,-115,160.53,-160.53,-103.8
145,-145,-105,159.83,-159.83,-89.48
145,-145,105,159.83,-159.83,89.48
145,-145,115,160.53,-160.53,103.8
145,-145,125,161.0,-161.0,118.22
145,-145,135,161.25,-161.25,132.74
145,-145,145,161.24,-161.24,147.36
145,-145,155,160.98,-160.98,162.08
145,-145,165,160.43,-160.43,176.92
145,-145,175,159.56,-159.56,191.91
145,-135,-185,157.97,-147.07,-205.74
145,-135,-175,159.14,-148.16,-190.72
145,-135,-165,159.95,-148.92,-175.85
145,-135,-155,160.45,-149.38,-161.08
145,-135,-145,160.66,-149.58,-146.41
145,-135,-135,160.61,-149.53,-131.8
145,-135,-125,160.31,-149.25,-117.28
145,-135,-115,159.76,-148.74,-102.83
145,-135,115,159.76,-148.74,102.83
145,-135,125,160.31,-149.25,117.28
145,-135,135,160.61,-149.53,131.8
145,-135,145,160.66,-149.58,146.41
145,-135,155,160.45,-149.38,161.08
145,-135,165,159.95,-148.92,175.85
145,-135,175,159.14,-148.16,190.72
145,-135,185,157.97,-147.07,205.74
145,-125,-195,155.87,-134.37,-219.81
145,-125,-185,157.4,-135.69,-204.76
145,-125,-175,158.52,-136.65,-189.87
145,-125,-165,159.29,-137.32,-175.08
145,-125,-155,159.75,-137.72,-160.37
145,-125,-145,159.93,-137.87,-145.72
145,-125,-135,159.84,-137.79,-131.12
145,-125,-125,159.49,-137.49,-116.58
145,-125,125,159.49,-137.49,116.58
145,-125,135,159.84,-137.79,131.12
145,-125,145,159.93,-137.87,145.72
145,-125,155,159.75,-137.72,160.37
145,-125,165,159.29,-137.32,175.08
145,-125,175,158.52,-136.65,189.87
145,-125,185,157.4,-135.69,204.76
145,-125,195,155.87,-134.37,219.81
145,-115,-195,155.13,-123.04,-218.99
145,-115,-185,156.61,-124.21,-204.09
145,-115,-175,157.7,-125.07,-189.29
145,-115,-165,158.45,-125.67,-174.57
145,-115,-155,158.9,-126.02,-159.9
145,-115,-145,159.05,-126.14,-145.27
145,-115,-135,158.93,-126.05,-130.67
145,-115,135,158.93,-126.05,130.67
145,-115,145,159.05,-126.14,145.27
145,-115,155,158.9,-126.02,159.9
145,-115,165,158.45,-125.67,174.57
145,-115,175,157.7,-125.07,189.29
145,-115,185,156.61,-124.21,204.09
145,-115,195,155.13,-123.04,218.99
145,-105,-205,152.24,-110.24,-233.37
145,-105,-195,154.15,-111.62,-218.46
145,-105,-185,155.6,-112.68,-203.67
145,-105,-175,156.68,-113.46,-188.97
145,-105,-165,157.43,-114.0,-174.3
145,-105,-155,157.87,-114.32,-159.66
145,-105,-145,158.01,-114.42,-145.04
145,-105,145,158.01,-114.42,145.04
145,-105,155,157.87,-114.32,159.66
145,-105,165,157.43,-114.0,174.3
145,-105,175,156.68,-113.46,188.97
145,-105,185,155.6,-112.68,203.67
145,-105,195,154.15,-111.62,218.46
145,-105,205,152.24,-110.24,233.37
145,-95,-205,151.04,-98.96,-232.94
145,-95,-195,152.92,-100.19,-218.17
145,-95,-185,154.37,-101.14,-203.48
145,-95,-175,155.46,-101.85,-188.85
145,-95,-165,101.58,-66.55,-224.7
145,-95,-155,100.76,-66.02,-214.59
145,-95,155,100.76,-66.02,214.59
145,-95,165,101.58,-66.55,224.7
145,-95,175,155.46,-101.85,188.85
145,-95,185,154.37,-101.14,203.48
145,-95,195,152.92,-100.19,218.17
145,-95,205,151.04,-98.96,232.94
145,-85,-215,147.22,-86.3,-247.5
145,-85,-205,149.6,-87.7,-232.73
145,-85,-195,151.48,-88.8,-218.08
145,-85,-185,98.26,-57.6,-244.67
145,-85,-175,96.83,-56.76,-234.47
145,-85,-165,95.7,-56.1,-224.28
145,-85,-155,94.84,-55.59,-214.11
145,-85,155,94.84,-55.59,214.11
145,-85,165,95.7,-56.1,224.28
145,-85,175,96.83,-56.76,234.47
145,-85,185,98.26,-57.6,244.67
145,-85,195,151.48,-88.8,218.08
145,-85,205,149.6,-87.7,232.73
145,-85,215,147.22,-86.3,247.5
145,-75,-215,145.58,-75.3,-247.33
145,-75,-205,96.39,-49.86,-264.8
145,-75,-195,94.22,-48.74,-254.56
145,-75,-185,92.43,-47.81,-244.27
145,-75,-175,90.95,-47.04,-233.99
145,-75,-165,89.77,-46.43,-223.73
145,-75,165,89.77,-46.43,223.73
145,-75,175,90.95,-47.04,233.99
145,-75,185,92.43,-47.81,244.27
145,-75,195,94.22,-48.74,254.56
145,-75,205,96.39,-49.86,264.8
145,-75,215,145.58,-75.3,247.33
145,-65,-215,93.36,-41.85,-274.82
145,-65,-205,90.71,-40.66,-264.52
145,-65,-195,88.51,-39.68,-254.16
145,-65,-185,86.67,-38.85,-243.78
145,-65,-175,85.15,-38.17,-233.42
145,-65,-165,83.91,-37.61,-223.08
145,-65,165,83.91,-37.61,223.08
145,-65,175,85.15,-38.17,233.42
145,-65,185,86.67,-38.85,243.78
145,-65,195,88.51,-39.68,254.16
145,-65,205,90.71,-40.66,264.52
145,-65,215,93.36,-41.85,274.82
145,-55,-225,91.17,-34.58,-284.88
145,-55,-215,87.95,-33.36,-274.57
145,-55,-205,85.28,-32.35,-264.16
145,-55,-195,83.04,-31.5,-253.7
145,-55,-185,81.16,-30.78,-243.24
145,-55,-175,79.58,-30.19,-232.79
145,-55,175,79.58,-30.19,232.79
145,-55,185,81.16,-30.78,243.24
145,-55,195,83.04,-31.5,253.7
145,-55,205,85.28,-32.35,264.16
145,-55,215,87.95,-33.36,274.57
145,-55,225,91.17,-34.58,284.88
145,-45,-225,86.21,-26.75,-284.71
145,-45,-215,82.98,-25.75,-274.28
145,-45,-205,80.28,-24.91,-263.76
145,-45,-195,78.0,-24.21,-253.22
145,-45,-185,76.07,-23.61,-242.68
145,-45,-175,74.44,-23.1,-232.16
145,-45,175,74.44,-23.1,232.16
145,-45,185,76.07,-23.61,242.68
145,-45,195,78.0,-24.21,253.22
145,-45,205,80.28,-24.91,263.76
145,-45,215,82.98,-25.75,274.28
145,-45,225,86.21,-26.75,284.71
145,-35,-225,81.87,-19.76,-284.5
145,-35,-215,78.63,-18.98,-273.98
145,-35,-205,75.9,-18.32,-263.38
145,-35,-195,73.59,-17.76,-252.77
145,-35,-185,71.62,-17.29,-242.16
145,-35,-175,69.94,-16.88,-231.58
145,-35,175,69.94,-16.88,231.58
145,-35,185,71.62,-17.29,242.16
145,-35,195,73.59,-17.76,252.77
145,-35,205,75.9,-18.32,263.38
145,-35,215,78.63,-18.98,273.98
145,-35,225,81.87,-19.76,284.5
145,-25,-225,78.38,-13.51,-284.31
145,-25,-215,75.12,-12.95,-273.71
145,-25,-205,72.37,-12.48,-263.05
145,-25,-195,70.03,-12.07,-252.38
145,-25,-185,68.02,-11.73,-241.72
145,-25,-175,66.31,-11.43,-231.09
145,-25,175,66.31,-11.43,231.09
145,-25,185,68.02,-11.73,241.72
145,-25,195,70.03,-12.07,252.38
145,-25,205,72.37,-12.48,263.05
145,-25,215,75.12,-12.95,273.71
145,-25,225,78.38,-13.51,284.31
145,-15,-225,75.92,-7.85,-284.16
145,-15,-215,72.65,-7.52,-273.51
145,-15,-205,69.88,-7.23,-262.81
145,-15,-195,67.51,-6.98,-252.1
145,-15,-185,65.48,-6.77,-241.4
145,-15,-175,63.75,-6.59,-230.73
145,-15,175,63.75,-6.59,230.73
145,-15,185,65.48,-6.77,241.4
145,-15,195,67.51,-6.98,252.1
145,-15,205,69.88,-7.23,262.81
145,-15,215,72.65,-7.52,273.51
145,-15,225,75.92,-7.85,284.16
145,-5,-225,74.65,-2.57,-284.08
145,-5,-215,71.37,-2.46,-273.41
145,-5,-205,68.59,-2.37,-262.68
145,-5,-195,66.21,-2.28,-251.95
145,-5,-185,64.17,-2.21,-241.23
145,-5,185,64.17,-2.21,241.23
145,-5,195,66.21,-2.28,251.95
145,-5,205,68.59,-2.37,262.68
145,-5,215,71.37,-2.46,273.41
145,-5,225,74.65,-2.57,284.08
145,5,-225,74.65,2.57,-284.08
145,5,-215,71.37,2.46,-273.41
145,5,-205,68.59,2.37,-262.68
145,5,-195,66.21,2.28,-251.95
145,5,-185,64.17,2.21,-241.23
145,5,185,64.17,2.21,241.23
145,5,195,66.21,2.28,251.95
145,5,205,68.59,2.37,262.68
145,5,215,71.37,2.46,273.41
145,5,225,74.65,2.57,284.08
145,15,-225,75.92,7.85,-284.16
145,15,-215,72.65,7.52,-273.51
145,15,-205,69.88,7.23,-262.81
145,15,-195,67.51,6.98,-252.1
145,15,-185,65.48,6.77,-241.4
145,15,-175,63.75,6.59,-230.73
145,15,175,63.75,6.59,230.73
145,15,185,65.48,6.77,241.4
145,15,195,67.51,6.98,252.1
145,15,205,69.88,7.23,262.81
145,15,215,72.65,7.52,273.51
145,15,225,75.92,7.85,284.16
145,25,-225,78.38,13.51,-284.31
145,25,-215,75.12,12.95,-273.71
145,25,-205,72.37,12.48,-263.05
145,25,-195,70.03,12.07,-252.38
145,25,-185,68.02,11.73,-241.72
145,25,-175,66.31,11.43,-231.09
145,25,175,66.31,11.43,231.09
145,25,185,68.02,11.73,241.72
145,25,195,70.03,12.07,252.38
145,25,205,72.37,12.48,263.05
145,25,215,75.12,12.95,273.71
145,25,225,78.38,13.51,284.31
145,35,-225,81.87,19.76,-284.5
145,35,-215,78.63,18.98,-273.98
145,35,-205,75.9,18.32,-263.38
145,35,-195,73.59,17.76,-252.77
145,35,-185,71.62,17.29,-242.16
145,35,-175,69.94,16.88,-231.58
145,35,175,69.94,16.88,231.58
145,35,185,71.62,17.29,242.16
145,35,195,73.59,17.76,252.77
145,35,205,75.9,18.32,263.38
145,35,215,78.63,18.98,273.98
145,35,225,81.87,19.76,284.5
145,45,-225,86.21,26.75,-284.71
145,45,-215,82.98,25.75,-274.28
145,45,-205,80.28,24.91,-263.76
145,45,-195,78.0,24.21,-253.22
145,45,-185,76.07,23.61,-242.68
145,45,-175,74.44,23.1,-232.16
145,45,175,74.44,23.1,232.16
145,45,185,76.07,23.61,242.68
145,45,195,78.0,24.21,253.22
145,45,205,80.28,24.91,263.76
145,45,215,82.98,25.75,274.28
145,45,225,86.21,26.75,284.71
145,55,-225,91.17,34.58,-284.88
145,55,-215,87.95,33.36,-274.57
145,55,-205,85.28,32.35,-264.16
145,55,-195,83.04,31.5,-253.7
145,55,-185,81.16,30.78,-243.24
145,55,-175,79.58,30.19,-232.79
145,55,175,79.58,30.19,232.79
145,55,185,81.16,30.78,243.24
145,55,195,83.04,31.5,253.7
145,55,205,85.28,32.35,264.16
145,55,215,87.95,33.36,274.57
145,55,225,91.17,34.58,284.88
145,65,-215,93.36,41.85,-274.82
145,65,-205,90.71,40.66,-264.52
145,65,-195,88.51,39.68,-254.16
145,65,-185,86.67,38.85,-243.78
145,65,-175,85.15,38.17,-233.42
145,65,-165,83.91,37.61,-223.08
145,65,165,83.91,37.61,223.08
145,65,175,85.15,38.17,233.42
145,65,185,86.67,38.85,243.78
145,65,195,88.51,39.68,254.16
145,65,205,90.71,40.66,264.52
145,65,215,93.36,41.85,274.82
145,75,-215,145.58,75.3,-247.33
145,75,-205,96.39,49.86,-264.8
145,75,-195,94.22,48.74,-254.56
145,75,-185,92.43,47.81,-244.27
145,75,-175,90.95,47.04,-233.99
145,75,-165,89.77,46.43,-223.73
145,75,165,89.77,46.43,223.73
145,75,175,90.95,47.04,233.99
145,75,185,92.43,47.81,244.27
145,75,195,94.22,48.74,254.56
145,75,205,96.39,49.86,264.8
145,75,215,145.58,75.3,247.33
145,85,-215,147.22,86.3,-247.5
145,85,-205,149.6,87.7,-232.73
145,85,-195,151.48,88.8,-218.08
145,85,-185,98.26,57.6,-244.67
145,85,-175,96.83,56.76,-234.47
145,85,-165,95.7,56.1,-224.28
145,85,-155,94.84,55.59,-214.11
145,85,155,94.84,55.59,214.11
145,85,165,95.7,56.1,224.28
145,85,175,96.83,56.76,234.47
145,85,185,98.26,57.6,244.67
145,85,195,151.48,88.8,218.08
145,85,205,149.6,87.7,232.73
145,85,215,147.22,86.3,247.5
145,95,-205,151.04,98.96,-232.94
145,95,-195,152.92,100.19,-218.17
145,95,-185,154.37,101.14,-203.48
145,95,-175,155.46,101.85,-188.85
145,95,-165,101.58,66.55,-224.7
145,95,-155,100.76,66.02,-214.59
145,95,155,100.76,66.02,214.59
145,95,165,101.58,66.55,224.7
145,95,175,155.46,101.85,188.85
145,95,185,154.37,101.14,203.48
145,95,195,152.92,100.19,218.17
145,95,205,151.04,98.96,232.94
145,105,-205,152.24,110.24,-233.37
145,105,-195,154.15,111.62,-218.46
145,105,-185,155.6,112.68,-203.67
145,105,-175,156.68,113.46,-188.97
145,105,-165,157.43,114.0,-174.3
145,105,-155,157.87,114.32,-159.66
145,105,-145,158.01,114.42,-145.04
145,105,145,158.01,114.42,145.04
145,105,155,157.87,114.32,159.66
145,105,165,157.43,114.0,174.3
145,105,175,156.68,113.46,188.97
145,105,185,155.6,112.68,203.67
145,105,195,154.15,111.62,218.46
145,105,205,152.24,110.24,233.37
145,115,-195,155.13,123.04,-218.99
145,115,-185,156.61,124.21,-204.09
145,115,-175,157.7,125.07,-189.29
145,115,-165,158.45,125.67,-174.57
145,115,-155,158.9,126.02,-159.9
145,115,-145,159.05,126.14,-145.27
145,115,-135,158.93,126.05,-130.67
145,115,135,158.93,126.05,130.67
145,115,145,159.05,126.14,145.27
145,115,155,158.9,126.02,159.9
145,115,165,158.45,125.67,174.57
145,115,175,157.7,125.07,189.29
145,115,185,156.61,124.21,204.09
145,115,195,155.13,123.04,218.99
145,125,-195,155.87,134.37,-219.81
145,125,-185,157.4,135.69,-204.76
145,125,-175,158.52,136.65,-189.87
145,125,-165,159.29,137.32,-175.08
145,125,-155,159.75,137.72,-160.37
145,125,-145,159.93,137.87,-145.72
145,125,-135,159.84,137.79,-131.12
145,125,-125,159.49,137.49,-116.58
145,125,125,159.49,137.49,116.58
145,125,135,159.84,137.79,131.12
145,125,145,159.93,137.87,145.72
145,125,155,159.75,137.72,160.37
145,125,165,159.29,137.32,175.08
145,125,175,158.52,136.65,189.87
145,125,185,157.4,135.69,204.76
145,125,195,155.87,134.37,219.81
145,135,-185,157.97,147.07,-205.74
145,135,-175,159.14,148.16,-190.72
145,135,-165,159.95,148.92,-175.85
145,135,-155,160.45,149.38,-161.08
145,135,-145,160.66,149.58,-146.41
145,135,-135,160.61,149.53,-131.8
145,135,-125,160.31,149.25,-117.28
145,135,-115,159.76,148.74,-102.83
145,135,115,159.76,148.74,102.83
145,135,125,160.31,149.25,117.28
145,135,135,160.61,149.53,131.8
145,135,145,160.66,149.58,146.41
145,135,155,160.45,149.38,161.08
145,135,165,159.95,148.92,175.85
145,135,175,159.14,148.16,190.72
145,135,185,157.97,147.07,205.74
145,145,-175,159.56,159.56,-191.91
145,145,-165,160.43,160.43,-176.92
145,145,-155,160.98,160.98,-162.08
145,145,-145,161.24,161.24,-147.36
145,145,-135,161.25,161.25,-132.74
145,145,-125,161.0,161.0,-118.22
145,145,-115,160.53,160.53,-103.8
145,145,-105,159.83,159.83,-89.48
145,145,105,159.83,159.83,89.48
145,145,115,160.53,160.53,103.8
145,145,125,161.0,161.0,118.22
145,145,135,161.25,161.25,132.74
145,145,145,161.24,161.24,147.36
145,145,155,160.98,160.98,162.08
145,145,165,160.43,160.43,176.92
145,145,175,159.56,159.56,191.91
145,155,-165,160.73,171.81,-178.34
145,155,-155,161.35,172.48,-163.4
145,155,-145,161.68,172.83,-148.62
145,155,-135,161.75,172.9,-133.97
145,155,-125,161.58,172.72,-119.44
145,155,-115,161.18,172.3,-105.02
145,155,-105,160.58,171.65,-90.73
145,155,-95,159.77,170.79,-76.57
145,155,-85,158.78,169.73,-62.54
145,155,85,158.78,169.73,62.54
145,155,95,159.77,170.79,76.57
145,155,105,160.58,171.65,90.73
145,155,115,161.18,172.3,105.02
145,155,125,161.58,172.72,119.44
145,155,135,161.75,172.9,133.97
145,155,145,161.68,172.83,148.62
145,155,155,161.35,172.48,163.4
145,155,165,160.73,171.81,178.34
145,165,-165,160.84,183.02,-180.2
145,165,-155,161.56,183.85,-165.09
145,165,-145,161.98,184.32,-150.21
145,165,-135,162.13,184.49,-135.5
145,165,-125,162.04,184.39,-120.94
145,165,-115,161.73,184.04,-106.52
145,165,-105,161.22,183.46,-92.24
145,165,-95,160.53,182.67,-78.1
145,165,-85,159.65,181.67,-64.12
145,165,-75,158.62,180.49,-50.3
145,165,-65,157.43,179.15,-36.66
145,165,65,157.43,179.15,36.66
145,165,75,158.62,180.49,50.3
145,165,85,159.65,181.67,64.12
145,165,95,160.53,182.67,78.1
145,165,105,161.22,183.46,92.24
145,165,115,161.73,184.04,106.52
145,165,125,162.04,184.39,120.94
145,165,135,162.13,184.49,135.5
145,165,145,161.98,184.32,150.21
145,165,155,161.56,183.85,165.09
145,165,165,160.84,183.02,180.2
145,175,-145,162.13,195.67,-152.22
145,175,-135,162.38,195.97,-137.41
145,175,-125,162.38,195.98,-122.79
145,175,-115,162.17,195.72,-108.34
145,175,-105,161.76,195.23,-94.05
145,175,-95,161.18,194.53,-79.92
145,175,-85,160.43,193.62,-65.95
145,175,-75,159.53,192.53,-52.16
145,175,-65,158.49,191.28,-38.55
145,175,-55,157.33,189.88,-25.13
145,175,-45,143.55,173.25,-96.7
145,175,-35,144.78,174.73,-85.52
145,175,-25,146.09,176.32,-74.14
145,175,-15,147.48,177.99,-62.54
145,175,15,147.48,177.99,62.54
145,175,25,146.09,176.32,74.14
145,175,35,144.78,174.73,85.52
145,175,45,143.55,173.25,96.7
145,175,55,157.33,189.88,25.13
145,175,65,158.49,191.28,38.55
145,175,75,159.53,192.53,52.16
145,175,85,160.43,193.62,65.95
145,175,95,161.18,194.53,79.92
145,175,105,161.76,195.23,94.05
145,175,115,162.17,195.72,108.34
145,175,125,162.38,195.98,122.79
145,175,135,162.38,195.97,137.41
145,175,145,162.13,195.67,152.22
145,185,-135,162.49,207.31,-139.76
145,185,-125,162.61,207.46,-125.03
145,185,-115,162.5,207.33,-110.51
145,185,-105,162.2,206.95,-96.19
145,185,-95,161.73,206.35,-82.04
145,185,-85,161.1,205.54,-68.07
145,185,-75,143.74,183.39,-127.29
145,185,-65,144.48,184.34,-116.6
145,185,-55,145.35,185.45,-105.74
145,185,-45,146.33,186.7,-94.7
145,185,-35,147.41,188.07,-83.47
145,185,-25,148.56,189.55,-72.05
145,185,-15,149.78,191.1,-60.41
145,185,-5,151.05,192.72,-48.56
145,185,5,151.05,192.72,48.56
145,185,15,149.78,191.1,60.41
145,185,25,148.56,189.55,72.05
145,185,35,147.41,188.07,83.47
145,185,45,146.33,186.7,94.7
145,185,55,145.35,185.45,105.74
145,185,65,144.48,184.34,116.6
145,185,75,143.74,183.39,127.29
145,185,85,161.1,205.54,68.07
145,185,95,161.73,206.35,82.04
145,185,105,162.2,206.95,96.19
145,185,115,162.5,207.33,110.51
145,185,125,162.61,207.46,125.03
145,185,135,162.49,207.31,139.76
145,195,-125,162.69,218.8,-127.77
145,195,-115,162.72,218.82,-113.13
145,195,-105,162.54,218.58,-98.73
145,195,-95,162.18,218.11,-84.53
145,195,-85,146.16,196.56,-135.61
145,195,-75,146.66,197.23,-125.07
145,195,-65,147.29,198.08,-114.36
145,195,-55,148.03,199.08,-103.47
145,195,-45,148.88,200.22,-92.4
145,195,-35,149.82,201.48,-81.14
145,195,-25,150.82,202.83,-69.68
145,195,-15,151.89,204.26,-58.02
145,195,-5,152.99,205.75,-46.14
145,195,5,152.99,205.75,46.14
145,195,15,151.89,204.26,58.02
145,195,25,150.82,202.83,69.68
145,195,35,149.82,201.48,81.14
145,195,45,148.88,200.22,92.4
145,195,55,148.03,199.08,103.47
145,195,65,147.29,198.08,114.36
145,195,75,146.66,197.23,125.07
145,195,85,146.16,196.56,135.61
145,195,95,162.18,218.11,84.53
145,195,105,162.54,218.58,98.73
145,195,115,162.72,218.82,113.13
145,195,125,162.69,218.8,127.77
145,205,-105,162.75,230.1,-101.78
145,205,-95,162.53,229.78,-87.48
145,205,-85,162.15,229.25,-73.42
145,205,-75,161.64,228.52,-59.58
145,205,-65,161.01,227.63,-45.95
145,205,-55,150.51,212.78,-100.84
145,205,-45,151.22,213.8,-89.76
145,205,-35,152.02,214.93,-78.49
145,205,-25,152.89,216.16,-67.01
145,205,-15,153.81,217.46,-55.32
145,205,-5,154.76,218.81,-43.42
145,205,5,154.76,218.81,43.42
145,205,15,153.81,217.46,55.32
145,205,25,152.89,216.16,67.01
145,205,35,152.02,214.93,78.49
145,205,45,151.22,213.8,89.76
145,205,55,150.51,212.78,100.84
145,205,65,161.01,227.63,45.95
145,205,75,161.64,228.52,59.58
145,205,85,162.15,229.25,73.42
145,205,95,162.53,229.78,87.48
145,205,105,162.75,230.1,101.78
145,215,-85,162.51,240.96,-76.85
145,215,-75,162.13,240.4,-62.91
145,215,-65,161.64,239.67,-49.22
145,215,-55,161.05,238.79,-35.76
145,215,-45,160.37,237.8,-22.52
145,215,-35,159.64,236.71,-9.51
145,215,-25,158.86,235.55,3.28
145,215,-15,158.04,234.34,15.85
145,215,-5,157.21,233.11,28.2
145,215,5,157.21,233.11,-28.2
145,215,15,158.04,234.34,-15.85
145,215,25,158.86,235.55,-3.28
145,215,35,159.64,236.71,9.51
145,215,45,160.37,237.8,22.52
145,215,55,161.05,238.79,35.76
145,215,65,161.64,239.67,49.22
145,215,75,162.13,240.4,62.91
145,215,85,162.51,240.96,76.85
145,225,-55,161.7,250.91,-39.56
145,225,-45,161.17,250.08,-26.26
145,225,-35,160.57,249.16,-13.19
145,225,-25,159.93,248.16,-0.36
145,225,-15,159.25,247.11,12.24
145,225,-5,158.56,246.04,24.61
145,225,5,158.56,246.04,-24.61
145,225,15,159.25,247.11,-12.24
145,225,25,159.93,248.16,0.36
145,225,35,160.57,249.16,13.19
145,225,45,161.17,250.08,26.26
145,225,55,161.7,250.91,39.56
155,-225,-25,169.99,-246.76,-1.98
155,-225,-15,169.33,-245.8,10.63
155,-225,-5,168.66,-244.82,23.01
155,-225,5,168.66,-244.82,-23.01
155,-225,15,169.33,-245.8,-10.63
155,-225,25,169.99,-246.76,1.98
155,-215,-65,171.54,-237.95,-50.75
155,-215,-55,170.98,-237.16,-37.25
155,-215,-45,170.33,-236.26,-23.99
155,-215,-35,169.61,-235.26,-10.96
155,-215,-25,168.84,-234.2,1.84
155,-215,-15,168.04,-233.09,14.42
155,-215,-5,167.22,-231.95,26.78
155,-215,5,167.22,-231.95,-26.78
155,-215,15,168.04,-233.09,-14.42
155,-215,25,168.84,-234.2,-1.84
155,-215,35,169.61,-235.26,10.96
155,-215,45,170.33,-236.26,23.99
155,-215,55,170.98,-237.16,37.25
155,-215,65,171.54,-237.95,50.75
155,-205,-95,172.27,-227.84,-88.94
155,-205,-85,171.93,-227.39,-74.83
155,-205,-75,171.45,-226.76,-60.96
155,-205,-65,170.85,-225.96,-47.31
155,-205,-55,170.14,-225.02,-33.88
155,-205,-45,169.34,-223.97,-20.66
155,-205,-35,161.98,-214.24,-77.21
155,-205,-25,162.84,-215.37,-65.73
155,-205,-15,163.75,-216.57,-54.04
155,-205,-5,164.69,-217.82,-42.13
155,-205,5,164.69,-217.82,42.13
155,-205,15,163.75,-216.57,54.04
155,-205,25,162.84,-215.37,65.73
155,-205,35,161.98,-214.24,77.21
155,-205,45,169.34,-223.97,20.66
155,-205,55,170.14,-225.02,33.88
155,-205,65,170.85,-225.96,47.31
155,-205,75,171.45,-226.76,60.96
155,-205,85,171.93,-227.39,74.83
155,-205,95,172.27,-227.84,88.94
155,-195,-115,172.3,-216.77,-114.51
155,-195,-105,172.18,-216.61,-100.05
155,-195,-95,171.87,-216.22,-85.81
155,-195,-85,171.39,-215.62,-71.79
155,-195,-75,156.59,-196.99,-123.92
155,-195,-65,157.19,-197.76,-113.21
155,-195,-55,157.92,-198.68,-102.32
155,-195,-45,158.76,-199.73,-91.25
155,-195,-35,159.68,-200.89,-79.98
155,-195,-25,160.68,-202.15,-68.51
155,-195,-15,161.74,-203.47,-56.83
155,-195,-5,162.83,-204.85,-44.94
155,-195,5,162.83,-204.85,44.94
155,-195,15,161.74,-203.47,56.83
155,-195,25,160.68,-202.15,68.51
155,-195,35,159.68,-200.89,79.98
155,-195,45,158.76,-199.73,91.25
155,-195,55,157.92,-198.68,102.32
155,-195,65,157.19,-197.76,113.21
155,-195,75,156.59,-196.99,123.92
155,-195,85,171.39,-215.62,71.79
155,-195,95,171.87,-216.22,85.81
155,-195,105,172.18,-216.61,100.05
155,-195,115,172.3,-216.77,114.51
155,-185,-125,172.08,-205.39,-126.28
155,-185,-115,172.04,-205.33,-111.71
155,-185,-105,171.78,-205.03,-97.35
155,-185,-95,171.34,-204.5,-83.19
155,-185,-85,170.74,-203.78,-69.21
155,-185,-75,169.98,-202.88,-55.42
155,-185,-65,154.3,-184.17,-115.56
155,-185,-55,155.16,-185.19,-104.69
155,-185,-45,156.13,-186.34,-93.63
155,-185,-35,157.19,-187.62,-82.39
155,-185,-25,158.34,-188.99,-70.95
155,-185,-15,159.55,-190.43,-59.3
155,-185,-5,160.8,-191.93,-47.43
155,-185,5,160.8,-191.93,47.43
155,-185,15,159.55,-190.43,59.3
155,-185,25,158.34,-188.99,70.95
155,-185,35,157.19,-187.62,82.39
155,-185,45,156.13,-186.34,93.63
155,-185,55,155.16,-185.19,104.69
155,-185,65,154.3,-184.17,115.56
155,-185,75,169.98,-202.88,55.42
155,-185,85,170.74,-203.78,69.21
155,-185,95,171.34,-204.5,83.19
155,-185,105,171.78,-205.03,97.35
155,-185,115,172.04,-205.33,111.71
155,-185,125,172.08,-205.39,126.28
155,-175,-135,171.74,-193.9,-138.53
155,-175,-125,171.8,-193.97,-123.87
155,-175,-115,171.63,-193.78,-109.39
155,-175,-105,171.26,-193.36,-95.09
155,-175,-95,170.7,-192.73,-80.95
155,-175,-85,169.97,-191.9,-66.99
155,-175,-75,169.09,-190.91,-53.2
155,-175,-65,168.07,-189.75,-39.6
155,-175,-55,166.92,-188.46,-26.19
155,-175,-45,153.28,-173.06,-95.72
155,-175,-35,154.49,-174.43,-84.51
155,-175,-25,155.8,-175.9,-73.11
155,-175,-15,157.17,-177.45,-61.49
155,-175,-5,158.6,-179.06,-49.65
155,-175,5,158.6,-179.06,49.65
155,-175,15,157.17,-177.45,61.49
155,-175,25,155.8,-175.9,73.11
155,-175,35,154.49,-174.43,84.51
155,-175,45,153.28,-173.06,95.72
155,-175,55,166.92,-188.46,26.19
155,-175,65,168.07,-189.75,39.6
155,-175,75,169.09,-190.91,53.2
155,-175,85,169.97,-191.9,66.99
155,-175,95,170.7,-192.73,80.95
155,-175,105,171.26,-193.36,95.09
155,-175,115,171.63,-193.78,109.39
155,-175,125,171.8,-193.97,123.87
155,-175,135,171.74,-193.9,138.53
155,-165,-155,170.72,-181.73,-166.19
155,-165,-145,171.22,-182.26,-151.23
155,-165,-135,171.43,-182.49,-136.47
155,-165,-125,171.38,-182.44,-121.89
155,-165,-115,171.11,-182.15,-107.46
155,-165,-105,170.63,-181.64,-93.17
155,-165,-95,169.96,-180.92,-79.04
155,-165,-85,169.11,-180.02,-65.07
155,-165,-75,168.09,-178.93,-51.26
155,-165,-65,166.92,-177.69,-37.64
155,-165,-55,165.62,-176.3,-24.21
155,-165,-45,164.2,-174.8,-10.99
155,-165,45,164.2,-174.8,10.99
155,-165,55,165.62,-176.3,24.21
155,-165,65,166.92,-177.69,37.64
155,-165,75,168.09,-178.93,51.26
155,-165,85,169.11,-180.02,65.07
155,-165,95,169.96,-180.92,79.04
155,-165,105,170.63,-181.64,93.17
155,-165,115,171.11,-182.15,107.46
155,-165,125,171.38,-182.44,121.89
155,-165,135,171.43,-182.49,136.47
155,-165,145,171.22,-182.26,151.23
155,-165,155,170.72,-181.73,166.19
155,-155,-165,169.75,-169.75,-179.34
155,-155,-155,170.46,-170.46,-164.31
155,-155,-145,170.86,-170.86,-149.48
155,-155,-135,170.98,-170.98,-134.8
155,-155,-125,170.84,-170.84,-120.26
155,-155,-115,170.48,-170.48,-105.84
155,-155,-105,169.9,-169.9,-91.56
155,-155,-95,169.11,-169.11,-77.41
155,-155,-85,168.13,-168.13,-63.41
155,-155,-75,166.98,-166.98,-49.57
155,-155,75,166.98,-166.98,49.57
155,-155,85,168.13,-168.13,63.41
155,-155,95,169.11,-169.11,77.41
155,-155,105,169.9,-169.9,91.56
155,-155,115,170.48,-170.48,105.84
155,-155,125,170.84,-170.84,120.26
155,-155,135,170.98,-170.98,134.8
155,-155,145,170.86,-170.86,149.48
155,-155,155,170.46,-170.46,164.31
155,-155,165,169.75,-169.75,179.34
155,-145,-165,169.41,-158.48,-177.74
155,-145,-155,170.03,-159.06,-162.84
155,-145,-145,170.35,-159.36,-148.09
155,-145,-135,170.39,-159.4,-133.45
155,-145,-125,170.18,-159.2,-118.93
155,-145,-115,169.73,-158.78,-104.51
155,-145,-105,169.06,-158.15,-90.21
155,-145,-95,168.16,-157.31,-76.03
155,-145,95,168.16,-157.31,76.03
155,-145,105,169.06,-158.15,90.21
155,-145,115,169.73,-158.78,104.51
155,-145,125,170.18,-159.2,118.93
155,-145,135,170.39,-159.4,133.45
155,-145,145,170.35,-159.36,148.09
155,-145,155,170.03,-159.06,162.84
155,-145,165,169.41,-158.48,177.74
155,-135,-175,167.99,-146.32,-191.45
155,-135,-165,168.89,-147.09,-176.51
155,-135,-155,169.44,-147.58,-161.7
155,-135,-145,169.7,-147.8,-147.0
155,-135,-135,169.68,-147.79,-132.39
155,-135,-125,169.4,-147.55,-117.86
155,-135,-115,168.88,-147.09,-103.43
155,-135,-105,168.11,-146.42,-89.1
155,-135,105,168.11,-146.42,89.1
155,-135,115,168.88,-147.09,103.43
155,-135,125,169.4,-147.55,117.86
155,-135,135,169.68,-147.79,132.39
155,-135,145,169.7,-147.8,147.0
155,-135,155,169.44,-147.58,161.7
155,-135,165,168.89,-147.09,176.51
155,-135,175,167.99,-146.32,191.45
155,-125,-185,166.13,-133.98,-205.41
155,-125,-175,167.35,-134.96,-190.43
155,-125,-165,168.19,-135.63,-175.59
155,-125,-155,168.7,-136.05,-160.84
155,-125,-145,168.91,-136.22,-146.17
155,-125,-135,168.84,-136.16,-131.57
155,-125,-125,168.51,-135.89,-117.04
155,-125,125,168.51,-135.89,117.04
155,-125,135,168.84,-136.16,131.57
155,-125,145,168.91,-136.22,146.17
155,-125,155,168.7,-136.05,160.84
155,-125,165,168.19,-135.63,175.59
155,-125,175,167.35,-134.96,190.43
155,-125,185,166.13,-133.98,205.41
155,-115,-195,163.75,-121.49,-219.58
155,-115,-185,165.34,-122.67,-204.57
155,-115,-175,166.51,-123.54,-189.7
155,-115,-165,167.31,-124.14,-174.93
155,-115,-155,167.8,-124.49,-160.23
155,-115,-145,167.98,-124.63,-145.59
155,-115,-135,167.87,-124.55,-130.99
155,-115,135,167.87,-124.55,130.99
155,-115,145,167.98,-124.63,145.59
155,-115,155,167.8,-124.49,160.23
155,-115,165,167.31,-124.14,174.93
155,-115,175,166.51,-123.54,189.7
155,-115,185,165.34,-122.67,204.57
155,-115,195,163.75,-121.49,219.58
155,-105,-195,162.8,-110.29,-218.88
155,-105,-185,164.35,-111.33,-204.0
155,-105,-175,165.49,-112.11,-189.22
155,-105,-165,166.28,-112.64,-174.51
155,-105,-155,166.74,-112.96,-159.85
155,-105,-145,166.91,-113.07,-145.21
155,-105,-135,166.77,-112.98,-130.61
155,-105,135,166.77,-112.98,130.61
155,-105,145,166.91,-113.07,145.21
155,-105,155,166.74,-112.96,159.85
155,-105,165,166.28,-112.64,174.51
155,-105,175,165.49,-112.11,189.22
155,-105,185,164.35,-111.33,204.0
155,-105,195,162.8,-110.29,218.88
155,-95,-205,159.65,-97.85,-233.32
155,-95,-195,161.65,-99.07,-218.42
155,-95,-185,163.17,-100.01,-203.65
155,-95,-175,164.3,-100.7,-188.95
155,-95,-165,165.09,-101.18,-174.29
155,-95,-155,165.55,-101.47,-159.65
155,-95,-145,165.7,-101.56,-145.03
155,-95,145,165.7,-101.56,145.03
155,-95,155,165.55,-101.47,159.65
155,-95,165,165.09,-101.18,174.29
155,-95,175,164.3,-100.7,188.95
155,-95,185,163.17,-100.01,203.65
155,-95,195,161.65,-99.07,218.42
155,-95,205,159.65,-97.85,233.32
155,-85,-205,158.33,-86.83,-232.94
155,-85,-195,160.3,-87.91,-218.17
155,-85,-185,161.82,-88.74,-203.48
155,-85,-175,162.96,-89.37,-188.85
155,-85,-165,106.48,-58.39,-224.7
155,-85,-155,105.62,-57.92,-214.59
155,-85,155,105.62,-57.92,214.59
155,-85,165,106.48,-58.39,224.7
155,-85,175,162.96,-89.37,188.85
155,-85,185,161.82,-88.74,203.48
155,-85,195,160.3,-87.91,218.17
155,-85,205,158.33,-86.83,232.94
155,-75,-205,156.84,-75.89,-232.75
155,-75,-195,158.81,-76.84,-218.08
155,-75,-185,103.61,-50.13,-244.71
155,-75,-175,102.12,-49.41,-234.52
155,-75,-165,100.93,-48.84,-224.33
155,-75,-155,100.03,-48.4,-214.18
155,-75,155,100.03,-48.4,214.18
155,-75,165,100.93,-48.84,224.33
155,-75,175,102.12,-49.41,234.52
155,-75,185,103.61,-50.13,244.71
155,-75,195,158.81,-76.84,218.08
155,-75,205,156.84,-75.89,232.75
155,-65,-215,152.75,-64.06,-247.36
155,-65,-205,102.4,-42.94,-264.86
155,-65,-195,100.14,-42.0,-254.65
155,-65,-185,98.28,-41.21,-244.39
155,-65,-175,96.75,-40.57,-234.13
155,-65,-165,95.52,-40.06,-223.88
155,-65,165,95.52,-40.06,223.88
155,-65,175,96.75,-40.57,234.13
155,-65,185,98.28,-41.21,244.39
155,-65,195,100.14,-42.0,254.65
155,-65,205,102.4,-42.94,264.86
155,-65,215,152.75,-64.06,247.36
155,-55,-215,151.1,-53.62,-247.31
155,-55,-205,97.42,-34.57,-264.66
155,-55,-195,95.13,-33.76,-254.35
155,-55,-185,93.23,-33.08,-244.01
155,-55,-175,91.66,-32.53,-233.68
155,-55,-165,90.4,-32.08,-223.38
155,-55,165,90.4,-32.08,223.38
155,-55,175,91.66,-32.53,233.68
155,-55,185,93.23,-33.08,244.01
155,-55,195,95.13,-33.76,254.35
155,-55,205,97.42,-34.57,264.66
155,-55,215,151.1,-53.62,247.31
155,-45,-215,95.65,-27.77,-274.75
155,-45,-205,92.89,-26.97,-264.41
155,-45,-195,90.58,-26.3,-254.02
155,-45,-185,88.64,-25.73,-243.61
155,-45,-175,87.03,-25.27,-233.22
155,-45,-165,85.72,-24.89,-222.87
155,-45,165,85.72,-24.89,222.87
155,-45,175,87.03,-25.27,233.22
155,-45,185,88.64,-25.73,243.61
155,-45,195,90.58,-26.3,254.02
155,-45,205,92.89,-26.97,264.41
155,-45,215,95.65,-27.77,274.75
155,-35,-215,91.76,-20.72,-274.57
155,-35,-205,88.97,-20.09,-264.16
155,-35,-195,86.64,-19.56,-253.7
155,-35,-185,84.67,-19.12,-243.24
155,-35,-175,83.02,-18.75,-232.79
155,-35,175,83.02,-18.75,232.79
155,-35,185,84.67,-19.12,243.24
155,-35,195,86.64,-19.56,253.7
155,-35,205,88.97,-20.09,264.16
155,-35,215,91.76,-20.72,274.57
155,-25,-225,92.01,-14.84,-284.79
155,-25,-215,88.65,-14.3,-274.4
155,-25,-205,85.85,-13.85,-263.93
155,-25,-195,83.49,-13.47,-253.42
155,-25,-185,81.5,-13.14,-242.91
155,-25,-175,79.82,-12.87,-232.43
155,-25,175,79.82,-12.87,232.43
155,-25,185,81.5,-13.14,242.91
155,-25,195,83.49,-13.47,253.42
155,-25,205,85.85,-13.85,263.93
155,-25,215,88.65,-14.3,274.4
155,-25,225,92.01,-14.84,284.79
155,-15,-225,89.84,-8.69,-284.71
155,-15,-215,86.48,-8.37,-274.28
155,-15,-205,83.67,-8.1,-263.76
155,-15,-195,81.29,-7.87,-253.22
155,-15,-185,79.28,-7.67,-242.68
155,-15,-175,77.58,-7.51,-232.16
155,-15,175,77.58,-7.51,232.16
155,-15,185,79.28,-7.67,242.68
155,-15,195,81.29,-7.87,253.22
155,-15,205,83.67,-8.1,263.76
155,-15,215,86.48,-8.37,274.28
155,-15,225,89.84,-8.69,284.71
155,-5,-225,88.73,-2.86,-284.66
155,-5,-215,85.36,-2.75,-274.21
155,-5,-205,82.54,-2.66,-263.67
155,-5,-195,80.16,-2.59,-253.11
155,-5,-185,78.14,-2.52,-242.55
155,-5,-175,76.43,-2.47,-232.02
155,-5,175,76.43,-2.47,232.02
155,-5,185,78.14,-2.52,242.55
155,-5,195,80.16,-2.59,253.11
155,-5,205,82.54,-2.66,263.67
155,-5,215,85.36,-2.75,274.21
155,-5,225,88.73,-2.86,284.66
155,5,-225,88.73,2.86,-284.66
155,5,-215,85.36,2.75,-274.21
155,5,-205,82.54,2.66,-263.67
155,5,-195,80.16,2.59,-253.11
155,5,-185,78.14,2.52,-242.55
155,5,-175,76.43,2.47,-232.02
155,5,175,76.43,2.47,232.02
155,5,185,78.14,2.52,242.55
155,5,195,80.16,2.59,253.11
155,5,205,82.54,2.66,263.67
155,5,215,85.36,2.75,274.21
155,5,225,88.73,2.86,284.66
155,15,-225,89.84,8.69,-284.71
155,15,-215,86.48,8.37,-274.28
155,15,-205,83.67,8.1,-263.76
155,15,-195,81.29,7.87,-253.22
155,15,-185,79.28,7.67,-242.68
155,15,-175,77.58,7.51,-232.16
155,15,175,77.58,7.51,232.16
155,15,185,79.28,7.67,242.68
155,15,195,81.29,7.87,253.22
155,15,205,83.67,8.1,263.76
155,15,215,86.48,8.37,274.28
155,15,225,89.84,8.69,284.71
155,25,-225,92.01,14.84,-284.79
155,25,-215,88.65,14.3,-274.4
155,25,-205,85.85,13.85,-263.93
155,25,-195,83.49,13.47,-253.42
155,25,-185,81.5,13.14,-242.91
155,25,-175,79.82,12.87,-232.43
155,25,175,79.82,12.87,232.43
155,25,185,81.5,13.14,242.91
155,25,195,83.49,13.47,253.42
155,25,205,85.85,13.85,263.93
155,25,215,88.65,14.3,274.4
155,25,225,92.01,14.84,284.79
155,35,-215,91.76,20.72,-274.57
155,35,-205,88.97,20.09,-264.16
155,35,-195,86.64,19.56,-253.7
155,35,-185,84.67,19.12,-243.24
155,35,-175,83.02,18.75,-232.79
155,35,175,83.02,18.75,232.79
155,35,185,84.67,19.12,243.24
155,35,195,86.64,19.56,253.7
155,35,205,88.97,20.09,264.16
155,35,215,91.76,20.72,274.57
155,45,-215,95.65,27.77,-274.75
155,45,-205,92.89,26.97,-264.41
155,45,-195,90.58,26.3,-254.02
155,45,-185,88.64,25.73,-243.61
155,45,-175,87.03,25.27,-233.22
155,45,-165,85.72,24.89,-222.87
155,45,165,85.72,24.89,222.87
155,45,175,87.03,25.27,233.22
155,45,185,88.64,25.73,243.61
155,45,195,90.58,26.3,254.02
155,45,205,92.89,26.97,264.41
155,45,215,95.65,27.77,274.75
155,55,-215,151.1,53.62,-247.31
155,55,-205,97.42,34.57,-264.66
155,55,-195,95.13,33.76,-254.35
155,55,-185,93.23,33.08,-244.01
155,55,-175,91.66,32.53,-233.68
155,55,-165,90.4,32.08,-223.38
155,55,165,90.4,32.08,223.38
155,55,175,91.66,32.53,233.68
155,55,185,93.23,33.08,244.01
155,55,195,95.13,33.76,254.35
155,55,205,97.42,34.57,264.66
155,55,215,151.1,53.62,247.31
155,65,-215,152.75,64.06,-247.36
155,65,-205,102.4,42.94,-264.86
155,65,-195,100.14,42.0,-254.65
155,65,-185,98.28,41.21,-244.39
155,65,-175,96.75,40.57,-234.13
155,65,-165,95.52,40.06,-223.88
155,65,165,95.52,40.06,223.88
155,65,175,96.75,40.57,234.13
155,65,185,98.28,41.21,244.39
155,65,195,100.14,42.0,254.65
155,65,205,102.4,42.94,264.86
155,65,215,152.75,64.06,247.36
155,75,-205,156.84,75.89,-232.75
155,75,-195,158.81,76.84,-218.08
155,75,-185,103.61,50.13,-244.71
155,75,-175,102.12,49.41,-234.52
155,75,-165,100.93,48.84,-224.33
155,75,-155,100.03,48.4,-214.18
155,75,155,100.03,48.4,214.18
155,75,165,100.93,48.84,224.33
155,75,175,102.12,49.41,234.52
155,75,185,103.61,50.13,244.71
155,75,195,158.81,76.84,218.08
155,75,205,156.84,75.89,232.75
155,85,-205,158.33,86.83,-232.94
155,85,-195,160.3,87.91,-218.17
155,85,-185,161.82,88.74,-203.48
155,85,-175,162.96,89.37,-188.85
155,85,-165,106.48,58.39,-224.7
155,85,-155,105.62,57.92,-214.59
155,85,155,105.62,57.92,214.59
155,85,165,106.48,58.39,224.7
155,85,175,162.96,89.37,188.85
155,85,185,161.82,88.74,203.48
155,85,195,160.3,87.91,218.17
155,85,205,158.33,86.83,232.94
155,95,-205,159.65,97.85,-233.32
155,95,-195,161.65,99.07,-218.42
155,95,-185,163.17,100.01,-203.65
155,95,-175,164.3,100.7,-188.95
155,95,-165,165.09,101.18,-174.29
155,95,-155,165.55,101.47,-159.65
155,95,-145,165.7,101.56,-145.03
155,95,145,165.7,101.56,145.03
155,95,155,165.55,101.47,159.65
155,95,165,165.09,101.18,174.29
155,95,175,164.3,100.7,188.95
155,95,185,163.17,100.01,203.65
155,95,195,161.65,99.07,218.42
155,95,205,159.65,97.85,233.32
155,105,-195,162.8,110.29,-218.88
155,105,-185,164.35,111.33,-204.0
155,105,-175,165.49,112.11,-189.22
155,105,-165,166.28,112.64,-174.51
155,105,-155,166.74,112.96,-159.85
155,105,-145,166.91,113.07,-145.21
155,105,-135,166.77,112.98,-130.61
155,105,135,166.77,112.98,130.61
155,105,145,166.91,113.07,145.21
155,105,155,166.74,112.96,159.85
155,105,165,166.28,112.64,174.51
155,105,175,165.49,112.11,189.22
155,105,185,164.35,111.33,204.0
155,105,195,162.8,110.29,218.88
155,115,-195,163.75,121.49,-219.58
155,115,-185,165.34,122.67,-204.57
155,115,-175,166.51,123.54,-189.7
155,115,-165,167.31,124.14,-174.93
155,115,-155,167.8,124.49,-160.23
155,115,-145,167.98,124.63,-145.59
155,115,-135,167.87,124.55,-130.99
155,115,135,167.87,124.55,130.99
155,115,145,167.98,124.63,145.59
155,115,155,167.8,124.49,160.23
155,115,165,167.31,124.14,174.93
155,115,175,166.51,123.54,189.7
155,115,185,165.34,122.67,204.57
155,115,195,163.75,121.49,219.58
155,125,-185,166.13,133.98,-205.41
155,125,-175,167.35,134.96,-190.43
155,125,-165,168.19,135.63,-175.59
155,125,-155,168.7,136.05,-160.84
155,125,-145,168.91,136.22,-146.17
155,125,-135,168.84,136.16,-131.57
155,125,-125,168.51,135.89,-117.04
155,125,125,168.51,135.89,117.04
155,125,135,168.84,136.16,131.57
155,125,145,168.91,136.22,146.17
155,125,155,168.7,136.05,160.84
155,125,165,168.19,135.63,175.59
155,125,175,167.35,134.96,190.43
155,125,185,166.13,133.98,205.41
155,135,-175,167.99,146.32,-191.45
155,135,-165,168.89,147.09,-176.51
155,135,-155,169.44,147.58,-161.7
155,135,-145,169.7,147.8,-147.0
155,135,-135,169.68,147.79,-132.39
155,135,-125,169.4,147.55,-117.86
155,135,-115,168.88,147.09,-103.43
155,135,-105,168.11,146.42,-89.1
155,135,105,168.11,146.42,89.1
155,135,115,168.88,147.09,103.43
155,135,125,169.4,147.55,117.86
155,135,135,169.68,147.79,132.39
155,135,145,169.7,147.8,147.0
155,135,155,169.44,147.58,161.7
155,135,165,168.89,147.09,176.51
155,135,175,167.99,146.32,191.45
155,145,-165,169.41,158.48,-177.74
155,145,-155,170.03,159.06,-162.84
155,145,-145,170.35,159.36,-148.09
155,145,-135,170.39,159.4,-133.45
155,145,-125,170.18,159.2,-118.93
155,145,-115,169.73,158.78,-104.51
155,145,-105,169.06,158.15,-90.21
155,145,-95,168.16,157.31,-76.03
155,145,95,168.16,157.31,76.03
155,145,105,169.06,158.15,90.21
155,145,115,169.73,158.78,104.51
155,145,125,170.18,159.2,118.93
155,145,135,170.39,159.4,133.45
155,145,145,170.35,159.36,148.09
155,145,155,170.03,159.06,162.84
155,145,165,169.41,158.48,177.74
155,155,-165,169.75,169.75,-179.34
155,155,-155,170.46,170.46,-164.31
155,155,-145,170.86,170.86,-149.48
155,155,-135,170.98,170.98,-134.8
155,155,-125,170.84,170.84,-120.26
155,155,-115,170.48,170.48,-105.84
155,155,-105,169.9,169.9,-91.56
155,155,-95,169.11,169.11,-77.41
155,155,-85,168.13,168.13,-63.41
155,155,-75,166.98,166.98,-49.57
155,155,75,166.98,166.98,49.57
155,155,85,168.13,168.13,63.41
155,155,95,169.11,169.11,77.41
155,155,105,169.9,169.9,91.56
155,155,115,170.48,170.48,105.84
155,155,125,170.84,170.84,120.26
155,155,135,170.98,170.98,134.8
155,155,145,170.86,170.86,149.48
155,155,155,170.46,170.46,164.31
155,155,165,169.75,169.75,179.34
155,165,-155,170.72,181.73,-166.19
155,165,-145,171.22,182.26,-151.23
155,165,-135,171.43,182.49,-136.47
155,165,-125,171.38,182.44,-121.89
155,165,-115,171.11,182.15,-107.46
155,165,-105,170.63,181.64,-93.17
155,165,-95,169.96,180.92,-79.04
155,165,-85,169.11,180.02,-65.07
155,165,-75,168.09,178.93,-51.26
155,165,-65,166.92,177.69,-37.64
155,165,-55,165.62,176.3,-24.21
155,165,-45,164.2,174.8,-10.99
155,165,45,164.2,174.8,10.99
155,165,55,165.62,176.3,24.21
155,165,65,166.92,177.69,37.64
155,165,75,168.09,178.93,51.26
155,165,85,169.11,180.02,65.07
155,165,95,169.96,180.92,79.04
155,165,105,170.63,181.64,93.17
155,165,115,171.11,182.15,107.46
155,165,125,171.38,182.44,121.89
155,165,135,171.43,182.49,136.47
155,165,145,171.22,182.26,151.23
155,165,155,170.72,181.73,166.19
155,175,-135,171.74,193.9,-138.53
155,175,-125,171.8,193.97,-123.87
155,175,-115,171.63,193.78,-109.39
155,175,-105,171.26,193.36,-95.09
155,175,-95,170.7,192.73,-80.95
155,175,-85,169.97,191.9,-66.99
155,175,-75,169.09,190.91,-53.2
155,175,-65,168.07,189.75,-39.6
155,175,-55,166.92,188.46,-26.19
155,175,-45,153.28,173.06,-95.72
155,175,-35,154.49,174.43,-84.51
155,175,-25,155.8,175.9,-73.11
155,175,-15,157.17,177.45,-61.49
155,175,-5,158.6,179.06,-49.65
155,175,5,158.6,179.06,49.65
155,175,15,157.17,177.45,61.49
155,175,25,155.8,175.9,73.11
155,175,35,154.49,174.43,84.51
155,175,45,153.28,173.06,95.72
155,175,55,166.92,188.46,26.19
155,175,65,168.07,189.75,39.6
155,175,75,169.09,190.91,53.2
155,175,85,169.97,191.9,66.99
155,175,95,170.7,192.73,80.95
155,175,105,171.26,193.36,95.09
155,175,115,171.63,193.78,109.39
155,175,125,171.8,193.97,123.87
155,175,135,171.74,193.9,138.53
155,185,-125,172.08,205.39,-126.28
155,185,-115,172.04,205.33,-111.71
155,185,-105,171.78,205.03,-97.35
155,185,-95,171.34,204.5,-83.19
155,185,-85,170.74,203.78,-69.21
155,185,-75,169.98,202.88,-55.42
155,185,-65,154.3,184.17,-115.56
155,185,-55,155.16,185.19,-104.69
155,185,-45,156.13,186.34,-93.63
155,185,-35,157.19,187.62,-82.39
155,185,-25,158.34,188.99,-70.95
155,185,-15,159.55,190.43,-59.3
155,185,-5,160.8,191.93,-47.43
155,185,5,160.8,191.93,47.43
155,185,15,159.55,190.43,59.3
155,185,25,158.34,188.99,70.95
155,185,35,157.19,187.62,82.39
155,185,45,156.13,186.34,93.63
155,185,55,155.16,185.19,104.69
155,185,65,154.3,184.17,115.56
155,185,75,169.98,202.88,55.42
155,185,85,170.74,203.78,69.21
155,185,95,171.34,204.5,83.19
155,185,105,171.78,205.03,97.35
155,185,115,172.04,205.33,111.71
155,185,125,172.08,205.39,126.28
155,195,-115,172.3,216.77,-114.51
155,195,-105,172.18,216.61,-100.05
155,195,-95,171.87,216.22,-85.81
155,195,-85,171.39,215.62,-71.79
155,195,-75,156.59,196.99,-123.92
155,195,-65,157.19,197.76,-113.21
155,195,-55,157.92,198.68,-102.32
155,195,-45,158.76,199.73,-91.25
155,195,-35,159.68,200.89,-79.98
155,195,-25,160.68,202.15,-68.51
155,195,-15,161.74,203.47,-56.83
155,195,-5,162.83,204.85,-44.94
155,195,5,162.83,204.85,44.94
155,195,15,161.74,203.47,56.83
155,195,25,160.68,202.15,68.51
155,195,35,159.68,200.89,79.98
155,195,45,158.76,199.73,91.25
155,195,55,157.92,198.68,102.32
155,195,65,157.19,197.76,113.21
155,195,75,156.59,196.99,123.92
155,195,85,171.39,215.62,71.79
155,195,95,171.87,216.22,85.81
155,195,105,172.18,216.61,100.05
155,195,115,172.3,216.77,114.51
155,205,-95,172.27,227.84,-88.94
155,205,-85,171.93,227.39,-74.83
155,205,-75,171.45,226.76,-60.96
155,205,-65,170.85,225.96,-47.31
155,205,-55,170.14,225.02,-33.88
155,205,-45,169.34,223.97,-20.66
155,205,-35,161.98,214.24,-77.21
155,205,-25,162.84,215.37,-65.73
155,205,-15,163.75,216.57,-54.04
155,205,-5,164.69,217.82,-42.13
155,205,5,164.69,217.82,42.13
155,205,15,163.75,216.57,54.04
155,205,25,162.84,215.37,65.73
155,205,35,161.98,214.24,77.21
155,205,45,169.34,223.97,20.66
155,205,55,170.14,225.02,33.88
155,205,65,170.85,225.96,47.31
155,205,75,171.45,226.76,60.96
155,205,85,171.93,227.39,74.83
155,205,95,172.27,227.84,88.94
155,215,-65,171.54,237.95,-50.75
155,215,-55,170.98,237.16,-37.25
155,215,-45,170.33,236.26,-23.99
155,215,-35,169.61,235.26,-10.96
155,215,-25,168.84,234.2,1.84
155,215,-15,168.04,233.09,14.42
155,215,-5,167.22,231.95,26.78
155,215,5,167.22,231.95,-26.78
155,215,15,168.04,233.09,-14.42
155,215,25,168.84,234.2,-1.84
155,215,35,169.61,235.26,10.96
155,215,45,170.33,236.26,23.99
155,215,55,170.98,237.16,37.25
155,215,65,171.54,237.95,50.75
155,225,-25,169.99,246.76,-1.98
155,225,-15,169.33,245.8,10.63
155,225,-5,168.66,244.82,23.01
155,225,5,168.66,244.82,-23.01
155,225,15,169.33,245.8,-10.63
155,225,25,169.99,246.76,1.98
165,-215,-45,180.26,-234.89,-25.72
165,-215,-35,179.58,-233.99,-12.66
165,-215,-25,178.83,-233.03,0.16
165,-215,-15,178.06,-232.01,12.75
165,-215,-5,177.26,-230.98,25.12
165,-215,5,177.26,-230.98,-25.12
165,-215,15,178.06,-232.01,-12.75
165,-215,25,178.83,-233.03,-0.16
165,-215,35,179.58,-233.99,12.66
165,-215,45,180.26,-234.89,25.72
165,-205,-75,181.22,-225.15,-62.58
165,-205,-65,180.66,-224.45,-48.89
165,-205,-55,179.98,-223.61,-35.44
165,-205,-45,179.22,-222.66,-22.21
165,-205,-35,178.38,-221.62,-9.2
165,-205,-25,177.49,-220.52,3.59
165,-205,-15,176.57,-219.37,16.16
165,-205,-5,175.62,-218.2,28.51
165,-205,5,175.62,-218.2,-28.51
165,-205,15,176.57,-219.37,-16.16
165,-205,25,177.49,-220.52,-3.59
165,-205,35,178.38,-221.62,9.2
165,-205,45,179.22,-222.66,22.21
165,-205,55,179.98,-223.61,35.44
165,-205,65,180.66,-224.45,48.89
165,-205,75,181.22,-225.15,62.58
165,-195,-95,181.5,-214.5,-87.32
165,-195,-85,181.07,-213.99,-73.27
165,-195,-75,180.49,-213.3,-59.43
165,-195,-65,179.78,-212.46,-45.81
165,-195,-55,167.96,-198.49,-100.98
165,-195,-45,168.77,-199.45,-89.9
165,-195,-35,169.67,-200.52,-78.62
165,-195,-25,170.64,-201.67,-67.15
165,-195,-15,171.68,-202.89,-55.46
165,-195,-5,172.75,-204.16,-43.56
165,-195,5,172.75,-204.16,43.56
165,-195,15,171.68,-202.89,55.46
165,-195,25,170.64,-201.67,67.15
165,-195,35,169.67,-200.52,78.62
165,-195,45,168.77,-199.45,89.9
165,-195,55,167.96,-198.49,100.98
165,-195,65,179.78,-212.46,45.81
165,-195,75,180.49,-213.3,59.43
165,-195,85,181.07,-213.99,73.27
165,-195,95,181.5,-214.5,87.32
165,-185,-115,181.51,-203.51,-113.13
165,-185,-105,181.31,-203.28,-98.73
165,-185,-95,180.91,-202.84,-84.53
165,-185,-85,180.35,-202.21,-70.54
165,-185,-75,179.63,-201.41,-56.74
165,-185,-65,164.3,-184.21,-114.36
165,-185,-55,165.13,-185.14,-103.47
165,-185,-45,166.07,-186.2,-92.4
165,-185,-35,167.12,-187.37,-81.14
165,-185,-25,168.24,-188.63,-69.68
165,-185,-15,169.43,-189.97,-58.02
165,-185,-5,170.66,-191.35,-46.14
165,-185,5,170.66,-191.35,46.14
165,-185,15,169.43,-189.97,58.02
165,-185,25,168.24,-188.63,69.68
165,-185,35,167.12,-187.37,81.14
165,-185,45,166.07,-186.2,92.4
165,-185,55,165.13,-185.14,103.47
165,-185,65,164.3,-184.21,114.36
165,-185,75,179.63,-201.41,56.74
165,-185,85,180.35,-202.21,70.54
165,-185,95,180.91,-202.84,84.53
165,-185,105,181.31,-203.28,98.73
165,-185,115,181.51,-203.51,113.13
165,-175,-125,181.16,-192.14,-125.16
165,-175,-115,181.06,-192.03,-110.64
165,-175,-105,180.73,-191.68,-96.31
165,-175,-95,180.21,-191.13,-82.17
165,-175,-85,179.52,-190.4,-68.2
165,-175,-75,178.67,-189.49,-54.41
165,-175,-65,177.67,-188.44,-40.82
165,-175,-55,176.56,-187.26,-27.42
165,-175,-45,175.34,-185.96,-14.23
165,-175,-35,164.37,-174.34,-83.35
165,-175,-25,165.65,-175.69,-71.93
165,-175,-15,167.0,-177.13,-60.29
165,-175,-5,168.4,-178.61,-48.43
165,-175,5,168.4,-178.61,48.43
165,-175,15,167.0,-177.13,60.29
165,-175,25,165.65,-175.69,71.93
165,-175,35,164.37,-174.34,83.35
165,-175,45,175.34,-185.96,14.23
165,-175,55,176.56,-187.26,27.42
165,-175,65,177.67,-188.44,40.82
165,-175,75,178.67,-189.49,54.41
165,-175,85,179.52,-190.4,68.2
165,-175,95,180.21,-191.13,82.17
165,-175,105,180.73,-191.68,96.31
165,-175,115,181.06,-192.03,110.64
165,-175,125,181.16,-192.14,125.16
165,-165,-145,180.39,-180.39,-152.47
165,-165,-135,180.68,-180.68,-137.65
165,-165,-125,180.7,-180.7,-123.02
165,-165,-115,180.47,-180.47,-108.57
165,-165,-105,180.04,-180.04,-94.27
165,-165,-95,179.4,-179.4,-80.14
165,-165,-85,178.58,-178.58,-66.18
165,-165,-75,177.59,-177.59,-52.39
165,-165,-65,176.45,-176.45,-38.78
165,-165,-55,175.18,-175.18,-25.36
165,-165,-45,173.8,-173.8,-12.16
165,-165,-35,172.32,-172.32,0.83
165,-165,-25,170.78,-170.78,13.6
165,-165,-15,164.39,-164.39,-62.31
165,-165,-5,165.96,-165.96,-50.48
165,-165,5,165.96,-165.96,50.48
165,-165,15,164.39,-164.39,62.31
165,-165,25,170.78,-170.78,-13.6
165,-165,35,172.32,-172.32,-0.83
165,-165,45,173.8,-173.8,12.16
165,-165,55,175.18,-175.18,25.36
165,-165,65,176.45,-176.45,38.78
165,-165,75,177.59,-177.59,52.39
165,-165,85,178.58,-178.58,66.18
165,-165,95,179.4,-179.4,80.14
165,-165,105,180.04,-180.04,94.27
165,-165,115,180.47,-180.47,108.57
165,-165,125,180.7,-180.7,123.02
165,-165,135,180.68,-180.68,137.65
165,-165,145,180.39,-180.39,152.47
165,-155,-155,179.52,-168.64,-165.45
165,-155,-145,180.0,-169.09,-150.54
165,-155,-135,180.18,-169.26,-135.82
165,-155,-125,180.1,-169.18,-121.25
165,-155,-115,179.78,-168.88,-106.83
165,-155,-105,179.23,-168.37,-92.55
165,-155,-95,178.48,-167.66,-78.41
165,-155,-85,177.53,-166.77,-64.43
165,-155,-75,176.41,-165.72,-50.62
165,-155,-65,175.12,-164.51,-36.98
165,-155,-55,173.69,-163.16,-23.54
165,-155,55,173.69,-163.16,23.54
165,-155,65,175.12,-164.51,36.98
165,-155,75,176.41,-165.72,50.62
165,-155,85,177.53,-166.77,64.43
165,-155,95,178.48,-167.66,78.41
165,-155,105,179.23,-168.37,92.55
165,-155,115,179.78,-168.88,106.83
165,-155,125,180.1,-169.18,121.25
165,-155,135,180.18,-169.26,135.82
165,-155,145,180.0,-169.09,150.54
165,-155,155,179.52,-168.64,165.45
165,-145,-165,178.34,-156.73,-178.77
165,-145,-155,179.06,-157.36,-163.79
165,-145,-145,179.45,-157.7,-148.99
165,-145,-135,179.54,-157.78,-134.33
165,-145,-125,179.38,-157.63,-119.79
165,-145,-115,178.96,-157.27,-105.38
165,-145,-105,178.32,-156.71,-91.09
165,-145,-95,177.46,-155.95,-76.94
165,-145,-85,176.39,-155.01,-62.92
165,-145,85,176.39,-155.01,62.92
165,-145,95,177.46,-155.95,76.94
165,-145,105,178.32,-156.71,91.09
165,-145,115,178.96,-157.27,105.38
165,-145,125,179.38,-157.63,119.79
165,-145,135,179.54,-157.78,134.33
165,-145,145,179.45,-157.7,148.99
165,-145,155,179.06,-157.36,163.79
165,-145,165,178.34,-156.73,178.77
165,-135,-165,177.81,-145.48,-177.36
165,-135,-155,178.44,-146.0,-162.49
165,-135,-145,178.76,-146.25,-147.75
165,-135,-135,178.78,-146.28,-133.13
165,-135,-125,178.54,-146.08,-118.61
165,-135,-115,178.04,-145.67,-104.19
165,-135,-105,177.31,-145.07,-89.88
165,-135,-95,176.33,-144.27,-75.69
165,-135,95,176.33,-144.27,75.69
165,-135,105,177.31,-145.07,89.88
165,-135,115,178.04,-145.67,104.19
165,-135,125,178.54,-146.08,118.61
165,-135,135,178.78,-146.28,133.13
165,-135,145,178.76,-146.25,147.75
165,-135,155,178.44,-146.0,162.49
165,-135,165,177.81,-145.48,177.36
165,-125,-175,176.17,-133.47,-191.19
165,-125,-165,177.1,-134.16,-176.27
165,-125,-155,177.67,-134.6,-161.48
165,-125,-145,177.93,-134.79,-146.79
165,-125,-135,177.9,-134.77,-132.18
165,-125,-125,177.59,-134.54,-117.66
165,-125,-115,177.02,-134.11,-103.22
165,-125,115,177.02,-134.11,103.22
165,-125,125,177.59,-134.54,117.66
165,-125,135,177.9,-134.77,132.18
165,-125,145,177.93,-134.79,146.79
165,-125,155,177.67,-134.6,161.48
165,-125,165,177.1,-134.16,176.27
165,-125,175,176.17,-133.47,191.19
165,-115,-185,174.09,-121.34,-205.26
165,-115,-175,175.35,-122.22,-190.3
165,-115,-165,176.23,-122.82,-175.46
165,-115,-155,176.75,-123.19,-160.73
165,-115,-145,176.97,-123.34,-146.06
165,-115,-135,176.89,-123.29,-131.47
165,-115,-125,176.53,-123.04,-116.93
165,-115,125,176.53,-123.04,116.93
165,-115,135,176.89,-123.29,131.47
165,-115,145,176.97,-123.34,146.06
165,-115,155,176.75,-123.19,160.73
165,-115,165,176.23,-122.82,175.46
165,-115,175,175.35,-122.22,190.3
165,-115,185,174.09,-121.34,205.26
165,-105,-185,173.15,-110.18,-204.51
165,-105,-175,174.36,-110.96,-189.65
165,-105,-165,175.2,-111.49,-174.89
165,-105,-155,175.71,-111.81,-160.19
165,-105,-145,175.89,-111.93,-145.55
165,-105,-135,175.78,-111.86,-130.95
165,-105,135,175.78,-111.86,130.95
165,-105,145,175.89,-111.93,145.55
165,-105,155,175.71,-111.81,160.19
165,-105,165,175.2,-111.49,174.89
165,-105,175,174.36,-110.96,189.65
165,-105,185,173.15,-110.18,204.51
165,-95,-195,170.42,-98.12,-218.88
165,-95,-185,172.03,-99.05,-204.0
165,-95,-175,173.23,-99.74,-189.22
165,-95,-165,174.05,-100.21,-174.51
165,-95,-155,174.54,-100.49,-159.85
165,-95,-145,174.71,-100.59,-145.21
165,-95,-135,174.57,-100.51,-130.61
165,-95,135,174.57,-100.51,130.61
165,-95,145,174.71,-100.59,145.21
165,-95,155,174.54,-100.49,159.85
165,-95,165,174.05,-100.21,174.51
165,-95,175,173.23,-99.74,189.22
165,-95,185,172.03,-99.05,204.0
165,-95,195,170.42,-98.12,218.88
165,-85,-195,169.19,-87.16,-218.46
165,-85,-185,170.78,-87.98,-203.67
165,-85,-175,171.97,-88.59,-188.97
165,-85,-165,172.79,-89.01,-174.3
165,-85,-155,173.27,-89.26,-159.66
165,-85,-145,173.43,-89.34,-145.04
165,-85,145,173.43,-89.34,145.04
165,-85,155,173.27,-89.26,159.66
165,-85,165,172.79,-89.01,174.3
165,-85,175,171.97,-88.59,188.97
165,-85,185,170.78,-87.98,203.67
165,-85,195,169.19,-87.16,218.46
165,-75,-205,165.77,-75.35,-233.01
165,-75,-195,167.84,-76.29,-218.21
165,-75,-185,169.43,-77.01,-203.51
165,-75,-175,170.61,-77.55,-188.86
165,-75,-165,171.44,-77.93,-174.23
165,-75,-155,111.73,-50.79,-214.67
165,-75,155,111.73,-50.79,214.67
165,-75,165,171.44,-77.93,174.23
165,-75,175,170.61,-77.55,188.86
165,-75,185,169.43,-77.01,203.51
165,-75,195,167.84,-76.29,218.21
165,-75,205,165.77,-75.35,233.01
165,-65,-205,164.37,-64.75,-232.8
165,-65,-195,166.42,-65.56,-218.1
165,-65,-185,110.39,-43.49,-244.8
165,-65,-175,108.84,-42.88,-234.65
165,-65,-165,107.62,-42.4,-224.49
165,-65,-155,106.7,-42.03,-214.35
165,-65,155,106.7,-42.03,214.35
165,-65,165,107.62,-42.4,224.49
165,-65,175,108.84,-42.88,234.65
165,-65,185,110.39,-43.49,244.8
165,-65,195,166.42,-65.56,218.1
165,-65,205,164.37,-64.75,232.8
165,-55,-205,162.94,-54.31,-232.71
165,-55,-195,107.7,-35.9,-254.79
165,-55,-185,105.77,-35.26,-244.59
165,-55,-175,104.2,-34.73,-234.37
165,-55,-165,102.94,-34.31,-224.16
165,-55,-155,101.99,-34.0,-213.98
165,-55,155,101.99,-34.0,213.98
165,-55,165,102.94,-34.31,224.16
165,-55,175,104.2,-34.73,234.37
165,-55,185,105.77,-35.26,244.59
165,-55,195,107.7,-35.9,254.79
165,-55,205,162.94,-54.31,232.71
165,-45,-215,158.97,-43.35,-247.34
165,-45,-205,105.92,-28.89,-264.83
165,-45,-195,103.56,-28.24,-254.6
165,-45,-185,101.61,-27.71,-244.33
165,-45,-175,100.0,-27.27,-234.06
165,-45,-165,98.72,-26.92,-223.81
165,-45,165,98.72,-26.92,223.81
165,-45,175,100.0,-27.27,234.06
165,-45,185,101.61,-27.71,244.33
165,-45,195,103.56,-28.24,254.6
165,-45,205,105.92,-28.89,264.83
165,-45,215,158.97,-43.35,247.34
165,-35,-215,157.73,-33.46,-247.31
165,-35,-205,102.39,-21.72,-264.7
165,-35,-195,100.02,-21.22,-254.4
165,-35,-185,98.04,-20.8,-244.08
165,-35,-175,96.42,-20.45,-233.76
165,-35,-165,95.1,-20.17,-223.47
165,-35,165,95.1,-20.17,223.47
165,-35,175,96.42,-20.45,233.76
165,-35,185,98.04,-20.8,244.08
165,-35,195,100.02,-21.22,254.4
165,-35,205,102.39,-21.72,264.7
165,-35,215,157.73,-33.46,247.31
165,-25,-215,102.47,-15.53,-274.85
165,-25,-205,99.6,-15.09,-264.57
165,-25,-195,97.21,-14.73,-254.23
165,-25,-185,95.22,-14.43,-243.86
165,-25,-175,93.57,-14.18,-233.51
165,-25,-165,92.23,-13.97,-223.18
165,-25,165,92.23,-13.97,223.18
165,-25,175,93.57,-14.18,233.51
165,-25,185,95.22,-14.43,243.86
165,-25,195,97.21,-14.73,254.23
165,-25,205,99.6,-15.09,264.57
165,-25,215,102.47,-15.53,274.85
165,-15,-215,100.54,-9.14,-274.78
165,-15,-205,97.67,-8.88,-264.46
165,-15,-195,95.27,-8.66,-254.09
165,-15,-185,93.26,-8.48,-243.7
165,-15,-175,91.6,-8.33,-233.32
165,-15,-165,90.24,-8.2,-222.98
165,-15,165,90.24,-8.2,222.98
165,-15,175,91.6,-8.33,233.32
165,-15,185,93.26,-8.48,243.7
165,-15,195,95.27,-8.66,254.09
165,-15,205,97.67,-8.88,264.46
165,-15,215,100.54,-9.14,274.78
165,-5,-215,99.56,-3.02,-274.75
165,-5,-205,96.68,-2.93,-264.41
165,-5,-195,94.27,-2.86,-254.02
165,-5,-185,92.26,-2.8,-243.61
165,-5,-175,90.58,-2.74,-233.22
165,-5,-165,89.22,-2.7,-222.87
165,-5,165,89.22,-2.7,222.87
165,-5,175,90.58,-2.74,233.22
165,-5,185,92.26,-2.8,243.61
165,-5,195,94.27,-2.86,254.02
165,-5,205,96.68,-2.93,264.41
165,-5,215,99.56,-3.02,274.75
165,5,-215,99.56,3.02,-274.75
165,5,-205,96.68,2.93,-264.41
165,5,-195,94.27,2.86,-254.02
165,5,-185,92.26,2.8,-243.61
165,5,-175,90.58,2.74,-233.22
165,5,-165,89.22,2.7,-222.87
165,5,165,89.22,2.7,222.87
165,5,175,90.58,2.74,233.22
165,5,185,92.26,2.8,243.61
165,5,195,94.27,2.86,254.02
165,5,205,96.68,2.93,264.41
165,5,215,99.56,3.02,274.75
165,15,-215,100.54,9.14,-274.78
165,15,-205,97.67,8.88,-264.46
165,15,-195,95.27,8.66,-254.09
165,15,-185,93.26,8.48,-243.7
165,15,-175,91.6,8.33,-233.32
165,15,-165,90.24,8.2,-222.98
165,15,165,90.24,8.2,222.98
165,15,175,91.6,8.33,233.32
165,15,185,93.26,8.48,243.7
165,15,195,95.27,8.66,254.09
165,15,205,97.67,8.88,264.46
165,15,215,100.54,9.14,274.78
165,25,-215,102.47,15.53,-274.85
165,25,-205,99.6,15.09,-264.57
165,25,-195,97.21,14.73,-254.23
165,25,-185,95.22,14.43,-243.86
165,25,-175,93.57,14.18,-233.51
165,25,-165,92.23,13.97,-223.18
165,25,165,92.23,13.97,223.18
165,25,175,93.57,14.18,233.51
165,25,185,95.22,14.43,243.86
165,25,195,97.21,14.73,254.23
165,25,205,99.6,15.09,264.57
165,25,215,102.47,15.53,274.85
165,35,-215,157.73,33.46,-247.31
165,35,-205,102.39,21.72,-264.7
165,35,-195,100.02,21.22,-254.4
165,35,-185,98.04,20.8,-244.08
165,35,-175,96.42,20.45,-233.76
165,35,-165,95.1,20.17,-223.47
165,35,165,95.1,20.17,223.47
165,35,175,96.42,20.45,233.76
165,35,185,98.04,20.8,244.08
165,35,195,100.02,21.22,254.4
165,35,205,102.39,21.72,264.7
165,35,215,157.73,33.46,247.31
165,45,-215,158.97,43.35,-247.34
165,45,-205,105.92,28.89,-264.83
165,45,-195,103.56,28.24,-254.6
165,45,-185,101.61,27.71,-244.33
165,45,-175,100.0,27.27,-234.06
165,45,-165,98.72,26.92,-223.81
165,45,165,98.72,26.92,223.81
165,45,175,100.0,27.27,234.06
165,45,185,101.61,27.71,244.33
165,45,195,103.56,28.24,254.6
165,45,205,105.92,28.89,264.83
165,45,215,158.97,43.35,247.34
165,55,-205,162.94,54.31,-232.71
165,55,-195,107.7,35.9,-254.79
165,55,-185,105.77,35.26,-244.59
165,55,-175,104.2,34.73,-234.37
165,55,-165,102.94,34.31,-224.16
165,55,-155,101.99,34.0,-213.98
165,55,155,101.99,34.0,213.98
165,55,165,102.94,34.31,224.16
165,55,175,104.2,34.73,234.37
165,55,185,105.77,35.26,244.59
165,55,195,107.7,35.9,254.79
165,55,205,162.94,54.31,232.71
165,65,-205,164.37,64.75,-232.8
165,65,-195,166.42,65.56,-218.1
165,65,-185,110.39,43.49,-244.8
165,65,-175,108.84,42.88,-234.65
165,65,-165,107.62,42.4,-224.49
165,65,-155,106.7,42.03,-214.35
165,65,155,106.7,42.03,214.35
165,65,165,107.62,42.4,224.49
165,65,175,108.84,42.88,234.65
165,65,185,110.39,43.49,244.8
165,65,195,166.42,65.56,218.1
165,65,205,164.37,64.75,232.8
165,75,-205,165.77,75.35,-233.01
165,75,-195,167.84,76.29,-218.21
165,75,-185,169.43,77.01,-203.51
165,75,-175,170.61,77.55,-188.86
165,75,-165,171.44,77.93,-174.23
165,75,-155,111.73,50.79,-214.67
165,75,155,111.73,50.79,214.67
165,75,165,171.44,77.93,174.23
165,75,175,170.61,77.55,188.86
165,75,185,169.43,77.01,203.51
165,75,195,167.84,76.29,218.21
165,75,205,165.77,75.35,233.01
165,85,-195,169.19,87.16,-218.46
165,85,-185,170.78,87.98,-203.67
165,85,-175,171.97,88.59,-188.97
165,85,-165,172.79,89.01,-174.3
165,85,-155,173.27,89.26,-159.66
165,85,-145,173.43,89.34,-145.04
165,85,145,173.43,89.34,145.04
165,85,155,173.27,89.26,159.66
165,85,165,172.79,89.01,174.3
165,85,175,171.97,88.59,188.97
165,85,185,170.78,87.98,203.67
165,85,195,169.19,87.16,218.46
165,95,-195,170.42,98.12,-218.88
165,95,-185,172.03,99.05,-204.0
165,95,-175,173.23,99.74,-189.22
165,95,-165,174.05,100.21,-174.51
165,95,-155,174.54,100.49,-159.85
165,95,-145,174.71,100.59,-145.21
165,95,-135,174.57,100.51,-130.61
165,95,135,174.57,100.51,130.61
165,95,145,174.71,100.59,145.21
165,95,155,174.54,100.49,159.85
165,95,165,174.05,100.21,174.51
165,95,175,173.23,99.74,189.22
165,95,185,172.03,99.05,204.0
165,95,195,170.42,98.12,218.88
165,105,-185,173.15,110.18,-204.51
165,105,-175,174.36,110.96,-189.65
165,105,-165,175.2,111.49,-174.89
165,105,-155,175.71,111.81,-160.19
165,105,-145,175.89,111.93,-145.55
165,105,-135,175.78,111.86,-130.95
165,105,135,175.78,111.86,130.95
165,105,145,175.89,111.93,145.55
165,105,155,175.71,111.81,160.19
165,105,165,175.2,111.49,174.89
165,105,175,174.36,110.96,189.65
165,105,185,173.15,110.18,204.51
165,115,-185,174.09,121.34,-205.26
165,115,-175,175.35,122.22,-190.3
165,115,-165,176.23,122.82,-175.46
165,115,-155,176.75,123.19,-160.73
165,115,-145,176.97,123.34,-146.06
165,115,-135,176.89,123.29,-131.47
165,115,-125,176.53,123.04,-116.93
165,115,125,176.53,123.04,116.93
165,115,135,176.89,123.29,131.47
165,115,145,176.97,123.34,146.06
165,115,155,176.75,123.19,160.73
165,115,165,176.23,122.82,175.46
165,115,175,175.35,122.22,190.3
165,115,185,174.09,121.34,205.26
165,125,-175,176.17,133.47,-191.19
165,125,-165,177.1,134.16,-176.27
165,125,-155,177.67,134.6,-161.48
165,125,-145,177.93,134.79,-146.79
165,125,-135,177.9,134.77,-132.18
165,125,-125,177.59,134.54,-117.66
165,125,-115,177.02,134.11,-103.22
165,125,115,177.02,134.11,103.22
165,125,125,177.59,134.54,117.66
165,125,135,177.9,134.77,132.18
165,125,145,177.93,134.79,146.79
165,125,155,177.67,134.6,161.48
165,125,165,177.1,134.16,176.27
165,125,175,176.17,133.47,191.19
165,135,-165,177.81,145.48,-177.36
165,135,-155,178.44,146.0,-162.49
165,135,-145,178.76,146.25,-147.75
165,135,-135,178.78,146.28,-133.13
165,135,-125,178.54,146.08,-118.61
165,135,-115,178.04,145.67,-104.19
165,135,-105,177.31,145.07,-89.88
165,135,-95,176.33,144.27,-75.69
165,135,95,176.33,144.27,75.69
165,135,105,177.31,145.07,89.88
165,135,115,178.04,145.67,104.19
165,135,125,178.54,146.08,118.61
165,135,135,178.78,146.28,133.13
165,135,145,178.76,146.25,147.75
165,135,155,178.44,146.0,162.49
165,135,165,177.81,145.48,177.36
165,145,-165,178.34,156.73,-178.77
165,145,-155,179.06,157.36,-163.79
165,145,-145,179.45,157.7,-148.99
165,145,-135,179.54,157.78,-134.33
165,145,-125,179.38,157.63,-119.79
165,145,-115,178.96,157.27,-105.38
165,145,-105,178.32,156.71,-91.09
165,145,-95,177.46,155.95,-76.94
165,145,-85,176.39,155.01,-62.92
165,145,85,176.39,155.01,62.92
165,145,95,177.46,155.95,76.94
165,145,105,178.32,156.71,91.09
165,145,115,178.96,157.27,105.38
165,145,125,179.38,157.63,119.79
165,145,135,179.54,157.78,134.33
165,145,145,179.45,157.7,148.99
165,145,155,179.06,157.36,163.79
165,145,165,178.34,156.73,178.77
165,155,-155,179.52,168.64,-165.45
165,155,-145,180.0,169.09,-150.54
165,155,-135,180.18,169.26,-135.82
165,155,-125,180.1,169.18,-121.25
165,155,-115,179.78,168.88,-106.83
165,155,-105,179.23,168.37,-92.55
165,155,-95,178.48,167.66,-78.41
165,155,-85,177.53,166.77,-64.43
165,155,-75,176.41,165.72,-50.62
165,155,-65,175.12,164.51,-36.98
165,155,-55,173.69,163.16,-23.54
165,155,55,173.69,163.16,23.54
165,155,65,175.12,164.51,36.98
165,155,75,176.41,165.72,50.62
165,155,85,177.53,166.77,64.43
165,155,95,178.48,167.66,78.41
165,155,105,179.23,168.37,92.55
165,155,115,179.78,168.88,106.83
165,155,125,180.1,169.18,121.25
165,155,135,180.18,169.26,135.82
165,155,145,180.0,169.09,150.54
165,155,155,179.52,168.64,165.45
165,165,-145,180.39,180.39,-152.47
165,165,-135,180.68,180.68,-137.65
165,165,-125,180.7,180.7,-123.02
165,165,-115,180.47,180.47,-108.57
165,165,-105,180.04,180.04,-94.27
165,165,-95,179.4,179.4,-80.14
165,165,-85,178.58,178.58,-66.18
165,165,-75,177.59,177.59,-52.39
165,165,-65,176.45,176.45,-38.78
165,165,-55,175.18,175.18,-25.36
165,165,-45,173.8,173.8,-12.16
165,165,-35,172.32,172.32,0.83
165,165,-25,170.78,170.78,13.6
165,165,-15,164.39,164.39,-62.31
165,165,-5,165.96,165.96,-50.48
165,165,5,165.96,165.96,50.48
165,165,15,164.39,164.39,62.31
165,165,25,170.78,170.78,-13.6
165,165,35,172.32,172.32,-0.83
165,165,45,173.8,173.8,12.16
165,165,55,175.18,175.18,25.36
165,165,65,176.45,176.45,38.78
165,165,75,177.59,177.59,52.39
165,165,85,178.58,178.58,66.18
165,165,95,179.4,179.4,80.14
165,165,105,180.04,180.04,94.27
165,165,115,180.47,180.47,108.57
165,165,125,180.7,180.7,123.02
165,165,135,180.68,180.68,137.65
165,165,145,180.39,180.39,152.47
165,175,-125,181.16,192.14,-125.16
165,175,-115,181.06,192.03,-110.64
165,175,-105,180.73,191.68,-96.31
165,175,-95,180.21,191.13,-82.17
165,175,-85,179.52,190.4,-68.2
165,175,-75,178.67,189.49,-54.41
165,175,-65,177.67,188.44,-40.82
165,175,-55,176.56,187.26,-27.42
165,175,-45,175.34,185.96,-14.23
165,175,-35,164.37,174.34,-83.35
165,175,-25,165.65,175.69,-71.93
165,175,-15,167.0,177.13,-60.29
165,175,-5,168.4,178.61,-48.43
165,175,5,168.4,178.61,48.43
165,175,15,167.0,177.13,60.29
165,175,25,165.65,175.69,71.93
165,175,35,164.37,174.34,83.35
165,175,45,175.34,185.96,14.23
165,175,55,176.56,187.26,27.42
165,175,65,177.67,188.44,40.82
165,175,75,178.67,189.49,54.41
165,175,85,179.52,190.4,68.2
165,175,95,180.21,191.13,82.17
165,175,105,180.73,191.68,96.31
165,175,115,181.06,192.03,110.64
165,175,125,181.16,192.14,125.16
165,185,-115,181.51,203.51,-113.13
165,185,-105,181.31,203.28,-98.73
165,185,-95,180.91,202.84,-84.53
165,185,-85,180.35,202.21,-70.54
165,185,-75,179.63,201.41,-56.74
165,185,-65,164.3,184.21,-114.36
165,185,-55,165.13,185.14,-103.47
165,185,-45,166.07,186.2,-92.4
165,185,-35,167.12,187.37,-81.14
165,185,-25,168.24,188.63,-69.68
165,185,-15,169.43,189.97,-58.02
165,185,-5,170.66,191.35,-46.14
165,185,5,170.66,191.35,46.14
165,185,15,169.43,189.97,58.02
165,185,25,168.24,188.63,69.68
165,185,35,167.12,187.37,81.14
165,185,45,166.07,186.2,92.4
165,185,55,165.13,185.14,103.47
165,185,65,164.3,184.21,114.36
165,185,75,179.63,201.41,56.74
165,185,85,180.35,202.21,70.54
165,185,95,180.91,202.84,84.53
165,185,105,181.31,203.28,98.73
165,185,115,181.51,203.51,113.13
165,195,-95,181.5,214.5,-87.32
165,195,-85,181.07,213.99,-73.27
165,195,-75,180.49,213.3,-59.43
165,195,-65,179.78,212.46,-45.81
165,195,-55,167.96,198.49,-100.98
165,195,-45,168.77,199.45,-89.9
165,195,-35,169.67,200.52,-78.62
165,195,-25,170.64,201.67,-67.15
165,195,-15,171.68,202.89,-55.46
165,195,-5,172.75,204.16,-43.56
165,195,5,172.75,204.16,43.56
165,195,15,171.68,202.89,55.46
165,195,25,170.64,201.67,67.15
165,195,35,169.67,200.52,78.62
165,195,45,168.77,199.45,89.9
165,195,55,167.96,198.49,100.98
165,195,65,179.78,212.46,45.81
165,195,75,180.49,213.3,59.43
165,195,85,181.07,213.99,73.27
165,195,95,181.5,214.5,87.32
165,205,-75,181.22,225.15,-62.58
165,205,-65,180.66,224.45,-48.89
165,205,-55,179.98,223.61,-35.44
165,205,-45,179.22,222.66,-22.21
165,205,-35,178.38,221.62,-9.2
165,205,-25,177.49,220.52,3.59
165,205,-15,176.57,219.37,16.16
165,205,-5,175.62,218.2,28.51
165,205,5,175.62,218.2,-28.51
165,205,15,176.57,219.37,-16.16
165,205,25,177.49,220.52,-3.59
165,205,35,178.38,221.62,9.2
165,205,45,179.22,222.66,22.21
165,205,55,179.98,223.61,35.44
165,205,65,180.66,224.45,48.89
165,205,75,181.22,225.15,62.58
165,215,-45,180.26,234.89,-25.72
165,215,-35,179.58,233.99,-12.66
165,215,-25,178.83,233.03,0.16
165,215,-15,178.06,232.01,12.75
165,215,-5,177.26,230.98,25.12
165,215,5,177.26,230.98,-25.12
165,215,15,178.06,232.01,-12.75
165,215,25,178.83,233.03,-0.16
165,215,35,179.58,233.99,12.66
165,215,45,180.26,234.89,25.72
175,-205,-45,189.1,-221.52,-23.99
175,-205,-35,188.3,-220.59,-10.96
175,-205,-25,187.45,-219.59,1.84
175,-205,-15,186.56,-218.54,14.42
175,-205,-5,185.65,-217.48,26.78
175,-205,5,185.65,-217.48,-26.78
175,-205,15,186.56,-218.54,-14.42
175,-205,25,187.45,-219.59,-1.84
175,-205,35,188.3,-220.59,10.96
175,-205,45,189.1,-221.52,23.99
175,-195,-75,190.19,-211.93,-61.12
175,-195,-65,189.53,-211.19,-47.46
175,-195,-55,188.75,-210.32,-34.03
175,-195,-45,187.88,-209.35,-20.81
175,-195,-35,179.78,-200.33,-77.07
175,-195,-25,180.72,-201.38,-65.58
175,-195,-15,181.72,-202.49,-53.89
175,-195,-5,182.76,-203.65,-41.98
175,-195,5,182.76,-203.65,41.98
175,-195,15,181.72,-202.49,53.89
175,-195,25,180.72,-201.38,65.58
175,-195,35,179.78,-200.33,77.07
175,-195,45,187.88,-209.35,20.81
175,-195,55,188.75,-210.32,34.03
175,-195,65,189.53,-211.19,47.46
175,-195,75,190.19,-211.93,61.12
175,-185,-95,190.47,-201.35,-86.11
175,-185,-85,189.96,-200.81,-72.08
175,-185,-75,189.29,-200.11,-58.27
175,-185,-65,188.48,-199.25,-44.65
175,-185,-55,175.27,-185.29,-102.06
175,-185,-45,176.18,-186.25,-90.98
175,-185,-35,177.19,-187.31,-79.71
175,-185,-25,178.28,-188.47,-68.24
175,-185,-15,179.43,-189.68,-56.56
175,-185,-5,180.63,-190.95,-44.67
175,-185,5,180.63,-190.95,44.67
175,-185,15,179.43,-189.68,56.56
175,-185,25,178.28,-188.47,68.24
175,-185,35,177.19,-187.31,79.71
175,-185,45,176.18,-186.25,90.98
175,-185,55,175.27,-185.29,102.06
175,-185,65,188.48,-199.25,44.65
175,-185,75,189.29,-200.11,58.27
175,-185,85,189.96,-200.81,72.08
175,-185,95,190.47,-201.35,86.11
175,-175,-115,190.45,-190.45,-112.13
175,-175,-105,190.19,-190.19,-97.75
175,-175,-95,189.72,-189.72,-83.58
175,-175,-85,189.08,-189.08,-69.6
175,-175,-75,188.27,-188.27,-55.81
175,-175,-65,187.32,-187.32,-42.22
175,-175,-55,186.25,-186.25,-28.82
175,-175,-45,185.07,-185.07,-15.63
175,-175,-35,174.42,-174.42,-82.02
175,-175,-25,175.67,-175.67,-70.57
175,-175,-15,176.98,-176.98,-58.92
175,-175,-5,178.34,-178.34,-47.05
175,-175,5,178.34,-178.34,47.05
175,-175,15,176.98,-176.98,58.92
175,-175,25,175.67,-175.67,70.57
175,-175,35,174.42,-174.42,82.02
175,-175,45,185.07,-185.07,15.63
175,-175,55,186.25,-186.25,28.82
175,-175,65,187.32,-187.32,42.22
175,-175,75,188.27,-188.27,55.81
175,-175,85,189.08,-189.08,69.6
175,-175,95,189.72,-189.72,83.58
175,-175,105,190.19,-190.19,97.75
175,-175,115,190.45,-190.45,112.13
175,-165,-125,189.99,-179.13,-124.37
175,-165,-115,189.83,-178.98,-109.88
175,-165,-105,189.45,-178.62,-95.57
175,-165,-95,188.86,-178.07,-81.43
175,-165,-85,188.08,-177.34,-67.46
175,-165,-75,187.14,-176.45,-53.68
175,-165,-65,186.05,-175.42,-40.08
175,-165,-55,184.82,-174.26,-26.68
175,-165,-45,183.48,-173.0,-13.48
175,-165,-35,182.05,-171.65,-0.5
175,-165,-25,180.55,-170.23,12.26
175,-165,-15,174.35,-164.39,-61.01
175,-165,-5,175.88,-165.83,-49.17
175,-165,5,175.88,-165.83,49.17
175,-165,15,174.35,-164.39,61.01
175,-165,25,180.55,-170.23,-12.26
175,-165,35,182.05,-171.65,0.5
175,-165,45,183.48,-173.0,13.48
175,-165,55,184.82,-174.26,26.68
175,-165,65,186.05,-175.42,40.08
175,-165,75,187.14,-176.45,53.68
175,-165,85,188.08,-177.34,67.46
175,-165,95,188.86,-178.07,81.43
175,-165,105,189.45,-178.62,95.57
175,-165,115,189.83,-178.98,109.88
175,-165,125,189.99,-179.13,124.37
175,-155,-135,189.37,-167.73,-137.05
175,-155,-125,189.35,-167.71,-122.44
175,-155,-115,189.09,-167.48,-108.0
175,-155,-105,188.59,-167.04,-93.71
175,-155,-95,187.89,-166.41,-79.58
175,-155,-85,186.99,-165.62,-65.62
175,-155,-75,185.91,-164.66,-51.82
175,-155,-65,184.67,-163.56,-38.2
175,-155,-55,183.28,-162.34,-24.78
175,-155,-45,181.78,-161.0,-11.57
175,-155,-35,180.17,-159.58,1.43
175,-155,35,180.17,-159.58,-1.43
175,-155,45,181.78,-161.0,11.57
175,-155,55,183.28,-162.34,24.78
175,-155,65,184.67,-163.56,38.2
175,-155,75,185.91,-164.66,51.82
175,-155,85,186.99,-165.62,65.62
175,-155,95,187.89,-166.41,79.58
175,-155,105,188.59,-167.04,93.71
175,-155,115,189.09,-167.48,108.0
175,-155,125,189.35,-167.71,122.44
175,-155,135,189.37,-167.73,137.05
175,-145,-145,188.54,-156.22,-150.1
175,-145,-135,188.71,-156.36,-135.4
175,-145,-125,188.6,-156.27,-120.84
175,-145,-115,188.23,-155.96,-106.42
175,-145,-105,187.63,-155.47,-92.14
175,-145,-95,186.81,-154.79,-78.0
175,-145,-85,185.79,-153.94,-64.02
175,-145,-75,184.57,-152.93,-50.19
175,-145,-65,183.18,-151.78,-36.55
175,-145,65,183.18,-151.78,36.55
175,-145,75,184.57,-152.93,50.19
175,-145,85,185.79,-153.94,64.02
175,-145,95,186.81,-154.79,78.0
175,-145,105,187.63,-155.47,92.14
175,-145,115,188.23,-155.96,106.42
175,-145,125,188.6,-156.27,120.84
175,-145,135,188.71,-156.36,135.4
175,-145,145,188.54,-156.22,150.1
175,-135,-155,187.44,-144.6,-163.49
175,-135,-145,187.83,-144.9,-148.71
175,-135,-135,187.92,-144.96,-134.05
175,-135,-125,187.72,-144.82,-119.52
175,-135,-115,187.27,-144.47,-105.11
175,-135,-105,186.58,-143.93,-90.82
175,-135,-95,185.65,-143.21,-76.66
175,-135,-85,184.5,-142.33,-62.64
175,-135,85,184.5,-142.33,62.64
175,-135,95,185.65,-143.21,76.66
175,-135,105,186.58,-143.93,90.82
175,-135,115,187.27,-144.47,105.11
175,-135,125,187.72,-144.82,119.52
175,-135,135,187.92,-144.96,134.05
175,-135,145,187.83,-144.9,148.71
175,-135,155,187.44,-144.6,163.49
175,-125,-165,186.02,-132.87,-177.18
175,-125,-155,186.67,-133.34,-162.32
175,-125,-145,186.99,-133.57,-147.59
175,-125,-135,187.01,-133.58,-132.97
175,-125,-125,186.75,-133.39,-118.45
175,-125,-115,186.22,-133.01,-104.03
175,-125,-105,185.43,-132.45,-89.71
175,-125,105,185.43,-132.45,89.71
175,-125,115,186.22,-133.01,104.03
175,-125,125,186.75,-133.39,118.45
175,-125,135,187.01,-133.58,132.97
175,-125,145,186.99,-133.57,147.59
175,-125,155,186.67,-133.34,162.32
175,-125,165,186.02,-132.87,177.18
175,-115,-175,184.22,-121.06,-191.11
175,-115,-165,185.18,-121.69,-176.2
175,-115,-155,185.77,-122.08,-161.41
175,-115,-145,186.04,-122.25,-146.72
175,-115,-135,186.0,-122.23,-132.12
175,-115,-125,185.67,-122.01,-117.59
175,-115,-115,185.07,-121.62,-103.15
175,-115,115,185.07,-121.62,103.15
175,-115,125,185.67,-122.01,117.59
175,-115,135,186.0,-122.23,132.12
175,-115,145,186.04,-122.25,146.72
175,-115,155,185.77,-122.08,161.41
175,-115,165,185.18,-121.69,176.2
175,-115,175,184.22,-121.06,191.11
175,-105,-175,183.28,-109.97,-190.3
175,-105,-165,184.19,-110.52,-175.46
175,-105,-155,184.75,-110.85,-160.73
175,-105,-145,184.97,-110.98,-146.06
175,-105,-135,184.89,-110.94,-131.47
175,-105,-125,184.51,-110.71,-116.93
175,-105,125,184.51,-110.71,116.93
175,-105,135,184.89,-110.94,131.47
175,-105,145,184.97,-110.98,146.06
175,-105,155,184.75,-110.85,160.73
175,-105,165,184.19,-110.52,175.46
175,-105,175,183.28,-109.97,190.3
175,-95,-185,180.94,-98.23,-204.57
175,-95,-175,182.22,-98.92,-189.7
175,-95,-165,183.1,-99.4,-174.93
175,-95,-155,183.62,-99.68,-160.23
175,-95,-145,183.82,-99.79,-145.59
175,-95,-135,183.71,-99.73,-130.99
175,-95,135,183.71,-99.73,130.99
175,-95,145,183.82,-99.79,145.59
175,-95,155,183.62,-99.68,160.23
175,-95,165,183.1,-99.4,174.93
175,-95,175,182.22,-98.92,189.7
175,-95,185,180.94,-98.23,204.57
175,-85,-185,179.8,-87.33,-204.09
175,-85,-175,181.05,-87.94,-189.29
175,-85,-165,181.91,-88.36,-174.57
175,-85,-155,182.42,-88.61,-159.9
175,-85,-145,182.6,-88.69,-145.27
175,-85,-135,182.46,-88.62,-130.67
175,-85,135,182.46,-88.62,130.67
175,-85,145,182.6,-88.69,145.27
175,-85,155,182.42,-88.61,159.9
175,-85,165,181.91,-88.36,174.57
175,-85,175,181.05,-87.94,189.29
175,-85,185,179.8,-87.33,204.09
175,-75,-195,176.91,-75.82,-218.58
175,-75,-185,178.58,-76.53,-203.77
175,-75,-175,179.81,-77.06,-189.04
175,-75,-165,180.67,-77.43,-174.36
175,-75,-155,181.17,-77.65,-159.71
175,-75,-145,181.34,-77.72,-145.08
175,-75,145,181.34,-77.72,145.08
175,-75,155,181.17,-77.65,159.71
175,-75,165,180.67,-77.43,174.36
175,-75,175,179.81,-77.06,189.04
175,-75,185,178.58,-76.53,203.77
175,-75,195,176.91,-75.82,218.58
175,-65,-195,175.66,-65.24,-218.32
175,-65,-185,177.31,-65.86,-203.58
175,-65,-175,178.55,-66.32,-188.9
175,-65,-165,179.41,-66.64,-174.25
175,-65,-155,179.91,-66.82,-159.63
175,-65,-145,180.08,-66.89,-145.01
175,-65,145,180.08,-66.89,145.01
175,-65,155,179.91,-66.82,159.63
175,-65,165,179.41,-66.64,174.25
175,-65,175,178.55,-66.32,188.9
175,-65,185,177.31,-65.86,203.58
175,-65,195,175.66,-65.24,218.32
175,-55,-195,174.41,-54.81,-218.17
175,-55,-185,176.07,-55.34,-203.48
175,-55,-175,177.31,-55.72,-188.85
175,-55,-165,115.86,-36.41,-224.7
175,-55,-155,114.92,-36.12,-214.59
175,-55,155,114.92,-36.12,214.59
175,-55,165,115.86,-36.41,224.7
175,-55,175,177.31,-55.72,188.85
175,-55,185,176.07,-55.34,203.48
175,-55,195,174.41,-54.81,218.17
175,-45,-205,171.09,-44.0,-232.8
175,-45,-195,173.23,-44.55,-218.1
175,-45,-185,114.91,-29.55,-244.8
175,-45,-175,113.3,-29.13,-234.65
175,-45,-165,112.03,-28.81,-224.49
175,-45,-155,111.07,-28.56,-214.35
175,-45,155,111.07,-28.56,214.35
175,-45,165,112.03,-28.81,224.49
175,-45,175,113.3,-29.13,234.65
175,-45,185,114.91,-29.55,244.8
175,-45,195,173.23,-44.55,218.1
175,-45,205,171.09,-44.0,232.8
175,-35,-205,170.05,-34.01,-232.73
175,-35,-195,172.18,-34.44,-218.08
175,-35,-185,111.69,-22.34,-244.67
175,-35,-175,110.07,-22.01,-234.47
175,-35,-165,108.77,-21.75,-224.28
175,-35,-155,107.79,-21.56,-214.11
175,-35,155,107.79,-21.56,214.11
175,-35,165,108.77,-21.75,224.28
175,-35,175,110.07,-22.01,234.47
175,-35,185,111.69,-22.34,244.67
175,-35,195,172.18,-34.44,218.08
175,-35,205,170.05,-34.01,232.73
175,-25,-205,169.19,-24.17,-232.7
175,-25,-195,111.17,-15.88,-254.76
175,-25,-185,109.16,-15.59,-244.54
175,-25,-175,107.52,-15.36,-234.31
175,-25,-165,106.21,-15.17,-224.09
175,-25,165,106.21,-15.17,224.09
175,-25,175,107.52,-15.36,234.31
175,-25,185,109.16,-15.59,244.54
175,-25,195,111.17,-15.88,254.76
175,-25,205,169.19,-24.17,232.7
175,-15,-205,168.58,-14.45,-232.69
175,-15,-195,109.44,-9.38,-254.69
175,-15,-185,107.42,-9.21,-244.44
175,-15,-175,105.76,-9.07,-234.19
175,-15,-165,104.44,-8.95,-223.96
175,-15,165,104.44,-8.95,223.96
175,-15,175,105.76,-9.07,234.19
175,-15,185,107.42,-9.21,244.44
175,-15,195,109.44,-9.38,254.69
175,-15,205,168.58,-14.45,232.69
175,-5,-205,111.0,-3.17,-264.86
175,-5,-195,108.55,-3.1,-254.65
175,-5,-185,106.52,-3.04,-244.39
175,-5,-175,104.87,-3.0,-234.13
175,-5,-165,103.54,-2.96,-223.88
175,-5,165,103.54,-2.96,223.88
175,-5,175,104.87,-3.0,234.13
175,-5,185,106.52,-3.04,244.39
175,-5,195,108.55,-3.1,254.65
175,-5,205,111.0,-3.17,264.86
175,5,-205,111.0,3.17,-264.86
175,5,-195,108.55,3.1,-254.65
175,5,-185,106.52,3.04,-244.39
175,5,-175,104.87,3.0,-234.13
175,5,-165,103.54,2.96,-223.88
175,5,165,103.54,2.96,223.88
175,5,175,104.87,3.0,234.13
175,5,185,106.52,3.04,244.39
175,5,195,108.55,3.1,254.65
175,5,205,111.0,3.17,264.86
175,15,-205,168.58,14.45,-232.69
175,15,-195,109.44,9.38,-254.69
175,15,-185,107.42,9.21,-244.44
175,15,-175,105.76,9.07,-234.19
175,15,-165,104.44,8.95,-223.96
175,15,165,104.44,8.95,223.96
175,15,175,105.76,9.07,234.19
175,15,185,107.42,9.21,244.44
175,15,195,109.44,9.38,254.69
175,15,205,168.58,14.45,232.69
175,25,-205,169.19,24.17,-232.7
175,25,-195,111.17,15.88,-254.76
175,25,-185,109.16,15.59,-244.54
175,25,-175,107.52,15.36,-234.31
175,25,-165,106.21,15.17,-224.09
175,25,165,106.21,15.17,224.09
175,25,175,107.52,15.36,234.31
175,25,185,109.16,15.59,244.54
175,25,195,111.17,15.88,254.76
175,25,205,169.19,24.17,232.7
175,35,-205,170.05,34.01,-232.73
175,35,-195,172.18,34.44,-218.08
175,35,-185,111.69,22.34,-244.67
175,35,-175,110.07,22.01,-234.47
175,35,-165,108.77,21.75,-224.28
175,35,-155,107.79,21.56,-214.11
175,35,155,107.79,21.56,214.11
175,35,165,108.77,21.75,224.28
175,35,175,110.07,22.01,234.47
175,35,185,111.69,22.34,244.67
175,35,195,172.18,34.44,218.08
175,35,205,170.05,34.01,232.73
175,45,-205,171.09,44.0,-232.8
175,45,-195,173.23,44.55,-218.1
175,45,-185,114.91,29.55,-244.8
175,45,-175,113.3,29.13,-234.65
175,45,-165,112.03,28.81,-224.49
175,45,-155,111.07,28.56,-214.35
175,45,155,111.07,28.56,214.35
175,45,165,112.03,28.81,224.49
175,45,175,113.3,29.13,234.65
175,45,185,114.91,29.55,244.8
175,45,195,173.23,44.55,218.1
175,45,205,171.09,44.0,232.8
175,55,-195,174.41,54.81,-218.17
175,55,-185,176.07,55.34,-203.48
175,55,-175,177.31,55.72,-188.85
175,55,-165,115.86,36.41,-224.7
175,55,-155,114.92,36.12,-214.59
175,55,155,114.92,36.12,214.59
175,55,165,115.86,36.41,224.7
175,55,175,177.31,55.72,188.85
175,55,185,176.07,55.34,203.48
175,55,195,174.41,54.81,218.17
175,65,-195,175.66,65.24,-218.32
175,65,-185,177.31,65.86,-203.58
175,65,-175,178.55,66.32,-188.9
175,65,-165,179.41,66.64,-174.25
175,65,-155,179.91,66.82,-159.63
175,65,-145,180.08,66.89,-145.01
175,65,145,180.08,66.89,145.01
175,65,155,179.91,66.82,159.63
175,65,165,179.41,66.64,174.25
175,65,175,178.55,66.32,188.9
175,65,185,177.31,65.86,203.58
175,65,195,175.66,65.24,218.32
175,75,-195,176.91,75.82,-218.58
175,75,-185,178.58,76.53,-203.77
175,75,-175,179.81,77.06,-189.04
175,75,-165,180.67,77.43,-174.36
175,75,-155,181.17,77.65,-159.71
175,75,-145,181.34,77.72,-145.08
175,75,145,181.34,77.72,145.08
175,75,155,181.17,77.65,159.71
175,75,165,180.67,77.43,174.36
175,75,175,179.81,77.06,189.04
175,75,185,178.58,76.53,203.77
175,75,195,176.91,75.82,218.58
175,85,-185,179.8,87.33,-204.09
175,85,-175,181.05,87.94,-189.29
175,85,-165,181.91,88.36,-174.57
175,85,-155,182.42,88.61,-159.9
175,85,-145,182.6,88.69,-145.27
175,85,-135,182.46,88.62,-130.67
175,85,135,182.46,88.62,130.67
175,85,145,182.6,88.69,145.27
175,85,155,182.42,88.61,159.9
175,85,165,181.91,88.36,174.57
175,85,175,181.05,87.94,189.29
175,85,185,179.8,87.33,204.09
175,95,-185,180.94,98.23,-204.57
175,95,-175,182.22,98.92,-189.7
175,95,-165,183.1,99.4,-174.93
175,95,-155,183.62,99.68,-160.23
175,95,-145,183.82,99.79,-145.59
175,95,-135,183.71,99.73,-130.99
175,95,135,183.71,99.73,130.99
175,95,145,183.82,99.79,145.59
175,95,155,183.62,99.68,160.23
175,95,165,183.1,99.4,174.93
175,95,175,182.22,98.92,189.7
175,95,185,180.94,98.23,204.57
175,105,-175,183.28,109.97,-190.3
175,105,-165,184.19,110.52,-175.46
175,105,-155,184.75,110.85,-160.73
175,105,-145,184.97,110.98,-146.06
175,105,-135,184.89,110.94,-131.47
175,105,-125,184.51,110.71,-116.93
175,105,125,184.51,110.71,116.93
175,105,135,184.89,110.94,131.47
175,105,145,184.97,110.98,146.06
175,105,155,184.75,110.85,160.73
175,105,165,184.19,110.52,175.46
175,105,175,183.28,109.97,190.3
175,115,-175,184.22,121.06,-191.11
175,115,-165,185.18,121.69,-176.2
175,115,-155,185.77,122.08,-161.41
175,115,-145,186.04,122.25,-146.72
175,115,-135,186.0,122.23,-132.12
175,115,-125,185.67,122.01,-117.59
175,115,-115,185.07,121.62,-103.15
175,115,115,185.07,121.62,103.15
175,115,125,185.67,122.01,117.59
175,115,135,186.0,122.23,132.12
175,115,145,186.04,122.25,146.72
175,115,155,185.77,122.08,161.41
175,115,165,185.18,121.69,176.2
175,115,175,184.22,121.06,191.11
175,125,-165,186.02,132.87,-177.18
175,125,-155,186.67,133.34,-162.32
175,125,-145,186.99,133.57,-147.59
175,125,-135,187.01,133.58,-132.97
175,125,-125,186.75,133.39,-118.45
175,125,-115,186.22,133.01,-104.03
175,125,-105,185.43,132.45,-89.71
175,125,105,185.43,132.45,89.71
175,125,115,186.22,133.01,104.03
175,125,125,186.75,133.39,118.45
175,125,135,187.01,133.58,132.97
175,125,145,186.99,133.57,147.59
175,125,155,186.67,133.34,162.32
175,125,165,186.02,132.87,177.18
175,135,-155,187.44,144.6,-163.49
175,135,-145,187.83,144.9,-148.71
175,135,-135,187.92,144.96,-134.05
175,135,-125,187.72,144.82,-119.52
175,135,-115,187.27,144.47,-105.11
175,135,-105,186.58,143.93,-90.82
175,135,-95,185.65,143.21,-76.66
175,135,-85,184.5,142.33,-62.64
175,135,85,184.5,142.33,62.64
175,135,95,185.65,143.21,76.66
175,135,105,186.58,143.93,90.82
175,135,115,187.27,144.47,105.11
175,135,125,187.72,144.82,119.52
175,135,135,187.92,144.96,134.05
175,135,145,187.83,144.9,148.71
175,135,155,187.44,144.6,163.49
175,145,-145,188.54,156.22,-150.1
175,145,-135,188.71,156.36,-135.4
175,145,-125,188.6,156.27,-120.84
175,145,-115,188.23,155.96,-106.42
175,145,-105,187.63,155.47,-92.14
175,145,-95,186.81,154.79,-78.0
175,145,-85,185.79,153.94,-64.02
175,145,-75,184.57,152.93,-50.19
175,145,-65,183.18,151.78,-36.55
175,145,65,183.18,151.78,36.55
175,145,75,184.57,152.93,50.19
175,145,85,185.79,153.94,64.02
175,145,95,186.81,154.79,78.0
175,145,105,187.63,155.47,92.14
175,145,115,188.23,155.96,106.42
175,145,125,188.6,156.27,120.84
175,145,135,188.71,156.36,135.4
175,145,145,188.54,156.22,150.1
175,155,-135,189.37,167.73,-137.05
175,155,-125,189.35,167.71,-122.44
175,155,-115,189.09,167.48,-108.0
175,155,-105,188.59,167.04,-93.71
175,155,-95,187.89,166.41,-79.58
175,155,-85,186.99,165.62,-65.62
175,155,-75,185.91,164.66,-51.82
175,155,-65,184.67,163.56,-38.2
175,155,-55,183.28,162.34,-24.78
175,155,-45,181.78,161.0,-11.57
175,155,-35,180.17,159.58,1.43
175,155,35,180.17,159.58,-1.43
175,155,45,181.78,161.0,11.57
175,155,55,183.28,162.34,24.78
175,155,65,184.67,163.56,38.2
175,155,75,185.91,164.66,51.82
175,155,85,186.99,165.62,65.62
175,155,95,187.89,166.41,79.58
175,155,105,188.59,167.04,93.71
175,155,115,189.09,167.48,108.0
175,155,125,189.35,167.71,122.44
175,155,135,189.37,167.73,137.05
175,165,-125,189.99,179.13,-124.37
175,165,-115,189.83,178.98,-109.88
175,165,-105,189.45,178.62,-95.57
175,165,-95,188.86,178.07,-81.43
175,165,-85,188.08,177.34,-67.46
175,165,-75,187.14,176.45,-53.68
175,165,-65,186.05,175.42,-40.08
175,165,-55,184.82,174.26,-26.68
175,165,-45,183.48,173.0,-13.48
175,165,-35,182.05,171.65,-0.5
175,165,-25,180.55,170.23,12.26
175,165,-15,174.35,164.39,-61.01
175,165,-5,175.88,165.83,-49.17
175,165,5,175.88,165.83,49.17
175,165,15,174.35,164.39,61.01
175,165,25,180.55,170.23,-12.26
175,165,35,182.05,171.65,0.5
175,165,45,183.48,173.0,13.48
175,165,55,184.82,174.26,26.68
175,165,65,186.05,175.42,40.08
175,165,75,187.14,176.45,53.68
175,165,85,188.08,177.34,67.46
175,165,95,188.86,178.07,81.43
175,165,105,189.45,178.62,95.57
175,165,115,189.83,178.98,109.88
175,165,125,189.99,179.13,124.37
175,175,-115,190.45,190.45,-112.13
175,175,-105,190.19,190.19,-97.75
175,175,-95,189.72,189.72,-83.58
175,175,-85,189.08,189.08,-69.6
175,175,-75,188.27,188.27,-55.81
175,175,-65,187.32,187.32,-42.22
175,175,-55,186.25,186.25,-28.82
175,175,-45,185.07,185.07,-15.63
175,175,-35,174.42,174.42,-82.02
175,175,-25,175.67,175.67,-70.57
175,175,-15,176.98,176.98,-58.92
175,175,-5,178.34,178.34,-47.05
175,175,5,178.34,178.34,47.05
175,175,15,176.98,176.98,58.92
175,175,25,175.67,175.67,70.57
175,175,35,174.42,174.42,82.02
175,175,45,185.07,185.07,15.63
175,175,55,186.25,186.25,28.82
175,175,65,187.32,187.32,42.22
175,175,75,188.27,188.27,55.81
175,175,85,189.08,189.08,69.6
175,175,95,189.72,189.72,83.58
175,175,105,190.19,190.19,97.75
175,175,115,190.45,190.45,112.13
175,185,-95,190.47,201.35,-86.11
175,185,-85,189.96,200.81,-72.08
175,185,-75,189.29,200.11,-58.27
175,185,-65,188.48,199.25,-44.65
175,185,-55,175.27,185.29,-102.06
175,185,-45,176.18,186.25,-90.98
175,185,-35,177.19,187.31,-79.71
175,185,-25,178.28,188.47,-68.24
175,185,-15,179.43,189.68,-56.56
175,185,-5,180.63,190.95,-44.67
175,185,5,180.63,190.95,44.67
175,185,15,179.43,189.68,56.56
175,185,25,178.28,188.47,68.24
175,185,35,177.19,187.31,79.71
175,185,45,176.18,186.25,90.98
175,185,55,175.27,185.29,102.06
175,185,65,188.48,199.25,44.65
175,185,75,189.29,200.11,58.27
175,185,85,189.96,200.81,72.08
175,185,95,190.47,201.35,86.11
175,195,-75,190.19,211.93,-61.12
175,195,-65,189.53,211.19,-47.46
175,195,-55,188.75,210.32,-34.03
175,195,-45,187.88,209.35,-20.81
175,195,-35,179.78,200.33,-77.07
175,195,-25,180.72,201.38,-65.58
175,195,-15,181.72,202.49,-53.89
175,195,-5,182.76,203.65,-41.98
175,195,5,182.76,203.65,41.98
175,195,15,181.72,202.49,53.89
175,195,25,180.72,201.38,65.58
175,195,35,179.78,200.33,77.07
175,195,45,187.88,209.35,20.81
175,195,55,188.75,210.32,34.03
175,195,65,189.53,211.19,47.46
175,195,75,190.19,211.93,61.12
175,205,-45,189.1,221.52,-23.99
175,205,-35,188.3,220.59,-10.96
175,205,-25,187.45,219.59,1.84
175,205,-15,186.56,218.54,14.42
175,205,-5,185.65,217.48,26.78
175,205,5,185.65,217.48,-26.78
175,205,15,186.56,218.54,-14.42
175,205,25,187.45,219.59,-1.84
175,205,35,188.3,220.59,10.96
175,205,45,189.1,221.52,23.99
185,-195,-55,198.57,-209.3,-35.92
185,-195,-45,197.75,-208.44,-22.68
185,-195,-35,196.85,-207.49,-9.67
185,-195,-25,195.9,-206.49,3.12
185,-195,-15,194.9,-205.44,15.69
185,-195,-5,193.89,-204.37,28.04
185,-195,5,193.89,-204.37,-28.04
185,-195,15,194.9,-205.44,-15.69
185,-195,25,195.9,-206.49,-3.12
185,-195,35,196.85,-207.49,9.67
185,-195,45,197.75,-208.44,22.68
185,-195,55,198.57,-209.3,35.92
185,-185,-75,198.96,-198.96,-60.03
185,-185,-65,198.21,-198.21,-46.4
185,-185,-55,185.59,-185.59,-100.43
185,-185,-45,186.45,-186.45,-89.35
185,-185,-35,187.42,-187.42,-78.07
185,-185,-25,188.46,-188.46,-66.59
185,-185,-15,189.56,-189.56,-54.9
185,-185,-5,190.71,-190.71,-43.0
185,-185,5,190.71,-190.71,43.0
185,-185,15,189.56,-189.56,54.9
185,-185,25,188.46,-188.46,66.59
185,-185,35,187.42,-187.42,78.07
185,-185,45,186.45,-186.45,89.35
185,-185,55,185.59,-185.59,100.43
185,-185,65,198.21,-198.21,46.4
185,-185,75,198.96,-198.96,60.03
185,-175,-95,199.24,-188.47,-85.24
185,-175,-85,198.66,-187.92,-71.23
185,-175,-75,197.91,-187.21,-57.42
185,-175,-65,197.02,-186.37,-43.82
185,-175,-55,196.0,-185.4,-30.42
185,-175,-45,194.87,-184.34,-17.23
185,-175,-35,184.65,-174.67,-80.5
185,-175,-25,185.84,-175.79,-69.04
185,-175,-15,187.1,-176.99,-57.36
185,-175,-5,188.41,-178.22,-45.48
185,-175,5,188.41,-178.22,45.48
185,-175,15,187.1,-176.99,57.36
185,-175,25,185.84,-175.79,69.04
185,-175,35,184.65,-174.67,80.5
185,-175,45,194.87,-184.34,17.23
185,-175,55,196.0,-185.4,30.42
185,-175,65,197.02,-186.37,43.82
185,-175,75,197.91,-187.21,57.42
185,-175,85,198.66,-187.92,71.23
185,-175,95,199.24,-188.47,85.24
185,-165,-115,199.18,-177.65,-111.44
185,-165,-105,198.87,-177.37,-97.09
185,-165,-95,198.35,-176.9,-82.93
185,-165,-85,197.63,-176.27,-68.95
185,-165,-75,196.75,-175.48,-55.17
185,-165,-65,195.71,-174.55,-41.57
185,-165,-55,194.54,-173.51,-28.18
185,-165,-45,193.26,-172.36,-14.99
185,-165,-35,191.89,-171.14,-2.01
185,-165,-25,190.45,-169.86,10.75
185,-165,-15,184.48,-164.54,-59.55
185,-165,-5,185.95,-165.85,-47.68
185,-165,5,185.95,-165.85,47.68
185,-165,15,184.48,-164.54,59.55
185,-165,25,190.45,-169.86,-10.75
185,-165,35,191.89,-171.14,2.01
185,-165,45,193.26,-172.36,14.99
185,-165,55,194.54,-173.51,28.18
185,-165,65,195.71,-174.55,41.57
185,-165,75,196.75,-175.48,55.17
185,-165,85,197.63,-176.27,68.95
185,-165,95,198.35,-176.9,82.93
185,-165,105,198.87,-177.37,97.09
185,-165,115,199.18,-177.65,111.44
185,-155,-125,198.61,-166.41,-123.87
185,-155,-115,198.42,-166.25,-109.39
185,-155,-105,197.99,-165.88,-95.09
185,-155,-95,197.34,-165.34,-80.95
185,-155,-85,196.5,-164.64,-66.99
185,-155,-75,195.48,-163.78,-53.2
185,-155,-65,194.3,-162.79,-39.6
185,-155,-55,192.98,-161.68,-26.19
185,-155,-45,191.53,-160.47,-12.99
185,-155,-35,189.99,-159.18,-0.01
185,-155,-25,188.38,-157.83,12.75
185,-155,-15,186.72,-156.44,25.28
185,-155,-5,185.03,-155.03,37.58
185,-155,5,185.03,-155.03,-37.58
185,-155,15,186.72,-156.44,-25.28
185,-155,25,188.38,-157.83,-12.75
185,-155,35,189.99,-159.18,0.01
185,-155,45,191.53,-160.47,12.99
185,-155,55,192.98,-161.68,26.19
185,-155,65,194.3,-162.79,39.6
185,-155,75,195.48,-163.78,53.2
185,-155,85,196.5,-164.64,66.99
185,-155,95,197.34,-165.34,80.95
185,-155,105,197.99,-165.88,95.09
185,-155,115,198.42,-166.25,109.39
185,-155,125,198.61,-166.41,123.87
185,-145,-135,197.88,-155.1,-136.7
185,-145,-125,197.84,-155.07,-122.11
185,-145,-115,197.55,-154.83,-107.67
185,-145,-105,197.01,-154.41,-93.39
185,-145,-95,196.24,-153.81,-79.26
185,-145,-85,195.28,-153.05,-65.29
185,-145,-75,194.12,-152.15,-51.48
185,-145,-65,192.79,-151.11,-37.86
185,-145,-55,191.31,-149.95,-24.44
185,-145,-45,189.7,-148.69,-11.22
185,-145,45,189.7,-148.69,11.22
185,-145,55,191.31,-149.95,24.44
185,-145,65,192.79,-151.11,37.86
185,-145,75,194.12,-152.15,51.48
185,-145,85,195.28,-153.05,65.29
185,-145,95,196.24,-153.81,79.26
185,-145,105,197.01,-154.41,93.39
185,-145,115,197.55,-154.83,107.67
185,-145,125,197.84,-155.07,122.11
185,-145,135,197.88,-155.1,136.7
185,-135,-145,196.93,-143.7,-149.89
185,-135,-135,197.09,-143.82,-135.2
185,-135,-125,196.96,-143.73,-120.64
185,-135,-115,196.57,-143.44,-106.23
185,-135,-105,195.93,-142.97,-91.95
185,-135,-95,195.05,-142.34,-77.8
185,-135,-85,193.97,-141.54,-63.81
185,-135,-75,192.67,-140.6,-49.98
185,-135,-65,191.2,-139.52,-36.34
185,-135,65,191.2,-139.52,36.34
185,-135,75,192.67,-140.6,49.98
185,-135,85,193.97,-141.54,63.81
185,-135,95,195.05,-142.34,77.8
185,-135,105,195.93,-142.97,91.95
185,-135,115,196.57,-143.44,106.23
185,-135,125,196.96,-143.73,120.64
185,-135,135,197.09,-143.82,135.2
185,-135,145,196.93,-143.7,149.89
185,-125,-155,195.7,-132.23,-163.4
185,-125,-145,196.1,-132.5,-148.62
185,-125,-135,196.18,-132.56,-133.97
185,-125,-125,195.98,-132.42,-119.44
185,-125,-115,195.5,-132.09,-105.02
185,-125,-105,194.76,-131.6,-90.73
185,-125,-95,193.79,-130.94,-76.57
185,-125,-85,192.58,-130.12,-62.54
185,-125,85,192.58,-130.12,62.54
185,-125,95,193.79,-130.94,76.57
185,-125,105,194.76,-131.6,90.73
185,-125,115,195.5,-132.09,105.02
185,-125,125,195.98,-132.42,119.44
185,-125,135,196.18,-132.56,133.97
185,-125,145,196.1,-132.5,148.62
185,-125,155,195.7,-132.23,163.4
185,-115,-165,194.15,-120.69,-177.18
185,-115,-155,194.83,-121.11,-162.32
185,-115,-145,195.16,-121.32,-147.59
185,-115,-135,195.18,-121.33,-132.97
185,-115,-125,194.91,-121.16,-118.45
185,-115,-115,194.35,-120.81,-104.03
185,-115,-105,193.53,-120.3,-89.71
185,-115,105,193.53,-120.3,89.71
185,-115,115,194.35,-120.81,104.03
185,-115,125,194.91,-121.16,118.45
185,-115,135,195.18,-121.33,132.97
185,-115,145,195.16,-121.32,147.59
185,-115,155,194.83,-121.11,162.32
185,-115,165,194.15,-120.69,177.18
185,-105,-165,193.23,-109.67,-176.27
185,-105,-155,193.85,-110.02,-161.48
185,-105,-145,194.13,-110.18,-146.79
185,-105,-135,194.1,-110.16,-132.18
185,-105,-125,193.76,-109.97,-117.66
185,-105,-115,193.14,-109.62,-103.22
185,-105,115,193.14,-109.62,103.22
185,-105,125,193.76,-109.97,117.66
185,-105,135,194.1,-110.16,132.18
185,-105,145,194.13,-110.18,146.79
185,-105,155,193.85,-110.02,161.48
185,-105,165,193.23,-109.67,176.27
185,-95,-175,191.24,-98.21,-190.43
185,-95,-165,192.2,-98.7,-175.59
185,-95,-155,192.79,-99.0,-160.84
185,-95,-145,193.03,-99.12,-146.17
185,-95,-135,192.95,-99.08,-131.57
185,-95,-125,192.57,-98.89,-117.04
185,-95,125,192.57,-98.89,117.04
185,-95,135,192.95,-99.08,131.57
185,-95,145,193.03,-99.12,146.17
185,-95,155,192.79,-99.0,160.84
185,-95,165,192.2,-98.7,175.59
185,-95,175,191.24,-98.21,190.43
185,-85,-175,190.18,-87.38,-189.87
185,-85,-165,191.1,-87.8,-175.08
185,-85,-155,191.66,-88.06,-160.37
185,-85,-145,191.87,-88.16,-145.72
185,-85,-135,191.76,-88.11,-131.12
185,-85,-125,191.34,-87.91,-116.58
185,-85,125,191.34,-87.91,116.58
185,-85,135,191.76,-88.11,131.12
185,-85,145,191.87,-88.16,145.72
185,-85,155,191.66,-88.06,160.37
185,-85,165,191.1,-87.8,175.08
185,-85,175,190.18,-87.38,189.87
185,-75,-185,187.75,-76.11,-204.28
185,-75,-175,189.06,-76.65,-189.46
185,-75,-165,189.96,-77.01,-174.72
185,-75,-155,190.5,-77.23,-160.04
185,-75,-145,190.7,-77.31,-145.4
185,-75,-135,190.56,-77.25,-130.8
185,-75,135,190.56,-77.25,130.8
185,-75,145,190.7,-77.31,145.4
185,-75,155,190.5,-77.23,160.04
185,-75,165,189.96,-77.01,174.72
185,-75,175,189.06,-76.65,189.46
185,-75,185,187.75,-76.11,204.28
185,-65,-185,186.63,-65.57,-203.95
185,-65,-175,187.93,-66.03,-189.19
185,-65,-165,188.82,-66.34,-174.48
185,-65,-155,189.35,-66.53,-159.82
185,-65,-145,189.53,-66.59,-145.19
185,-65,-135,189.38,-66.54,-130.59
185,-65,135,189.38,-66.54,130.59
185,-65,145,189.53,-66.59,145.19
185,-65,155,189.35,-66.53,159.82
185,-65,165,188.82,-66.34,174.48
185,-65,175,187.93,-66.03,189.19
185,-65,185,186.63,-65.57,203.95
185,-55,-195,183.8,-54.64,-218.54
185,-55,-185,185.54,-55.16,-203.73
185,-55,-175,186.82,-55.54,-189.01
185,-55,-165,187.71,-55.81,-174.34
185,-55,-155,188.24,-55.96,-159.69
185,-55,-145,188.41,-56.02,-145.07
185,-55,145,188.41,-56.02,145.07
185,-55,155,188.24,-55.96,159.69
185,-55,165,187.71,-55.81,174.34
185,-55,175,186.82,-55.54,189.01
185,-55,185,185.54,-55.16,203.73
185,-55,195,183.8,-54.64,218.54
185,-45,-195,182.79,-44.46,-218.35
185,-45,-185,184.52,-44.88,-203.6
185,-45,-175,185.8,-45.19,-188.91
185,-45,-165,186.69,-45.41,-174.26
185,-45,-155,187.22,-45.54,-159.63
185,-45,-145,187.39,-45.58,-145.01
185,-45,145,187.39,-45.58,145.01
185,-45,155,187.22,-45.54,159.63
185,-45,165,186.69,-45.41,174.26
185,-45,175,185.8,-45.19,188.91
185,-45,185,184.52,-44.88,203.6
185,-45,195,182.79,-44.46,218.35
185,-35,-195,181.9,-34.41,-218.23
185,-35,-185,183.62,-34.74,-203.52
185,-35,-175,184.9,-34.98,-188.86
185,-35,-165,185.8,-35.15,-174.23
185,-35,-155,186.32,-35.25,-159.62
185,-35,155,186.32,-35.25,159.62
185,-35,165,185.8,-35.15,174.23
185,-35,175,184.9,-34.98,188.86
185,-35,185,183.62,-34.74,203.52
185,-35,195,181.9,-34.41,218.23
185,-25,-195,181.18,-24.48,-218.17
185,-25,-185,182.89,-24.72,-203.48
185,-25,-175,184.18,-24.89,-188.85
185,-25,-165,120.35,-16.26,-224.7
185,-25,-155,119.38,-16.13,-214.59
185,-25,155,119.38,-16.13,214.59
185,-25,165,120.35,-16.26,224.7
185,-25,175,184.18,-24.89,188.85
185,-25,185,182.89,-24.72,203.48
185,-25,195,181.18,-24.48,218.17
185,-15,-195,180.67,-14.65,-218.13
185,-15,-185,182.38,-14.79,-203.47
185,-15,-175,120.07,-9.74,-234.75
185,-15,-165,118.76,-9.63,-224.62
185,-15,-155,117.78,-9.55,-214.5
185,-15,155,117.78,-9.55,214.5
185,-15,165,118.76,-9.63,224.62
185,-15,175,120.07,-9.74,234.75
185,-15,185,182.38,-14.79,203.47
185,-15,195,180.67,-14.65,218.13
185,-5,-195,180.4,-4.88,-218.12
185,-5,-185,182.12,-4.92,-203.46
185,-5,-175,119.27,-3.22,-234.72
185,-5,-165,117.96,-3.19,-224.58
185,-5,-155,116.97,-3.16,-214.45
185,-5,155,116.97,-3.16,214.45
185,-5,165,117.96,-3.19,224.58
185,-5,175,119.27,-3.22,234.72
185,-5,185,182.12,-4.92,203.46
185,-5,195,180.4,-4.88,218.12
185,5,-195,180.4,4.88,-218.12
185,5,-185,182.12,4.92,-203.46
185,5,-175,119.27,3.22,-234.72
185,5,-165,117.96,3.19,-224.58
185,5,-155,116.97,3.16,-214.45
185,5,155,116.97,3.16,214.45
185,5,165,117.96,3.19,224.58
185,5,175,119.27,3.22,234.72
185,5,185,182.12,4.92,203.46
185,5,195,180.4,4.88,218.12
185,15,-195,180.67,14.65,-218.13
185,15,-185,182.38,14.79,-203.47
185,15,-175,120.07,9.74,-234.75
185,15,-165,118.76,9.63,-224.62
185,15,-155,117.78,9.55,-214.5
185,15,155,117.78,9.55,214.5
185,15,165,118.76,9.63,224.62
185,15,175,120.07,9.74,234.75
185,15,185,182.38,14.79,203.47
185,15,195,180.67,14.65,218.13
185,25,-195,181.18,24.48,-218.17
185,25,-185,182.89,24.72,-203.48
185,25,-175,184.18,24.89,-188.85
185,25,-165,120.35,16.26,-224.7
185,25,-155,119.38,16.13,-214.59
185,25,155,119.38,16.13,214.59
185,25,165,120.35,16.26,224.7
185,25,175,184.18,24.89,188.85
185,25,185,182.89,24.72,203.48
185,25,195,181.18,24.48,218.17
185,35,-195,181.9,34.41,-218.23
185,35,-185,183.62,34.74,-203.52
185,35,-175,184.9,34.98,-188.86
185,35,-165,185.8,35.15,-174.23
185,35,-155,186.32,35.25,-159.62
185,35,155,186.32,35.25,159.62
185,35,165,185.8,35.15,174.23
185,35,175,184.9,34.98,188.86
185,35,185,183.62,34.74,203.52
185,35,195,181.9,34.41,218.23
185,45,-195,182.79,44.46,-218.35
185,45,-185,184.52,44.88,-203.6
185,45,-175,185.8,45.19,-188.91
185,45,-165,186.69,45.41,-174.26
185,45,-155,187.22,45.54,-159.63
185,45,-145,187.39,45.58,-145.01
185,45,145,187.39,45.58,145.01
185,45,155,187.22,45.54,159.63
185,45,165,186.69,45.41,174.26
185,45,175,185.8,45.19,188.91
185,45,185,184.52,44.88,203.6
185,45,195,182.79,44.46,218.35
185,55,-195,183.8,54.64,-218.54
185,55,-185,185.54,55.16,-203.73
185,55,-175,186.82,55.54,-189.01
185,55,-165,187.71,55.81,-174.34
185,55,-155,188.24,55.96,-159.69
185,55,-145,188.41,56.02,-145.07
185,55,145,188.41,56.02,145.07
185,55,155,188.24,55.96,159.69
185,55,165,187.71,55.81,174.34
185,55,175,186.82,55.54,189.01
185,55,185,185.54,55.16,203.73
185,55,195,183.8,54.64,218.54
185,65,-185,186.63,65.57,-203.95
185,65,-175,187.93,66.03,-189.19
185,65,-165,188.82,66.34,-174.48
185,65,-155,189.35,66.53,-159.82
185,65,-145,189.53,66.59,-145.19
185,65,-135,189.38,66.54,-130.59
185,65,135,189.38,66.54,130.59
185,65,145,189.53,66.59,145.19
185,65,155,189.35,66.53,159.82
185,65,165,188.82,66.34,174.48
185,65,175,187.93,66.03,189.19
185,65,185,186.63,65.57,203.95
185,75,-185,187.75,76.11,-204.28
185,75,-175,189.06,76.65,-189.46
185,75,-165,189.96,77.01,-174.72
185,75,-155,190.5,77.23,-160.04
185,75,-145,190.7,77.31,-145.4
185,75,-135,190.56,77.25,-130.8
185,75,135,190.56,77.25,130.8
185,75,145,190.7,77.31,145.4
185,75,155,190.5,77.23,160.04
185,75,165,189.96,77.01,174.72
185,75,175,189.06,76.65,189.46
185,75,185,187.75,76.11,204.28
185,85,-175,190.18,87.38,-189.87
185,85,-165,191.1,87.8,-175.08
185,85,-155,191.66,88.06,-160.37
185,85,-145,191.87,88.16,-145.72
185,85,-135,191.76,88.11,-131.12
185,85,-125,191.34,87.91,-116.58
185,85,125,191.34,87.91,116.58
185,85,135,191.76,88.11,131.12
185,85,145,191.87,88.16,145.72
185,85,155,191.66,88.06,160.37
185,85,165,191.1,87.8,175.08
185,85,175,190.18,87.38,189.87
185,95,-175,191.24,98.21,-190.43
185,95,-165,192.2,98.7,-175.59
185,95,-155,192.79,99.0,-160.84
185,95,-145,193.03,99.12,-146.17
185,95,-135,192.95,99.08,-131.57
185,95,-125,192.57,98.89,-117.04
185,95,125,192.57,98.89,117.04
185,95,135,192.95,99.08,131.57
185,95,145,193.03,99.12,146.17
185,95,155,192.79,99.0,160.84
185,95,165,192.2,98.7,175.59
185,95,175,191.24,98.21,190.43
185,105,-165,193.23,109.67,-176.27
185,105,-155,193.85,110.02,-161.48
185,105,-145,194.13,110.18,-146.79
185,105,-135,194.1,110.16,-132.18
185,105,-125,193.76,109.97,-117.66
185,105,-115,193.14,109.62,-103.22
185,105,115,193.14,109.62,103.22
185,105,125,193.76,109.97,117.66
185,105,135,194.1,110.16,132.18
185,105,145,194.13,110.18,146.79
185,105,155,193.85,110.02,161.48
185,105,165,193.23,109.67,176.27
185,115,-165,194.15,120.69,-177.18
185,115,-155,194.83,121.11,-162.32
185,115,-145,195.16,121.32,-147.59
185,115,-135,195.18,121.33,-132.97
185,115,-125,194.91,121.16,-118.45
185,115,-115,194.35,120.81,-104.03
185,115,-105,193.53,120.3,-89.71
185,115,105,193.53,120.3,89.71
185,115,115,194.35,120.81,104.03
185,115,125,194.91,121.16,118.45
185,115,135,195.18,121.33,132.97
185,115,145,195.16,121.32,147.59
185,115,155,194.83,121.11,162.32
185,115,165,194.15,120.69,177.18
185,125,-155,195.7,132.23,-163.4
185,125,-145,196.1,132.5,-148.62
185,125,-135,196.18,132.56,-133.97
185,125,-125,195.98,132.42,-119.44
185,125,-115,195.5,132.09,-105.02
185,125,-105,194.76,131.6,-90.73
185,125,-95,193.79,130.94,-76.57
185,125,-85,192.58,130.12,-62.54
185,125,85,192.58,130.12,62.54
185,125,95,193.79,130.94,76.57
185,125,105,194.76,131.6,90.73
185,125,115,195.5,132.09,105.02
185,125,125,195.98,132.42,119.44
185,125,135,196.18,132.56,133.97
185,125,145,196.1,132.5,148.62
185,125,155,195.7,132.23,163.4
185,135,-145,196.93,143.7,-149.89
185,135,-135,197.09,143.82,-135.2
185,135,-125,196.96,143.73,-120.64
185,135,-115,196.57,143.44,-106.23
185,135,-105,195.93,142.97,-91.95
185,135,-95,195.05,142.34,-77.8
185,135,-85,193.97,141.54,-63.81
185,135,-75,192.67,140.6,-49.98
185,135,-65,191.2,139.52,-36.34
185,135,65,191.2,139.52,36.34
185,135,75,192.67,140.6,49.98
185,135,85,193.97,141.54,63.81
185,135,95,195.05,142.34,77.8
185,135,105,195.93,142.97,91.95
185,135,115,196.57,143.44,106.23
185,135,125,196.96,143.73,120.64
185,135,135,197.09,143.82,135.2
185,135,145,196.93,143.7,149.89
185,145,-135,197.88,155.1,-136.7
185,145,-125,197.84,155.07,-122.11
185,145,-115,197.55,154.83,-107.67
185,145,-105,197.01,154.41,-93.39
185,145,-95,196.24,153.81,-79.26
185,145,-85,195.28,153.05,-65.29
185,145,-75,194.12,152.15,-51.48
185,145,-65,192.79,151.11,-37.86
185,145,-55,191.31,149.95,-24.44
185,145,-45,189.7,148.69,-11.22
185,145,45,189.7,148.69,11.22
185,145,55,191.31,149.95,24.44
185,145,65,192.79,151.11,37.86
185,145,75,194.12,152.15,51.48
185,145,85,195.28,153.05,65.29
185,145,95,196.24,153.81,79.26
185,145,105,197.01,154.41,93.39
185,145,115,197.55,154.83,107.67
185,145,125,197.84,155.07,122.11
185,145,135,197.88,155.1,136.7
185,155,-125,198.61,166.41,-123.87
185,155,-115,198.42,166.25,-109.39
185,155,-105,197.99,165.88,-95.09
185,155,-95,197.34,165.34,-80.95
185,155,-85,196.5,164.64,-66.99
185,155,-75,195.48,163.78,-53.2
185,155,-65,194.3,162.79,-39.6
185,155,-55,192.98,161.68,-26.19
185,155,-45,191.53,160.47,-12.99
185,155,-35,189.99,159.18,-0.01
185,155,-25,188.38,157.83,12.75
185,155,-15,186.72,156.44,25.28
185,155,-5,185.03,155.03,37.58
185,155,5,185.03,155.03,-37.58
185,155,15,186.72,156.44,-25.28
185,155,25,188.38,157.83,-12.75
185,155,35,189.99,159.18,0.01
185,155,45,191.53,160.47,12.99
185,155,55,192.98,161.68,26.19
185,155,65,194.3,162.79,39.6
185,155,75,195.48,163.78,53.2
185,155,85,196.5,164.64,66.99
185,155,95,197.34,165.34,80.95
185,155,105,197.99,165.88,95.09
185,155,115,198.42,166.25,109.39
185,155,125,198.61,166.41,123.87
185,165,-115,199.18,177.65,-111.44
185,165,-105,198.87,177.37,-97.09
185,165,-95,198.35,176.9,-82.93
185,165,-85,197.63,176.27,-68.95
185,165,-75,196.75,175.48,-55.17
185,165,-65,195.71,174.55,-41.57
185,165,-55,194.54,173.51,-28.18
185,165,-45,193.26,172.36,-14.99
185,165,-35,191.89,171.14,-2.01
185,165,-25,190.45,169.86,10.75
185,165,-15,184.48,164.54,-59.55
185,165,-5,185.95,165.85,-47.68
185,165,5,185.95,165.85,47.68
185,165,15,184.48,164.54,59.55
185,165,25,190.45,169.86,-10.75
185,165,35,191.89,171.14,2.01
185,165,45,193.26,172.36,14.99
185,165,55,194.54,173.51,28.18
185,165,65,195.71,174.55,41.57
185,165,75,196.75,175.48,55.17
185,165,85,197.63,176.27,68.95
185,165,95,198.35,176.9,82.93
185,165,105,198.87,177.37,97.09
185,165,115,199.18,177.65,111.44
185,175,-95,199.24,188.47,-85.24
185,175,-85,198.66,187.92,-71.23
185,175,-75,197.91,187.21,-57.42
185,175,-65,197.02,186.37,-43.82
185,175,-55,196.0,185.4,-30.42
185,175,-45,194.87,184.34,-17.23
185,175,-35,184.65,174.67,-80.5
185,175,-25,185.84,175.79,-69.04
185,175,-15,187.1,176.99,-57.36
185,175,-5,188.41,178.22,-45.48
185,175,5,188.41,178.22,45.48
185,175,15,187.1,176.99,57.36
185,175,25,185.84,175.79,69.04
185,175,35,184.65,174.67,80.5
185,175,45,194.87,184.34,17.23
185,175,55,196.0,185.4,30.42
185,175,65,197.02,186.37,43.82
185,175,75,197.91,187.21,57.42
185,175,85,198.66,187.92,71.23
185,175,95,199.24,188.47,85.24
185,185,-75,198.96,198.96,-60.03
185,185,-65,198.21,198.21,-46.4
185,185,-55,185.59,185.59,-100.43
185,185,-45,186.45,186.45,-89.35
185,185,-35,187.42,187.42,-78.07
185,185,-25,188.46,188.46,-66.59
185,185,-15,189.56,189.56,-54.9
185,185,-5,190.71,190.71,-43.0
185,185,5,190.71,190.71,43.0
185,185,15,189.56,189.56,54.9
185,185,25,188.46,188.46,66.59
185,185,35,187.42,187.42,78.07
185,185,45,186.45,186.45,89.35
185,185,55,185.59,185.59,100.43
185,185,65,198.21,198.21,46.4
185,185,75,198.96,198.96,60.03
185,195,-55,198.57,209.3,-35.92
185,195,-45,197.75,208.44,-22.68
185,195,-35,196.85,207.49,-9.67
185,195,-25,195.9,206.49,3.12
185,195,-15,194.9,205.44,15.69
185,195,-5,193.89,204.37,28.04
185,195,5,193.89,204.37,-28.04
185,195,15,194.9,205.44,-15.69
185,195,25,195.9,206.49,-3.12
185,195,35,196.85,207.49,9.67
185,195,45,197.75,208.44,22.68
185,195,55,198.57,209.3,35.92
195,-185,-55,207.17,-196.55,-34.96
195,-185,-45,206.27,-195.69,-21.74
195,-185,-35,205.28,-194.75,-8.73
195,-185,-25,204.23,-193.76,4.06
195,-185,-15,199.83,-189.58,-53.0
195,-185,-5,200.92,-190.61,-41.09
195,-185,5,200.92,-190.61,41.09
195,-185,15,199.83,-189.58,53.0
195,-185,25,204.23,-193.76,-4.06
195,-185,35,205.28,-194.75,8.73
195,-185,45,206.27,-195.69,21.74
195,-185,55,207.17,-196.55,34.96
195,-175,-75,207.59,-186.3,-59.28
195,-175,-65,206.76,-185.56,-45.66
195,-175,-55,205.81,-184.7,-32.25
195,-175,-45,204.75,-183.75,-19.05
195,-175,-35,195.04,-175.04,-78.76
195,-175,-25,196.17,-176.05,-67.28
195,-175,-15,197.37,-177.13,-55.6
195,-175,-5,198.61,-178.24,-43.7
195,-175,5,198.61,-178.24,43.7
195,-175,15,197.37,-177.13,55.6
195,-175,25,196.17,-176.05,67.28
195,-175,35,195.04,-175.04,78.76
195,-175,45,204.75,-183.75,19.05
195,-175,55,205.81,-184.7,32.25
195,-175,65,206.76,-185.56,45.66
195,-175,75,207.59,-186.3,59.28
195,-165,-95,207.87,-175.89,-84.67
195,-165,-85,207.22,-175.34,-70.67
195,-165,-75,206.41,-174.65,-56.88
195,-165,-65,205.44,-173.84,-43.28
195,-165,-55,204.34,-172.9,-29.88
195,-165,-45,203.13,-171.88,-16.69
195,-165,-35,201.83,-170.78,-3.71
195,-165,-25,200.46,-169.62,9.05
195,-165,-15,194.78,-164.81,-57.89
195,-165,-5,196.18,-166.0,-46.01
195,-165,5,196.18,-166.0,46.01
195,-165,15,194.78,-164.81,57.89
195,-165,25,200.46,-169.62,-9.05
195,-165,35,201.83,-170.78,3.71
195,-165,45,203.13,-171.88,16.69
195,-165,55,204.34,-172.9,29.88
195,-165,65,205.44,-173.84,43.28
195,-165,75,206.41,-174.65,56.88
195,-165,85,207.22,-175.34,70.67
195,-165,95,207.87,-175.89,84.67
195,-155,-115,207.77,-165.15,-111.04
195,-155,-105,207.43,-164.88,-96.7
195,-155,-95,206.85,-164.42,-82.54
195,-155,-85,206.08,-163.81,-68.57
195,-155,-75,205.13,-163.05,-54.79
195,-155,-65,204.02,-162.17,-41.19
195,-155,-55,202.77,-161.18,-27.8
195,-155,-45,201.4,-160.09,-14.6
195,-155,-35,199.94,-158.93,-1.63
195,-155,-25,198.4,-157.71,11.13
195,-155,-15,196.82,-156.45,23.67
195,-155,-5,195.22,-155.17,35.98
195,-155,5,195.22,-155.17,-35.98
195,-155,15,196.82,-156.45,-23.67
195,-155,25,198.4,-157.71,-11.13
195,-155,35,199.94,-158.93,1.63
195,-155,45,201.4,-160.09,14.6
195,-155,55,202.77,-161.18,27.8
195,-155,65,204.02,-162.17,41.19
195,-155,75,205.13,-163.05,54.79
195,-155,85,206.08,-163.81,68.57
195,-155,95,206.85,-164.42,82.54
195,-155,105,207.43,-164.88,96.7
195,-155,115,207.77,-165.15,111.04
195,-145,-125,207.12,-154.01,-123.62
195,-145,-115,206.9,-153.85,-109.15
195,-145,-105,206.43,-153.5,-94.85
195,-145,-95,205.74,-152.99,-80.72
195,-145,-85,204.85,-152.32,-66.75
195,-145,-75,203.76,-151.52,-52.97
195,-145,-65,202.51,-150.59,-39.36
195,-145,-55,201.11,-149.54,-25.95
195,-145,-45,199.58,-148.41,-12.75
195,-145,-35,197.95,-147.2,0.23
195,-145,-25,196.24,-145.93,13.0
195,-145,-15,194.49,-144.62,25.53
195,-145,-5,192.7,-143.29,37.82
195,-145,5,192.7,-143.29,-37.82
195,-145,15,194.49,-144.62,-25.53
195,-145,25,196.24,-145.93,-13.0
195,-145,35,197.95,-147.2,-0.23
195,-145,45,199.58,-148.41,12.75
195,-145,55,201.11,-149.54,25.95
195,-145,65,202.51,-150.59,39.36
195,-145,75,203.76,-151.52,52.97
195,-145,85,204.85,-152.32,66.75
195,-145,95,205.74,-152.99,80.72
195,-145,105,206.43,-153.5,94.85
195,-145,115,206.9,-153.85,109.15
195,-145,125,207.12,-154.01,123.62
195,-135,-135,206.29,-142.81,-136.59
195,-135,-125,206.24,-142.78,-122.0
195,-135,-115,205.92,-142.56,-107.56
195,-135,-105,205.35,-142.17,-93.28
195,-135,-95,204.55,-141.61,-79.15
195,-135,-85,203.53,-140.91,-65.18
195,-135,-75,202.32,-140.07,-51.37
195,-135,-65,200.92,-139.1,-37.75
195,-135,-55,199.37,-138.02,-24.32
195,-135,-45,197.68,-136.85,-11.11
195,-135,45,197.68,-136.85,11.11
195,-135,55,199.37,-138.02,24.32
195,-135,65,200.92,-139.1,37.75
195,-135,75,202.32,-140.07,51.37
195,-135,85,203.53,-140.91,65.18
195,-135,95,204.55,-141.61,79.15
195,-135,105,205.35,-142.17,93.28
195,-135,115,205.92,-142.56,107.56
195,-135,125,206.24,-142.78,122.0
195,-135,135,206.29,-142.81,136.59
195,-125,-145,205.24,-131.56,-149.89
195,-125,-135,205.4,-131.67,-135.2
195,-125,-125,205.27,-131.58,-120.64
195,-125,-115,204.86,-131.32,-106.23
195,-125,-105,204.19,-130.89,-91.95
195,-125,-95,203.29,-130.31,-77.8
195,-125,-85,202.15,-129.58,-63.81
195,-125,-75,200.81,-128.72,-49.98
195,-125,-65,199.27,-127.74,-36.34
195,-125,65,199.27,-127.74,36.34
195,-125,75,200.81,-128.72,49.98
195,-125,85,202.15,-129.58,63.81
195,-125,95,203.29,-130.31,77.8
195,-125,105,204.19,-130.89,91.95
195,-125,115,204.86,-131.32,106.23
195,-125,125,205.27,-131.58,120.64
195,-125,135,205.4,-131.67,135.2
195,-125,145,205.24,-131.56,149.89
195,-115,-155,203.92,-120.26,-163.49
195,-115,-145,204.34,-120.51,-148.71
195,-115,-135,204.43,-120.56,-134.05
195,-115,-125,204.22,-120.44,-119.52
195,-115,-115,203.73,-120.15,-105.11
195,-115,-105,202.97,-119.7,-90.82
195,-115,-95,201.96,-119.11,-76.66
195,-115,-85,200.71,-118.37,-62.64
195,-115,85,200.71,-118.37,62.64
195,-115,95,201.96,-119.11,76.66
195,-115,105,202.97,-119.7,90.82
195,-115,115,203.73,-120.15,105.11
195,-115,125,204.22,-120.44,119.52
195,-115,135,204.43,-120.56,134.05
195,-115,145,204.34,-120.51,148.71
195,-115,155,203.92,-120.26,163.49
195,-105,-155,203.0,-109.31,-162.49
195,-105,-145,203.36,-109.5,-147.75
195,-105,-135,203.39,-109.52,-133.13
195,-105,-125,203.11,-109.37,-118.61
195,-105,-115,202.55,-109.06,-104.19
195,-105,-105,201.71,-108.61,-89.88
195,-105,-95,200.6,-108.02,-75.69
195,-105,95,200.6,-108.02,75.69
195,-105,105,201.71,-108.61,89.88
195,-105,115,202.55,-109.06,104.19
195,-105,125,203.11,-109.37,118.61
195,-105,135,203.39,-109.52,133.13
195,-105,145,203.36,-109.5,147.75
195,-105,155,203.0,-109.31,162.49
195,-95,-165,201.34,-98.09,-176.51
195,-95,-155,202.0,-98.41,-161.7
195,-95,-145,202.31,-98.56,-147.0
195,-95,-135,202.29,-98.55,-132.39
195,-95,-125,201.96,-98.39,-117.86
195,-95,-115,201.33,-98.08,-103.43
195,-95,-105,200.41,-97.64,-89.1
195,-95,105,200.41,-97.64,89.1
195,-95,115,201.33,-98.08,103.43
195,-95,125,201.96,-98.39,117.86
195,-95,135,202.29,-98.55,132.39
195,-95,145,202.31,-98.56,147.0
195,-95,155,202.0,-98.41,161.7
195,-95,165,201.34,-98.09,176.51
195,-85,-165,200.34,-87.33,-175.85
195,-85,-155,200.96,-87.6,-161.08
195,-85,-145,201.23,-87.71,-146.41
195,-85,-135,201.16,-87.69,-131.8
195,-85,-125,200.79,-87.52,-117.28
195,-85,-115,200.1,-87.22,-102.83
195,-85,115,200.1,-87.22,102.83
195,-85,125,200.79,-87.52,117.28
195,-85,135,201.16,-87.69,131.8
195,-85,145,201.23,-87.71,146.41
195,-85,155,200.96,-87.6,161.08
195,-85,165,200.34,-87.33,175.85
195,-75,-175,198.32,-76.28,-190.17
195,-75,-165,199.3,-76.65,-175.35
195,-75,-155,199.9,-76.88,-160.62
195,-75,-145,200.13,-76.97,-145.96
195,-75,-135,200.04,-76.94,-131.36
195,-75,-125,199.62,-76.78,-116.82
195,-75,125,199.62,-76.78,116.82
195,-75,135,200.04,-76.94,131.36
195,-75,145,200.13,-76.97,145.96
195,-75,155,199.9,-76.88,160.62
195,-75,165,199.3,-76.65,175.35
195,-75,175,198.32,-76.28,190.17
195,-65,-175,197.32,-65.77,-189.76
195,-65,-165,198.27,-66.09,-174.98
195,-65,-155,198.84,-66.28,-160.28
195,-65,-145,199.06,-66.35,-145.63
195,-65,-135,198.94,-66.31,-131.03
195,-65,-125,198.49,-66.16,-116.48
195,-65,125,198.49,-66.16,116.48
195,-65,135,198.94,-66.31,131.03
195,-65,145,199.06,-66.35,145.63
195,-65,155,198.84,-66.28,160.28
195,-65,165,198.27,-66.09,174.98
195,-65,175,197.32,-65.77,189.76
195,-55,-185,194.98,-55.0,-204.28
195,-55,-175,196.34,-55.38,-189.46
195,-55,-165,197.28,-55.64,-174.72
195,-55,-155,197.84,-55.8,-160.04
195,-55,-145,198.05,-55.86,-145.4
195,-55,-135,197.91,-55.82,-130.8
195,-55,135,197.91,-55.82,130.8
195,-55,145,198.05,-55.86,145.4
195,-55,155,197.84,-55.8,160.04
195,-55,165,197.28,-55.64,174.72
195,-55,175,196.34,-55.38,189.46
195,-55,185,194.98,-55.0,204.28
195,-45,-185,194.1,-44.79,-204.04
195,-45,-175,195.45,-45.1,-189.26
195,-45,-165,196.38,-45.32,-174.54
195,-45,-155,196.93,-45.45,-159.87
195,-45,-145,197.12,-45.49,-145.24
195,-45,-135,196.97,-45.45,-130.64
195,-45,135,196.97,-45.45,130.64
195,-45,145,197.12,-45.49,145.24
195,-45,155,196.93,-45.45,159.87
195,-45,165,196.38,-45.32,174.54
195,-45,175,195.45,-45.1,189.26
195,-45,185,194.1,-44.79,204.04
195,-35,-185,193.33,-34.7,-203.87
195,-35,-175,194.67,-34.94,-189.12
195,-35,-165,195.59,-35.11,-174.43
195,-35,-155,196.14,-35.2,-159.77
195,-35,-145,196.33,-35.24,-145.14
195,-35,145,196.33,-35.24,145.14
195,-35,155,196.14,-35.2,159.77
195,-35,165,195.59,-35.11,174.43
195,-35,175,194.67,-34.94,189.12
195,-35,185,193.33,-34.7,203.87
195,-25,-185,192.71,-24.71,-203.77
195,-25,-175,194.04,-24.88,-189.04
195,-25,-165,194.97,-25.0,-174.36
195,-25,-155,195.51,-25.07,-159.71
195,-25,-145,195.69,-25.09,-145.08
195,-25,145,195.69,-25.09,145.08
195,-25,155,195.51,-25.07,159.71
195,-25,165,194.97,-25.0,174.36
195,-25,175,194.04,-24.88,189.04
195,-25,185,192.71,-24.71,203.77
195,-15,-185,192.27,-14.79,-203.7
195,-15,-175,193.61,-14.89,-188.99
195,-15,-165,194.53,-14.96,-174.32
195,-15,-155,195.07,-15.01,-159.68
195,-15,-145,195.25,-15.02,-145.05
195,-15,145,195.25,-15.02,145.05
195,-15,155,195.07,-15.01,159.68
195,-15,165,194.53,-14.96,174.32
195,-15,175,193.61,-14.89,188.99
195,-15,185,192.27,-14.79,203.7
195,-5,-185,192.05,-4.92,-203.67
195,-5,-175,193.38,-4.96,-188.97
195,-5,-165,194.3,-4.98,-174.3
195,-5,-155,194.85,-5.0,-159.66
195,-5,-145,195.03,-5.0,-145.04
195,-5,145,195.03,-5.0,145.04
195,-5,155,194.85,-5.0,159.66
195,-5,165,194.3,-4.98,174.3
195,-5,175,193.38,-4.96,188.97
195,-5,185,192.05,-4.92,203.67
195,5,-185,192.05,4.92,-203.67
195,5,-175,193.38,4.96,-188.97
195,5,-165,194.3,4.98,-174.3
195,5,-155,194.85,5.0,-159.66
195,5,-145,195.03,5.0,-145.04
195,5,145,195.03,5.0,145.04
195,5,155,194.85,5.0,159.66
195,5,165,194.3,4.98,174.3
195,5,175,193.38,4.96,188.97
195,5,185,192.05,4.92,203.67
195,15,-185,192.27,14.79,-203.7
195,15,-175,193.61,14.89,-188.99
195,15,-165,194.53,14.96,-174.32
195,15,-155,195.07,15.01,-159.68
195,15,-145,195.25,15.02,-145.05
195,15,145,195.25,15.02,145.05
195,15,155,195.07,15.01,159.68
195,15,165,194.53,14.96,174.32
195,15,175,193.61,14.89,188.99
195,15,185,192.27,14.79,203.7
195,25,-185,192.71,24.71,-203.77
195,25,-175,194.04,24.88,-189.04
195,25,-165,194.97,25.0,-174.36
195,25,-155,195.51,25.07,-159.71
195,25,-145,195.69,25.09,-145.08
195,25,145,195.69,25.09,145.08
195,25,155,195.51,25.07,159.71
195,25,165,194.97,25.0,174.36
195,25,175,194.04,24.88,189.04
195,25,185,192.71,24.71,203.77
195,35,-185,193.33,34.7,-203.87
195,35,-175,194.67,34.94,-189.12
195,35,-165,195.59,35.11,-174.43
195,35,-155,196.14,35.2,-159.77
195,35,-145,196.33,35.24,-145.14
195,35,145,196.33,35.24,145.14
195,35,155,196.14,35.2,159.77
195,35,165,195.59,35.11,174.43
195,35,175,194.67,34.94,189.12
195,35,185,193.33,34.7,203.87
195,45,-185,194.1,44.79,-204.04
195,45,-175,195.45,45.1,-189.26
195,45,-165,196.38,45.32,-174.54
195,45,-155,196.93,45.45,-159.87
195,45,-145,197.12,45.49,-145.24
195,45,-135,196.97,45.45,-130.64
195,45,135,196.97,45.45,130.64
195,45,145,197.12,45.49,145.24
195,45,155,196.93,45.45,159.87
195,45,165,196.38,45.32,174.54
195,45,175,195.45,45.1,189.26
195,45,185,194.1,44.79,204.04
195,55,-185,194.98,55.0,-204.28
195,55,-175,196.34,55.38,-189.46
195,55,-165,197.28,55.64,-174.72
195,55,-155,197.84,55.8,-160.04
195,55,-145,198.05,55.86,-145.4
195,55,-135,197.91,55.82,-130.8
195,55,135,197.91,55.82,130.8
195,55,145,198.05,55.86,145.4
195,55,155,197.84,55.8,160.04
195,55,165,197.28,55.64,174.72
195,55,175,196.34,55.38,189.46
195,55,185,194.98,55.0,204.28
195,65,-175,197.32,65.77,-189.76
195,65,-165,198.27,66.09,-174.98
195,65,-155,198.84,66.28,-160.28
195,65,-145,199.06,66.35,-145.63
195,65,-135,198.94,66.31,-131.03
195,65,-125,198.49,66.16,-116.48
195,65,125,198.49,66.16,116.48
195,65,135,198.94,66.31,131.03
195,65,145,199.06,66.35,145.63
195,65,155,198.84,66.28,160.28
195,65,165,198.27,66.09,174.98
195,65,175,197.32,65.77,189.76
195,75,-175,198.32,76.28,-190.17
195,75,-165,199.3,76.65,-175.35
195,75,-155,199.9,76.88,-160.62
195,75,-145,200.13,76.97,-145.96
195,75,-135,200.04,76.94,-131.36
195,75,-125,199.62,76.78,-116.82
195,75,125,199.62,76.78,116.82
195,75,135,200.04,76.94,131.36
195,75,145,200.13,76.97,145.96
195,75,155,199.9,76.88,160.62
195,75,165,199.3,76.65,175.35
195,75,175,198.32,76.28,190.17
195,85,-165,200.34,87.33,-175.85
195,85,-155,200.96,87.6,-161.08
195,85,-145,201.23,87.71,-146.41
195,85,-135,201.16,87.69,-131.8
195,85,-125,200.79,87.52,-117.28
195,85,-115,200.1,87.22,-102.83
195,85,115,200.1,87.22,102.83
195,85,125,200.79,87.52,117.28
195,85,135,201.16,87.69,131.8
195,85,145,201.23,87.71,146.41
195,85,155,200.96,87.6,161.08
195,85,165,200.34,87.33,175.85
195,95,-165,201.34,98.09,-176.51
195,95,-155,202.0,98.41,-161.7
195,95,-145,202.31,98.56,-147.0
195,95,-135,202.29,98.55,-132.39
195,95,-125,201.96,98.39,-117.86
195,95,-115,201.33,98.08,-103.43
195,95,-105,200.41,97.64,-89.1
195,95,105,200.41,97.64,89.1
195,95,115,201.33,98.08,103.43
195,95,125,201.96,98.39,117.86
195,95,135,202.29,98.55,132.39
195,95,145,202.31,98.56,147.0
195,95,155,202.0,98.41,161.7
195,95,165,201.34,98.09,176.51
195,105,-155,203.0,109.31,-162.49
195,105,-145,203.36,109.5,-147.75
195,105,-135,203.39,109.52,-133.13
195,105,-125,203.11,109.37,-118.61
195,105,-115,202.55,109.06,-104.19
195,105,-105,201.71,108.61,-89.88
195,105,-95,200.6,108.02,-75.69
195,105,95,200.6,108.02,75.69
195,105,105,201.71,108.61,89.88
195,105,115,202.55,109.06,104.19
195,105,125,203.11,109.37,118.61
195,105,135,203.39,109.52,133.13
195,105,145,203.36,109.5,147.75
195,105,155,203.0,109.31,162.49
195,115,-155,203.92,120.26,-163.49
195,115,-145,204.34,120.51,-148.71
195,115,-135,204.43,120.56,-134.05
195,115,-125,204.22,120.44,-119.52
195,115,-115,203.73,120.15,-105.11
195,115,-105,202.97,119.7,-90.82
195,115,-95,201.96,119.11,-76.66
195,115,-85,200.71,118.37,-62.64
195,115,85,200.71,118.37,62.64
195,115,95,201.96,119.11,76.66
195,115,105,202.97,119.7,90.82
195,115,115,203.73,120.15,105.11
195,115,125,204.22,120.44,119.52
195,115,135,204.43,120.56,134.05
195,115,145,204.34,120.51,148.71
195,115,155,203.92,120.26,163.49
195,125,-145,205.24,131.56,-149.89
195,125,-135,205.4,131.67,-135.2
195,125,-125,205.27,131.58,-120.64
195,125,-115,204.86,131.32,-106.23
195,125,-105,204.19,130.89,-91.95
195,125,-95,203.29,130.31,-77.8
195,125,-85,202.15,129.58,-63.81
195,125,-75,200.81,128.72,-49.98
195,125,-65,199.27,127.74,-36.34
195,125,65,199.27,127.74,36.34
195,125,75,200.81,128.72,49.98
195,125,85,202.15,129.58,63.81
195,125,95,203.29,130.31,77.8
195,125,105,204.19,130.89,91.95
195,125,115,204.86,131.32,106.23
195,125,125,205.27,131.58,120.64
195,125,135,205.4,131.67,135.2
195,125,145,205.24,131.56,149.89
195,135,-135,206.29,142.81,-136.59
195,135,-125,206.24,142.78,-122.0
195,135,-115,205.92,142.56,-107.56
195,135,-105,205.35,142.17,-93.28
195,135,-95,204.55,141.61,-79.15
195,135,-85,203.53,140.91,-65.18
195,135,-75,202.32,140.07,-51.37
195,135,-65,200.92,139.1,-37.75
195,135,-55,199.37,138.02,-24.32
195,135,-45,197.68,136.85,-11.11
195,135,45,197.68,136.85,11.11
195,135,55,199.37,138.02,24.32
195,135,65,200.92,139.1,37.75
195,135,75,202.32,140.07,51.37
195,135,85,203.53,140.91,65.18
195,135,95,204.55,141.61,79.15
195,135,105,205.35,142.17,93.28
195,135,115,205.92,142.56,107.56
195,135,125,206.24,142.78,122.0
195,135,135,206.29,142.81,136.59
195,145,-125,207.12,154.01,-123.62
195,145,-115,206.9,153.85,-109.15
195,145,-105,206.43,153.5,-94.85
195,145,-95,205.74,152.99,-80.72
195,145,-85,204.85,152.32,-66.75
195,145,-75,203.76,151.52,-52.97
195,145,-65,202.51,150.59,-39.36
195,145,-55,201.11,149.54,-25.95
195,145,-45,199.58,148.41,-12.75
195,145,-35,197.95,147.2,0.23
195,145,-25,196.24,145.93,13.0
195,145,-15,194.49,144.62,25.53
195,145,-5,192.7,143.29,37.82
195,145,5,192.7,143.29,-37.82
195,145,15,194.49,144.62,-25.53
195,145,25,196.24,145.93,-13.0
195,145,35,197.95,147.2,-0.23
195,145,45,199.58,148.41,12.75
195,145,55,201.11,149.54,25.95
195,145,65,202.51,150.59,39.36
195,145,75,203.76,151.52,52.97
195,145,85,204.85,152.32,66.75
195,145,95,205.74,152.99,80.72
195,145,105,206.43,153.5,94.85
195,145,115,206.9,153.85,109.15
195,145,125,207.12,154.01,123.62
195,155,-115,207.77,165.15,-111.04
195,155,-105,207.43,164.88,-96.7
195,155,-95,206.85,164.42,-82.54
195,155,-85,206.08,163.81,-68.57
195,155,-75,205.13,163.05,-54.79
195,155,-65,204.02,162.17,-41.19
195,155,-55,202.77,161.18,-27.8
195,155,-45,201.4,160.09,-14.6
195,155,-35,199.94,158.93,-1.63
195,155,-25,198.4,157.71,11.13
195,155,-15,196.82,156.45,23.67
195,155,-5,195.22,155.17,35.98
195,155,5,195.22,155.17,-35.98
195,155,15,196.82,156.45,-23.67
195,155,25,198.4,157.71,-11.13
195,155,35,199.94,158.93,1.63
195,155,45,201.4,160.09,14.6
195,155,55,202.77,161.18,27.8
195,155,65,204.02,162.17,41.19
195,155,75,205.13,163.05,54.79
195,155,85,206.08,163.81,68.57
195,155,95,206.85,164.42,82.54
195,155,105,207.43,164.88,96.7
195,155,115,207.77,165.15,111.04
195,165,-95,207.87,175.89,-84.67
195,165,-85,207.22,175.34,-70.67
195,165,-75,206.41,174.65,-56.88
195,165,-65,205.44,173.84,-43.28
195,165,-55,204.34,172.9,-29.88
195,165,-45,203.13,171.88,-16.69
195,165,-35,201.83,170.78,-3.71
195,165,-25,200.46,169.62,9.05
195,165,-15,194.78,164.81,-57.89
195,165,-5,196.18,166.0,-46.01
195,165,5,196.18,166.0,46.01
195,165,15,194.78,164.81,57.89
195,165,25,200.46,169.62,-9.05
195,165,35,201.83,170.78,3.71
195,165,45,203.13,171.88,16.69
195,165,55,204.34,172.9,29.88
195,165,65,205.44,173.84,43.28
195,165,75,206.41,174.65,56.88
195,165,85,207.22,175.34,70.67
195,165,95,207.87,175.89,84.67
195,175,-75,207.59,186.3,-59.28
195,175,-65,206.76,185.56,-45.66
195,175,-55,205.81,184.7,-32.25
195,175,-45,204.75,183.75,-19.05
195,175,-35,195.04,175.04,-78.76
195,175,-25,196.17,176.05,-67.28
195,175,-15,197.37,177.13,-55.6
195,175,-5,198.61,178.24,-43.7
195,175,5,198.61,178.24,43.7
195,175,15,197.37,177.13,55.6
195,175,25,196.17,176.05,67.28
195,175,35,195.04,175.04,78.76
195,175,45,204.75,183.75,19.05
195,175,55,205.81,184.7,32.25
195,175,65,206.76,185.56,45.66
195,175,75,207.59,186.3,59.28
195,185,-55,207.17,196.55,-34.96
195,185,-45,206.27,195.69,-21.74
195,185,-35,205.28,194.75,-8.73
195,185,-25,204.23,193.76,4.06
195,185,-15,199.83,189.58,-53.0
195,185,-5,200.92,190.61,-41.09
195,185,5,200.92,190.61,41.09
195,185,15,199.83,189.58,53.0
195,185,25,204.23,193.76,-4.06
195,185,35,205.28,194.75,8.73
195,185,45,206.27,195.69,21.74
195,185,55,207.17,196.55,34.96
205,-175,-45,214.71,-183.29,-21.12
205,-175,-35,205.61,-175.52,-76.78
205,-175,-25,206.67,-176.42,-65.29
205,-175,-15,207.79,-177.38,-53.6
205,-175,-5,208.96,-178.38,-41.69
205,-175,5,208.96,-178.38,41.69
205,-175,15,207.79,-177.38,53.6
205,-175,25,206.67,-176.42,65.29
205,-175,35,205.61,-175.52,76.78
205,-175,45,214.71,-183.29,21.12
205,-165,-75,216.13,-173.96,-58.84
205,-165,-65,215.25,-173.25,-45.22
205,-165,-55,214.23,-172.43,-31.82
205,-165,-45,213.1,-171.52,-18.62
205,-165,-35,211.88,-170.54,-5.63
205,-165,-25,210.59,-169.5,7.13
205,-165,-15,205.23,-165.19,-56.01
205,-165,-5,206.56,-166.25,-44.12
205,-165,5,206.56,-166.25,44.12
205,-165,15,205.23,-165.19,56.01
205,-165,25,210.59,-169.5,-7.13
205,-165,35,211.88,-170.54,5.63
205,-165,45,213.1,-171.52,18.62
205,-165,55,214.23,-172.43,31.82
205,-165,65,215.25,-173.25,45.22
205,-165,75,216.13,-173.96,58.84
205,-155,-95,216.41,-163.63,-84.39
205,-155,-85,215.72,-163.11,-70.4
205,-155,-75,214.86,-162.45,-56.61
205,-155,-65,213.83,-161.68,-43.01
205,-155,-55,212.67,-160.8,-29.61
205,-155,-45,211.38,-159.83,-16.42
205,-155,-35,210.01,-158.79,-3.44
205,-155,-25,208.56,-157.69,9.32
205,-155,-15,207.07,-156.56,21.86
205,-155,-5,205.55,-155.42,34.17
205,-155,5,205.55,-155.42,-34.17
205,-155,15,207.07,-156.56,-21.86
205,-155,25,208.56,-157.69,-9.32
205,-155,35,210.01,-158.79,3.44
205,-155,45,211.38,-159.83,16.42
205,-155,55,212.67,-160.8,29.61
205,-155,65,213.83,-161.68,43.01
205,-155,75,214.86,-162.45,56.61
205,-155,85,215.72,-163.11,70.4
205,-155,95,216.41,-163.63,84.39
205,-145,-105,215.91,-152.72,-96.57
205,-145,-95,215.31,-152.29,-82.42
205,-145,-85,214.5,-151.72,-68.45
205,-145,-75,213.5,-151.01,-54.66
205,-145,-65,212.33,-150.19,-41.07
205,-145,-55,211.02,-149.26,-27.67
205,-145,-45,209.59,-148.25,-14.48
205,-145,-35,208.05,-147.16,-1.5
205,-145,-25,206.44,-146.02,11.26
205,-145,-15,204.78,-144.85,23.79
205,-145,-5,203.1,-143.66,36.1
205,-145,5,203.1,-143.66,-36.1
205,-145,15,204.78,-144.85,-23.79
205,-145,25,206.44,-146.02,-11.26
205,-145,35,208.05,-147.16,1.5
205,-145,45,209.59,-148.25,14.48
205,-145,55,211.02,-149.26,27.67
205,-145,65,212.33,-150.19,41.07
205,-145,75,213.5,-151.01,54.66
205,-145,85,214.5,-151.72,68.45
205,-145,95,215.31,-152.29,82.42
205,-145,105,215.91,-152.72,96.57
205,-135,-115,215.33,-141.8,-109.15
205,-135,-105,214.85,-141.49,-94.85
205,-135,-95,214.13,-141.01,-80.72
205,-135,-85,213.2,-140.4,-66.75
205,-135,-75,212.07,-139.66,-52.97
205,-135,-65,210.77,-138.8,-39.36
205,-135,-55,209.31,-137.84,-25.95
205,-135,-45,207.72,-136.79,-12.75
205,-135,-35,206.02,-135.67,0.23
205,-135,-25,204.24,-134.5,13.0
205,-135,-15,202.41,-133.3,25.53
205,-135,-5,200.56,-132.07,37.82
205,-135,5,200.56,-132.07,-37.82
205,-135,15,202.41,-133.3,-25.53
205,-135,25,204.24,-134.5,-13.0
205,-135,35,206.02,-135.67,-0.23
205,-135,45,207.72,-136.79,12.75
205,-135,55,209.31,-137.84,25.95
205,-135,65,210.77,-138.8,39.36
205,-135,75,212.07,-139.66,52.97
205,-135,85,213.2,-140.4,66.75
205,-135,95,214.13,-141.01,80.72
205,-135,105,214.85,-141.49,94.85
205,-135,115,215.33,-141.8,109.15
205,-125,-125,214.62,-130.87,-122.11
205,-125,-115,214.3,-130.67,-107.67
205,-125,-105,213.71,-130.31,-93.39
205,-125,-95,212.89,-129.81,-79.26
205,-125,-85,211.84,-129.17,-65.29
205,-125,-75,210.58,-128.4,-51.48
205,-125,-65,209.14,-127.53,-37.86
205,-125,-55,207.54,-126.55,-24.44
205,-125,-45,205.79,-125.48,-11.22
205,-125,45,205.79,-125.48,11.22
205,-125,55,207.54,-126.55,24.44
205,-125,65,209.14,-127.53,37.86
205,-125,75,210.58,-128.4,51.48
205,-125,85,211.84,-129.17,65.29
205,-125,95,212.89,-129.81,79.26
205,-125,105,213.71,-130.31,93.39
205,-125,115,214.3,-130.67,107.67
205,-125,125,214.62,-130.87,122.11
205,-115,-135,213.73,-119.9,-135.4
205,-115,-125,213.61,-119.83,-120.84
205,-115,-115,213.2,-119.6,-106.42
205,-115,-105,212.52,-119.22,-92.14
205,-115,-95,211.59,-118.7,-78.0
205,-115,-85,210.43,-118.05,-64.02
205,-115,-75,209.05,-117.27,-50.19
205,-115,-65,207.48,-116.39,-36.55
205,-115,65,207.48,-116.39,36.55
205,-115,75,209.05,-117.27,50.19
205,-115,85,210.43,-118.05,64.02
205,-115,95,211.59,-118.7,78.0
205,-115,105,212.52,-119.22,92.14
205,-115,115,213.2,-119.6,106.42
205,-115,125,213.61,-119.83,120.84
205,-115,135,213.73,-119.9,135.4
205,-105,-145,212.62,-108.91,-148.99
205,-105,-135,212.74,-108.96,-134.33
205,-105,-125,212.54,-108.86,-119.79
205,-105,-115,212.05,-108.61,-105.38
205,-105,-105,211.29,-108.22,-91.09
205,-105,-95,210.26,-107.7,-76.94
205,-105,-85,209.0,-107.05,-62.92
205,-105,85,209.0,-107.05,62.92
205,-105,95,210.26,-107.7,76.94
205,-105,105,211.29,-108.22,91.09
205,-105,115,212.05,-108.61,105.38
205,-105,125,212.54,-108.86,119.79
205,-105,135,212.74,-108.96,134.33
205,-105,145,212.62,-108.91,148.99
205,-95,-155,211.25,-97.9,-162.84
205,-95,-145,211.65,-98.08,-148.09
205,-95,-135,211.7,-98.11,-133.45
205,-95,-125,211.44,-97.98,-118.93
205,-95,-115,210.88,-97.73,-104.51
205,-95,-105,210.04,-97.34,-90.21
205,-95,-95,208.93,-96.82,-76.03
205,-95,95,208.93,-96.82,76.03
205,-95,105,210.04,-97.34,90.21
205,-95,115,210.88,-97.73,104.51
205,-95,125,211.44,-97.98,118.93
205,-95,135,211.7,-98.11,133.45
205,-95,145,211.65,-98.08,148.09
205,-95,155,211.25,-97.9,162.84
205,-85,-155,210.3,-87.2,-162.08
205,-85,-145,210.64,-87.34,-147.36
205,-85,-135,210.65,-87.34,-132.74
205,-85,-125,210.33,-87.21,-118.22
205,-85,-115,209.71,-86.95,-103.8
205,-85,-105,208.8,-86.57,-89.48
205,-85,105,208.8,-86.57,89.48
205,-85,115,209.71,-86.95,103.8
205,-85,125,210.33,-87.21,118.22
205,-85,135,210.65,-87.34,132.74
205,-85,145,210.64,-87.34,147.36
205,-85,155,210.3,-87.2,162.08
205,-75,-165,208.65,-76.34,-176.27
205,-75,-155,209.33,-76.58,-161.48
205,-75,-145,209.63,-76.69,-146.79
205,-75,-135,209.6,-76.68,-132.18
205,-75,-125,209.23,-76.55,-117.66
205,-75,-115,208.56,-76.3,-103.22
205,-75,115,208.56,-76.3,103.22
205,-75,125,209.23,-76.55,117.66
205,-75,135,209.6,-76.68,132.18
205,-75,145,209.63,-76.69,146.79
205,-75,155,209.33,-76.58,161.48
205,-75,165,208.65,-76.34,176.27
205,-65,-165,207.73,-65.87,-175.78
205,-65,-155,208.38,-66.07,-161.02
205,-65,-145,208.65,-66.16,-146.35
205,-65,-135,208.58,-66.14,-131.75
205,-65,-125,208.18,-66.01,-117.22
205,-65,-115,207.46,-65.78,-102.77
205,-65,115,207.46,-65.78,102.77
205,-65,125,208.18,-66.01,117.22
205,-65,135,208.58,-66.14,131.75
205,-65,145,208.65,-66.16,146.35
205,-65,155,208.38,-66.07,161.02
205,-65,165,207.73,-65.87,175.78
205,-55,-165,206.86,-55.5,-175.41
205,-55,-155,207.47,-55.66,-160.67
205,-55,-145,207.73,-55.73,-146.01
205,-55,-135,207.63,-55.71,-131.41
205,-55,-125,207.2,-55.59,-116.88
205,-55,125,207.2,-55.59,116.88
205,-55,135,207.63,-55.71,131.41
205,-55,145,207.73,-55.73,146.01
205,-55,155,207.47,-55.66,160.67
205,-55,165,206.86,-55.5,175.41
205,-45,-175,205.05,-45.01,-189.92
205,-45,-165,206.05,-45.23,-175.13
205,-45,-155,206.66,-45.36,-160.42
205,-45,-145,206.89,-45.42,-145.76
205,-45,-135,206.78,-45.39,-131.17
205,-45,-125,206.32,-45.29,-116.62
205,-45,125,206.32,-45.29,116.62
205,-45,135,206.78,-45.39,131.17
205,-45,145,206.89,-45.42,145.76
205,-45,155,206.66,-45.36,160.42
205,-45,165,206.05,-45.23,175.13
205,-45,175,205.05,-45.01,189.92
205,-35,-175,204.38,-34.89,-189.7
205,-35,-165,205.36,-35.06,-174.93
205,-35,-155,205.96,-35.16,-160.23
205,-35,-145,206.18,-35.2,-145.59
205,-35,-135,206.05,-35.18,-130.99
205,-35,135,206.05,-35.18,130.99
205,-35,145,206.18,-35.2,145.59
205,-35,155,205.96,-35.16,160.23
205,-35,165,205.36,-35.06,174.93
205,-35,175,204.38,-34.89,189.7
205,-25,-175,203.84,-24.86,-189.55
205,-25,-165,204.82,-24.98,-174.8
205,-25,-155,205.4,-25.05,-160.11
205,-25,-145,205.61,-25.07,-145.47
205,-25,-135,205.47,-25.06,-130.87
205,-25,135,205.47,-25.06,130.87
205,-25,145,205.61,-25.07,145.47
205,-25,155,205.4,-25.05,160.11
205,-25,165,204.82,-24.98,174.8
205,-25,175,203.84,-24.86,189.55
205,-15,-175,203.46,-14.89,-189.46
205,-15,-165,204.43,-14.96,-174.72
205,-15,-155,205.01,-15.0,-160.04
205,-15,-145,205.22,-15.02,-145.4
205,-15,-135,205.08,-15.01,-130.8
205,-15,135,205.08,-15.01,130.8
205,-15,145,205.22,-15.02,145.4
205,-15,155,205.01,-15.0,160.04
205,-15,165,204.43,-14.96,174.72
205,-15,175,203.46,-14.89,189.46
205,-5,-175,203.27,-4.96,-189.42
205,-5,-165,204.24,-4.98,-174.68
205,-5,-155,204.82,-5.0,-160.0
205,-5,-145,205.02,-5.0,-145.36
205,-5,-135,204.88,-5.0,-130.76
205,-5,135,204.88,-5.0,130.76
205,-5,145,205.02,-5.0,145.36
205,-5,155,204.82,-5.0,160.0
205,-5,165,204.24,-4.98,174.68
205,-5,175,203.27,-4.96,189.42
205,5,-175,203.27,4.96,-189.42
205,5,-165,204.24,4.98,-174.68
205,5,-155,204.82,5.0,-160.0
205,5,-145,205.02,5.0,-145.36
205,5,-135,204.88,5.0,-130.76
205,5,135,204.88,5.0,130.76
205,5,145,205.02,5.0,145.36
205,5,155,204.82,5.0,160.0
205,5,165,204.24,4.98,174.68
205,5,175,203.27,4.96,189.42
205,15,-175,203.46,14.89,-189.46
205,15,-165,204.43,14.96,-174.72
205,15,-155,205.01,15.0,-160.04
205,15,-145,205.22,15.02,-145.4
205,15,-135,205.08,15.01,-130.8
205,15,135,205.08,15.01,130.8
205,15,145,205.22,15.02,145.4
205,15,155,205.01,15.0,160.04
205,15,165,204.43,14.96,174.72
205,15,175,203.46,14.89,189.46
205,25,-175,203.84,24.86,-189.55
205,25,-165,204.82,24.98,-174.8
205,25,-155,205.4,25.05,-160.11
205,25,-145,205.61,25.07,-145.47
205,25,-135,205.47,25.06,-130.87
205,25,135,205.47,25.06,130.87
205,25,145,205.61,25.07,145.47
205,25,155,205.4,25.05,160.11
205,25,165,204.82,24.98,174.8
205,25,175,203.84,24.86,189.55
205,35,-175,204.38,34.89,-189.7
205,35,-165,205.36,35.06,-174.93
205,35,-155,205.96,35.16,-160.23
205,35,-145,206.18,35.2,-145.59
205,35,-135,206.05,35.18,-130.99
205,35,135,206.05,35.18,130.99
205,35,145,206.18,35.2,145.59
205,35,155,205.96,35.16,160.23
205,35,165,205.36,35.06,174.93
205,35,175,204.38,34.89,189.7
205,45,-175,205.05,45.01,-189.92
205,45,-165,206.05,45.23,-175.13
205,45,-155,206.66,45.36,-160.42
205,45,-145,206.89,45.42,-145.76
205,45,-135,206.78,45.39,-131.17
205,45,-125,206.32,45.29,-116.62
205,45,125,206.32,45.29,116.62
205,45,135,206.78,45.39,131.17
205,45,145,206.89,45.42,145.76
205,45,155,206.66,45.36,160.42
205,45,165,206.05,45.23,175.13
205,45,175,205.05,45.01,189.92
205,55,-165,206.86,55.5,-175.41
205,55,-155,207.47,55.66,-160.67
205,55,-145,207.73,55.73,-146.01
205,55,-135,207.63,55.71,-131.41
205,55,-125,207.2,55.59,-116.88
205,55,125,207.2,55.59,116.88
205,55,135,207.63,55.71,131.41
205,55,145,207.73,55.73,146.01
205,55,155,207.47,55.66,160.67
205,55,165,206.86,55.5,175.41
205,65,-165,207.73,65.87,-175.78
205,65,-155,208.38,66.07,-161.02
205,65,-145,208.65,66.16,-146.35
205,65,-135,208.58,66.14,-131.75
205,65,-125,208.18,66.01,-117.22
205,65,-115,207.46,65.78,-102.77
205,65,115,207.46,65.78,102.77
205,65,125,208.18,66.01,117.22
205,65,135,208.58,66.14,131.75
205,65,145,208.65,66.16,146.35
205,65,155,208.38,66.07,161.02
205,65,165,207.73,65.87,175.78
205,75,-165,208.65,76.34,-176.27
205,75,-155,209.33,76.58,-161.48
205,75,-145,209.63,76.69,-146.79
205,75,-135,209.6,76.68,-132.18
205,75,-125,209.23,76.55,-117.66
205,75,-115,208.56,76.3,-103.22
205,75,115,208.56,76.3,103.22
205,75,125,209.23,76.55,117.66
205,75,135,209.6,76.68,132.18
205,75,145,209.63,76.69,146.79
205,75,155,209.33,76.58,161.48
205,75,165,208.65,76.34,176.27
205,85,-155,210.3,87.2,-162.08
205,85,-145,210.64,87.34,-147.36
205,85,-135,210.65,87.34,-132.74
205,85,-125,210.33,87.21,-118.22
205,85,-115,209.71,86.95,-103.8
205,85,-105,208.8,86.57,-89.48
205,85,105,208.8,86.57,89.48
205,85,115,209.71,86.95,103.8
205,85,125,210.33,87.21,118.22
205,85,135,210.65,87.34,132.74
205,85,145,210.64,87.34,147.36
205,85,155,210.3,87.2,162.08
205,95,-155,211.25,97.9,-162.84
205,95,-145,211.65,98.08,-148.09
205,95,-135,211.7,98.11,-133.45
205,95,-125,211.44,97.98,-118.93
205,95,-115,210.88,97.73,-104.51
205,95,-105,210.04,97.34,-90.21
205,95,-95,208.93,96.82,-76.03
205,95,95,208.93,96.82,76.03
205,95,105,210.04,97.34,90.21
205,95,115,210.88,97.73,104.51
205,95,125,211.44,97.98,118.93
205,95,135,211.7,98.11,133.45
205,95,145,211.65,98.08,148.09
205,95,155,211.25,97.9,162.84
205,105,-145,212.62,108.91,-148.99
205,105,-135,212.74,108.96,-134.33
205,105,-125,212.54,108.86,-119.79
205,105,-115,212.05,108.61,-105.38
205,105,-105,211.29,108.22,-91.09
205,105,-95,210.26,107.7,-76.94
205,105,-85,209.0,107.05,-62.92
205,105,85,209.0,107.05,62.92
205,105,95,210.26,107.7,76.94
205,105,105,211.29,108.22,91.09
205,105,115,212.05,108.61,105.38
205,105,125,212.54,108.86,119.79
205,105,135,212.74,108.96,134.33
205,105,145,212.62,108.91,148.99
205,115,-135,213.73,119.9,-135.4
205,115,-125,213.61,119.83,-120.84
205,115,-115,213.2,119.6,-106.42
205,115,-105,212.52,119.22,-92.14
205,115,-95,211.59,118.7,-78.0
205,115,-85,210.43,118.05,-64.02
205,115,-75,209.05,117.27,-50.19
205,115,-65,207.48,116.39,-36.55
205,115,65,207.48,116.39,36.55
205,115,75,209.05,117.27,50.19
205,115,85,210.43,118.05,64.02
205,115,95,211.59,118.7,78.0
205,115,105,212.52,119.22,92.14
205,115,115,213.2,119.6,106.42
205,115,125,213.61,119.83,120.84
205,115,135,213.73,119.9,135.4
205,125,-125,214.62,130.87,-122.11
205,125,-115,214.3,130.67,-107.67
205,125,-105,213.71,130.31,-93.39
205,125,-95,212.89,129.81,-79.26
205,125,-85,211.84,129.17,-65.29
205,125,-75,210.58,128.4,-51.48
205,125,-65,209.14,127.53,-37.86
205,125,-55,207.54,126.55,-24.44
205,125,-45,205.79,125.48,-11.22
205,125,45,205.79,125.48,11.22
205,125,55,207.54,126.55,24.44
205,125,65,209.14,127.53,37.86
205,125,75,210.58,128.4,51.48
205,125,85,211.84,129.17,65.29
205,125,95,212.89,129.81,79.26
205,125,105,213.71,130.31,93.39
205,125,115,214.3,130.67,107.67
205,125,125,214.62,130.87,122.11
205,135,-115,215.33,141.8,-109.15
205,135,-105,214.85,141.49,-94.85
205,135,-95,214.13,141.01,-80.72
205,135,-85,213.2,140.4,-66.75
205,135,-75,212.07,139.66,-52.97
205,135,-65,210.77,138.8,-39.36
205,135,-55,209.31,137.84,-25.95
205,135,-45,207.72,136.79,-12.75
205,135,-35,206.02,135.67,0.23
205,135,-25,204.24,134.5,13.0
205,135,-15,202.41,133.3,25.53
205,135,-5,200.56,132.07,37.82
205,135,5,200.56,132.07,-37.82
205,135,15,202.41,133.3,-25.53
205,135,25,204.24,134.5,-13.0
205,135,35,206.02,135.67,-0.23
205,135,45,207.72,136.79,12.75
205,135,55,209.31,137.84,25.95
205,135,65,210.77,138.8,39.36
205,135,75,212.07,139.66,52.97
205,135,85,213.2,140.4,66.75
205,135,95,214.13,141.01,80.72
205,135,105,214.85,141.49,94.85
205,135,115,215.33,141.8,109.15
205,145,-105,215.91,152.72,-96.57
205,145,-95,215.31,152.29,-82.42
205,145,-85,214.5,151.72,-68.45
205,145,-75,213.5,151.01,-54.66
205,145,-65,212.33,150.19,-41.07
205,145,-55,211.02,149.26,-27.67
205,145,-45,209.59,148.25,-14.48
205,145,-35,208.05,147.16,-1.5
205,145,-25,206.44,146.02,11.26
205,145,-15,204.78,144.85,23.79
205,145,-5,203.1,143.66,36.1
205,145,5,203.1,143.66,-36.1
205,145,15,204.78,144.85,-23.79
205,145,25,206.44,146.02,-11.26
205,145,35,208.05,147.16,1.5
205,145,45,209.59,148.25,14.48
205,145,55,211.02,149.26,27.67
205,145,65,212.33,150.19,41.07
205,145,75,213.5,151.01,54.66
205,145,85,214.5,151.72,68.45
205,145,95,215.31,152.29,82.42
205,145,105,215.91,152.72,96.57
205,155,-95,216.41,163.63,-84.39
205,155,-85,215.72,163.11,-70.4
205,155,-75,214.86,162.45,-56.61
205,155,-65,213.83,161.68,-43.01
205,155,-55,212.67,160.8,-29.61
205,155,-45,211.38,159.83,-16.42
205,155,-35,210.01,158.79,-3.44
205,155,-25,208.56,157.69,9.32
205,155,-15,207.07,156.56,21.86
205,155,-5,205.55,155.42,34.17
205,155,5,205.55,155.42,-34.17
205,155,15,207.07,156.56,-21.86
205,155,25,208.56,157.69,-9.32
205,155,35,210.01,158.79,3.44
205,155,45,211.38,159.83,16.42
205,155,55,212.67,160.8,29.61
205,155,65,213.83,161.68,43.01
205,155,75,214.86,162.45,56.61
205,155,85,215.72,163.11,70.4
205,155,95,216.41,163.63,84.39
205,165,-75,216.13,173.96,-58.84
205,165,-65,215.25,173.25,-45.22
205,165,-55,214.23,172.43,-31.82
205,165,-45,213.1,171.52,-18.62
205,165,-35,211.88,170.54,-5.63
205,165,-25,210.59,169.5,7.13
205,165,-15,205.23,165.19,-56.01
205,165,-5,206.56,166.25,-44.12
205,165,5,206.56,166.25,44.12
205,165,15,205.23,165.19,56.01
205,165,25,210.59,169.5,-7.13
205,165,35,211.88,170.54,5.63
205,165,45,213.1,171.52,18.62
205,165,55,214.23,172.43,31.82
205,165,65,215.25,173.25,45.22
205,165,75,216.13,173.96,58.84
205,175,-45,214.71,183.29,-21.12
205,175,-35,205.61,175.52,-76.78
205,175,-25,206.67,176.42,-65.29
205,175,-15,207.79,177.38,-53.6
205,175,-5,208.96,178.38,-41.69
205,175,5,208.96,178.38,41.69
205,175,15,207.79,177.38,53.6
205,175,25,206.67,176.42,65.29
205,175,35,205.61,175.52,76.78
205,175,45,214.71,183.29,21.12
215,-165,-45,223.15,-171.26,-20.81
215,-165,-35,222.03,-170.39,-7.82
215,-165,-25,220.83,-169.48,4.96
215,-165,-15,215.84,-165.64,-53.89
215,-165,-5,217.07,-166.59,-41.98
215,-165,5,217.07,-166.59,41.98
215,-165,15,215.84,-165.64,53.89
215,-165,25,220.83,-169.48,-4.96
215,-165,35,222.03,-170.39,7.82
215,-165,45,223.15,-171.26,20.81
215,-155,-65,223.72,-161.29,-45.08
215,-155,-55,222.65,-160.52,-31.67
215,-155,-45,221.47,-159.66,-18.48
215,-155,-35,220.19,-158.74,-5.49
215,-155,-25,218.84,-157.77,7.27
215,-155,-15,217.45,-156.77,19.82
215,-155,-5,216.03,-155.74,32.15
215,-155,5,216.03,-155.74,-32.15
215,-155,15,217.45,-156.77,-19.82
215,-155,25,218.84,-157.77,-7.27
215,-155,35,220.19,-158.74,5.49
215,-155,45,221.47,-159.66,18.48
215,-155,55,222.65,-160.52,31.67
215,-155,65,223.72,-161.29,45.08
215,-145,-85,224.22,-151.22,-70.4
215,-145,-75,223.32,-150.61,-56.61
215,-145,-65,222.25,-149.89,-43.01
215,-145,-55,221.04,-149.07,-29.61
215,-145,-45,219.71,-148.18,-16.42
215,-145,-35,218.28,-147.21,-3.44
215,-145,-25,216.78,-146.2,9.32
215,-145,-15,215.22,-145.15,21.86
215,-145,-5,213.65,-144.09,34.17
215,-145,5,213.65,-144.09,-34.17
215,-145,15,215.22,-145.15,-21.86
215,-145,25,216.78,-146.2,-9.32
215,-145,35,218.28,-147.21,3.44
215,-145,45,219.71,-148.18,16.42
215,-145,55,221.04,-149.07,29.61
215,-145,65,222.25,-149.89,43.01
215,-145,75,223.32,-150.61,56.61
215,-145,85,224.22,-151.22,70.4
215,-135,-105,224.4,-140.9,-96.7
215,-135,-95,223.78,-140.51,-82.54
215,-135,-85,222.95,-139.99,-68.57
215,-135,-75,221.92,-139.35,-54.79
215,-135,-65,220.72,-138.59,-41.19
215,-135,-55,219.37,-137.74,-27.8
215,-135,-45,217.89,-136.81,-14.6
215,-135,-35,216.3,-135.82,-1.63
215,-135,-25,214.64,-134.78,11.13
215,-135,-15,212.93,-133.7,23.67
215,-135,-5,211.19,-132.61,35.98
215,-135,5,211.19,-132.61,-35.98
215,-135,15,212.93,-133.7,-23.67
215,-135,25,214.64,-134.78,-11.13
215,-135,35,216.3,-135.82,1.63
215,-135,45,217.89,-136.81,14.6
215,-135,55,219.37,-137.74,27.8
215,-135,65,220.72,-138.59,41.19
215,-135,75,221.92,-139.35,54.79
215,-135,85,222.95,-139.99,68.57
215,-135,95,223.78,-140.51,82.54
215,-135,105,224.4,-140.9,96.7
215,-125,-115,223.79,-130.11,-109.39
215,-125,-105,223.3,-129.83,-95.09
215,-125,-95,222.57,-129.4,-80.95
215,-125,-85,221.62,-128.85,-66.99
215,-125,-75,220.47,-128.18,-53.2
215,-125,-65,219.14,-127.41,-39.6
215,-125,-55,217.65,-126.54,-26.19
215,-125,-45,216.02,-125.59,-12.99
215,-125,-35,214.28,-124.58,-0.01
215,-125,-25,212.46,-123.52,12.75
215,-125,-15,210.58,-122.43,25.28
215,-125,-5,208.69,-121.33,37.58
215,-125,5,208.69,-121.33,-37.58
215,-125,15,210.58,-122.43,-25.28
215,-125,25,212.46,-123.52,-12.75
215,-125,35,214.28,-124.58,0.01
215,-125,45,216.02,-125.59,12.99
215,-125,55,217.65,-126.54,26.19
215,-125,65,219.14,-127.41,39.6
215,-125,75,220.47,-128.18,53.2
215,-125,85,221.62,-128.85,66.99
215,-125,95,222.57,-129.4,80.95
215,-125,105,223.3,-129.83,95.09
215,-125,115,223.79,-130.11,109.39
215,-115,-125,223.05,-119.3,-122.44
215,-115,-115,222.73,-119.14,-108.0
215,-115,-105,222.15,-118.82,-93.71
215,-115,-95,221.32,-118.38,-79.58
215,-115,-85,220.26,-117.81,-65.62
215,-115,-75,218.99,-117.13,-51.82
215,-115,-65,217.52,-116.35,-38.2
215,-115,-55,215.89,-115.48,-24.78
215,-115,-45,214.12,-114.53,-11.57
215,-115,-35,212.23,-113.52,1.43
215,-115,35,212.23,-113.52,-1.43
215,-115,45,214.12,-114.53,11.57
215,-115,55,215.89,-115.48,24.78
215,-115,65,217.52,-116.35,38.2
215,-115,75,218.99,-117.13,51.82
215,-115,85,220.26,-117.81,65.62
215,-115,95,221.32,-118.38,79.58
215,-115,105,222.15,-118.82,93.71
215,-115,115,222.73,-119.14,108.0
215,-115,125,223.05,-119.3,122.44
215,-105,-135,222.14,-108.48,-135.82
215,-105,-125,222.04,-108.44,-121.25
215,-105,-115,221.64,-108.24,-106.83
215,-105,-105,220.97,-107.91,-92.55
215,-105,-95,220.04,-107.46,-78.41
215,-105,-85,218.87,-106.89,-64.43
215,-105,-75,217.49,-106.21,-50.62
215,-105,-65,215.9,-105.44,-36.98
215,-105,-55,214.13,-104.58,-23.54
215,-105,55,214.13,-104.58,23.54
215,-105,65,215.9,-105.44,36.98
215,-105,75,217.49,-106.21,50.62
215,-105,85,218.87,-106.89,64.43
215,-105,95,220.04,-107.46,78.41
215,-105,105,220.97,-107.91,92.55
215,-105,115,221.64,-108.24,106.83
215,-105,125,222.04,-108.44,121.25
215,-105,135,222.14,-108.48,135.82
215,-95,-135,221.17,-97.73,-134.8
215,-95,-125,221.0,-97.65,-120.26
215,-95,-115,220.53,-97.44,-105.84
215,-95,-105,219.77,-97.11,-91.56
215,-95,-95,218.76,-96.66,-77.41
215,-95,-85,217.49,-96.1,-63.41
215,-95,-75,216.0,-95.44,-49.57
215,-95,75,216.0,-95.44,49.57
215,-95,85,217.49,-96.1,63.41
215,-95,95,218.76,-96.66,77.41
215,-95,105,219.77,-97.11,91.56
215,-95,115,220.53,-97.44,105.84
215,-95,125,221.0,-97.65,120.26
215,-95,135,221.17,-97.73,134.8
215,-85,-145,220.09,-87.01,-148.62
215,-85,-135,220.18,-87.05,-133.97
215,-85,-125,219.95,-86.96,-119.44
215,-85,-115,219.42,-86.75,-105.02
215,-85,-105,218.59,-86.42,-90.73
215,-85,-95,217.49,-85.99,-76.57
215,-85,-85,216.14,-85.45,-62.54
215,-85,85,216.14,-85.45,62.54
215,-85,95,217.49,-85.99,76.57
215,-85,105,218.59,-86.42,90.73
215,-85,115,219.42,-86.75,105.02
215,-85,125,219.95,-86.96,119.44
215,-85,135,220.18,-87.05,133.97
215,-85,145,220.09,-87.01,148.62
215,-75,-145,219.17,-76.45,-147.92
215,-75,-135,219.21,-76.47,-133.29
215,-75,-125,218.93,-76.37,-118.76
215,-75,-115,218.34,-76.16,-104.35
215,-75,-105,217.45,-75.85,-90.04
215,-75,-95,216.27,-75.44,-75.86
215,-75,95,216.27,-75.44,75.86
215,-75,105,217.45,-75.85,90.04
215,-75,115,218.34,-76.16,104.35
215,-75,125,218.93,-76.37,118.76
215,-75,135,219.21,-76.47,133.29
215,-75,145,219.17,-76.45,147.92
215,-65,-155,217.92,-65.88,-162.08
215,-65,-145,218.27,-65.99,-147.36
215,-65,-135,218.28,-65.99,-132.74
215,-65,-125,217.95,-65.89,-118.22
215,-65,-115,217.31,-65.7,-103.8
215,-65,-105,216.36,-65.41,-89.48
215,-65,105,216.36,-65.41,89.48
215,-65,115,217.31,-65.7,103.8
215,-65,125,217.95,-65.89,118.22
215,-65,135,218.28,-65.99,132.74
215,-65,145,218.27,-65.99,147.36
215,-65,155,217.92,-65.88,162.08
215,-55,-155,217.11,-55.54,-161.62
215,-55,-145,217.44,-55.62,-146.93
215,-55,-135,217.41,-55.62,-132.32
215,-55,-125,217.05,-55.52,-117.8
215,-55,-115,216.36,-55.35,-103.36
215,-55,-105,215.37,-55.09,-89.03
215,-55,105,215.37,-55.09,89.03
215,-55,115,216.36,-55.35,103.36
215,-55,125,217.05,-55.52,117.8
215,-55,135,217.41,-55.62,132.32
215,-55,145,217.44,-55.62,146.93
215,-55,155,217.11,-55.54,161.62
215,-45,-165,215.7,-45.15,-176.06
215,-45,-155,216.38,-45.29,-161.28
215,-45,-145,216.68,-45.35,-146.59
215,-45,-135,216.63,-45.34,-131.99
215,-45,-125,216.24,-45.26,-117.46
215,-45,-115,215.52,-45.11,-103.02
215,-45,115,215.52,-45.11,103.02
215,-45,125,216.24,-45.26,117.46
215,-45,135,216.63,-45.34,131.99
215,-45,145,216.68,-45.35,146.59
215,-45,155,216.38,-45.29,161.28
215,-45,165,215.7,-45.15,176.06
215,-35,-165,215.09,-35.02,-175.78
215,-35,-155,215.76,-35.12,-161.02
215,-35,-145,216.04,-35.17,-146.35
215,-35,-135,215.97,-35.16,-131.75
215,-35,-125,215.56,-35.09,-117.22
215,-35,-115,214.81,-34.97,-102.77
215,-35,115,214.81,-34.97,102.77
215,-35,125,215.56,-35.09,117.22
215,-35,135,215.97,-35.16,131.75
215,-35,145,216.04,-35.17,146.35
215,-35,155,215.76,-35.12,161.02
215,-35,165,215.09,-35.02,175.78
215,-25,-165,214.62,-24.96,-175.59
215,-25,-155,215.27,-25.03,-160.84
215,-25,-145,215.54,-25.06,-146.17
215,-25,-135,215.45,-25.05,-131.57
215,-25,-125,215.02,-25.0,-117.04
215,-25,125,215.02,-25.0,117.04
215,-25,135,215.45,-25.05,131.57
215,-25,145,215.54,-25.06,146.17
215,-25,155,215.27,-25.03,160.84
215,-25,165,214.62,-24.96,175.59
215,-15,-165,214.28,-14.95,-175.46
215,-15,-155,214.93,-14.99,-160.73
215,-15,-145,215.19,-15.01,-146.06
215,-15,-135,215.1,-15.01,-131.47
215,-15,-125,214.66,-14.98,-116.93
215,-15,125,214.66,-14.98,116.93
215,-15,135,215.1,-15.01,131.47
215,-15,145,215.19,-15.01,146.06
215,-15,155,214.93,-14.99,160.73
215,-15,165,214.28,-14.95,175.46
215,-5,-165,214.11,-4.98,-175.41
215,-5,-155,214.75,-4.99,-160.67
215,-5,-145,215.01,-5.0,-146.01
215,-5,-135,214.92,-5.0,-131.41
215,-5,-125,214.47,-4.99,-116.88
215,-5,125,214.47,-4.99,116.88
215,-5,135,214.92,-5.0,131.41
215,-5,145,215.01,-5.0,146.01
215,-5,155,214.75,-4.99,160.67
215,-5,165,214.11,-4.98,175.41
215,5,-165,214.11,4.98,-175.41
215,5,-155,214.75,4.99,-160.67
215,5,-145,215.01,5.0,-146.01
215,5,-135,214.92,5.0,-131.41
215,5,-125,214.47,4.99,-116.88
215,5,125,214.47,4.99,116.88
215,5,135,214.92,5.0,131.41
215,5,145,215.01,5.0,146.01
215,5,155,214.75,4.99,160.67
215,5,165,214.11,4.98,175.41
215,15,-165,214.28,14.95,-175.46
215,15,-155,214.93,14.99,-160.73
215,15,-145,215.19,15.01,-146.06
215,15,-135,215.1,15.01,-131.47
215,15,-125,214.66,14.98,-116.93
215,15,125,214.66,14.98,116.93
215,15,135,215.1,15.01,131.47
215,15,145,215.19,15.01,146.06
215,15,155,214.93,14.99,160.73
215,15,165,214.28,14.95,175.46
215,25,-165,214.62,24.96,-175.59
215,25,-155,215.27,25.03,-160.84
215,25,-145,215.54,25.06,-146.17
215,25,-135,215.45,25.05,-131.57
215,25,-125,215.02,25.0,-117.04
215,25,125,215.02,25.0,117.04
215,25,135,215.45,25.05,131.57
215,25,145,215.54,25.06,146.17
215,25,155,215.27,25.03,160.84
215,25,165,214.62,24.96,175.59
215,35,-165,215.09,35.02,-175.78
215,35,-155,215.76,35.12,-161.02
215,35,-145,216.04,35.17,-146.35
215,35,-135,215.97,35.16,-131.75
215,35,-125,215.56,35.09,-117.22
215,35,-115,214.81,34.97,-102.77
215,35,115,214.81,34.97,102.77
215,35,125,215.56,35.09,117.22
215,35,135,215.97,35.16,131.75
215,35,145,216.04,35.17,146.35
215,35,155,215.76,35.12,161.02
215,35,165,215.09,35.02,175.78
215,45,-165,215.7,45.15,-176.06
215,45,-155,216.38,45.29,-161.28
215,45,-145,216.68,45.35,-146.59
215,45,-135,216.63,45.34,-131.99
215,45,-125,216.24,45.26,-117.46
215,45,-115,215.52,45.11,-103.02
215,45,115,215.52,45.11,103.02
215,45,125,216.24,45.26,117.46
215,45,135,216.63,45.34,131.99
215,45,145,216.68,45.35,146.59
215,45,155,216.38,45.29,161.28
215,45,165,215.7,45.15,176.06
215,55,-155,217.11,55.54,-161.62
215,55,-145,217.44,55.62,-146.93
215,55,-135,217.41,55.62,-132.32
215,55,-125,217.05,55.52,-117.8
215,55,-115,216.36,55.35,-103.36
215,55,-105,215.37,55.09,-89.03
215,55,105,215.37,55.09,89.03
215,55,115,216.36,55.35,103.36
215,55,125,217.05,55.52,117.8
215,55,135,217.41,55.62,132.32
215,55,145,217.44,55.62,146.93
215,55,155,217.11,55.54,161.62
215,65,-155,217.92,65.88,-162.08
215,65,-145,218.27,65.99,-147.36
215,65,-135,218.28,65.99,-132.74
215,65,-125,217.95,65.89,-118.22
215,65,-115,217.31,65.7,-103.8
215,65,-105,216.36,65.41,-89.48
215,65,105,216.36,65.41,89.48
215,65,115,217.31,65.7,103.8
215,65,125,217.95,65.89,118.22
215,65,135,218.28,65.99,132.74
215,65,145,218.27,65.99,147.36
215,65,155,217.92,65.88,162.08
215,75,-145,219.17,76.45,-147.92
215,75,-135,219.21,76.47,-133.29
215,75,-125,218.93,76.37,-118.76
215,75,-115,218.34,76.16,-104.35
215,75,-105,217.45,75.85,-90.04
215,75,-95,216.27,75.44,-75.86
215,75,95,216.27,75.44,75.86
215,75,105,217.45,75.85,90.04
215,75,115,218.34,76.16,104.35
215,75,125,218.93,76.37,118.76
215,75,135,219.21,76.47,133.29
215,75,145,219.17,76.45,147.92
215,85,-145,220.09,87.01,-148.62
215,85,-135,220.18,87.05,-133.97
215,85,-125,219.95,86.96,-119.44
215,85,-115,219.42,86.75,-105.02
215,85,-105,218.59,86.42,-90.73
215,85,-95,217.49,85.99,-76.57
215,85,-85,216.14,85.45,-62.54
215,85,85,216.14,85.45,62.54
215,85,95,217.49,85.99,76.57
215,85,105,218.59,86.42,90.73
215,85,115,219.42,86.75,105.02
215,85,125,219.95,86.96,119.44
215,85,135,220.18,87.05,133.97
215,85,145,220.09,87.01,148.62
215,95,-135,221.17,97.73,-134.8
215,95,-125,221.0,97.65,-120.26
215,95,-115,220.53,97.44,-105.84
215,95,-105,219.77,97.11,-91.56
215,95,-95,218.76,96.66,-77.41
215,95,-85,217.49,96.1,-63.41
215,95,-75,216.0,95.44,-49.57
215,95,75,216.0,95.44,49.57
215,95,85,217.49,96.1,63.41
215,95,95,218.76,96.66,77.41
215,95,105,219.77,97.11,91.56
215,95,115,220.53,97.44,105.84
215,95,125,221.0,97.65,120.26
215,95,135,221.17,97.73,134.8
215,105,-135,222.14,108.48,-135.82
215,105,-125,222.04,108.44,-121.25
215,105,-115,221.64,108.24,-106.83
215,105,-105,220.97,107.91,-92.55
215,105,-95,220.04,107.46,-78.41
215,105,-85,218.87,106.89,-64.43
215,105,-75,217.49,106.21,-50.62
215,105,-65,215.9,105.44,-36.98
215,105,-55,214.13,104.58,-23.54
215,105,55,214.13,104.58,23.54
215,105,65,215.9,105.44,36.98
215,105,75,217.49,106.21,50.62
215,105,85,218.87,106.89,64.43
215,105,95,220.04,107.46,78.41
215,105,105,220.97,107.91,92.55
215,105,115,221.64,108.24,106.83
215,105,125,222.04,108.44,121.25
215,105,135,222.14,108.48,135.82
215,115,-125,223.05,119.3,-122.44
215,115,-115,222.73,119.14,-108.0
215,115,-105,222.15,118.82,-93.71
215,115,-95,221.32,118.38,-79.58
215,115,-85,220.26,117.81,-65.62
215,115,-75,218.99,117.13,-51.82
215,115,-65,217.52,116.35,-38.2
215,115,-55,215.89,115.48,-24.78
215,115,-45,214.12,114.53,-11.57
215,115,-35,212.23,113.52,1.43
215,115,35,212.23,113.52,-1.43
215,115,45,214.12,114.53,11.57
215,115,55,215.89,115.48,24.78
215,115,65,217.52,116.35,38.2
215,115,75,218.99,117.13,51.82
215,115,85,220.26,117.81,65.62
215,115,95,221.32,118.38,79.58
215,115,105,222.15,118.82,93.71
215,115,115,222.73,119.14,108.0
215,115,125,223.05,119.3,122.44
215,125,-115,223.79,130.11,-109.39
215,125,-105,223.3,129.83,-95.09
215,125,-95,222.57,129.4,-80.95
215,125,-85,221.62,128.85,-66.99
215,125,-75,220.47,128.18,-53.2
215,125,-65,219.14,127.41,-39.6
215,125,-55,217.65,126.54,-26.19
215,125,-45,216.02,125.59,-12.99
215,125,-35,214.28,124.58,-0.01
215,125,-25,212.46,123.52,12.75
215,125,-15,210.58,122.43,25.28
215,125,-5,208.69,121.33,37.58
215,125,5,208.69,121.33,-37.58
215,125,15,210.58,122.43,-25.28
215,125,25,212.46,123.52,-12.75
215,125,35,214.28,124.58,0.01
215,125,45,216.02,125.59,12.99
215,125,55,217.65,126.54,26.19
215,125,65,219.14,127.41,39.6
215,125,75,220.47,128.18,53.2
215,125,85,221.62,128.85,66.99
215,125,95,222.57,129.4,80.95
215,125,105,223.3,129.83,95.09
215,125,115,223.79,130.11,109.39
215,135,-105,224.4,140.9,-96.7
215,135,-95,223.78,140.51,-82.54
215,135,-85,222.95,139.99,-68.57
215,135,-75,221.92,139.35,-54.79
215,135,-65,220.72,138.59,-41.19
215,135,-55,219.37,137.74,-27.8
215,135,-45,217.89,136.81,-14.6
215,135,-35,216.3,135.82,-1.63
215,135,-25,214.64,134.78,11.13
215,135,-15,212.93,133.7,23.67
215,135,-5,211.19,132.61,35.98
215,135,5,211.19,132.61,-35.98
215,135,15,212.93,133.7,-23.67
215,135,25,214.64,134.78,-11.13
215,135,35,216.3,135.82,1.63
215,135,45,217.89,136.81,14.6
215,135,55,219.37,137.74,27.8
215,135,65,220.72,138.59,41.19
215,135,75,221.92,139.35,54.79
215,135,85,222.95,139.99,68.57
215,135,95,223.78,140.51,82.54
215,135,105,224.4,140.9,96.7
215,145,-85,224.22,151.22,-70.4
215,145,-75,223.32,150.61,-56.61
215,145,-65,222.25,149.89,-43.01
215,145,-55,221.04,149.07,-29.61
215,145,-45,219.71,148.18,-16.42
215,145,-35,218.28,147.21,-3.44
215,145,-25,216.78,146.2,9.32
215,145,-15,215.22,145.15,21.86
215,145,-5,213.65,144.09,34.17
215,145,5,213.65,144.09,-34.17
215,145,15,215.22,145.15,-21.86
215,145,25,216.78,146.2,-9.32
215,145,35,218.28,147.21,3.44
215,145,45,219.71,148.18,16.42
215,145,55,221.04,149.07,29.61
215,145,65,222.25,149.89,43.01
215,145,75,223.32,150.61,56.61
215,145,85,224.22,151.22,70.4
215,155,-65,223.72,161.29,-45.08
215,155,-55,222.65,160.52,-31.67
215,155,-45,221.47,159.66,-18.48
215,155,-35,220.19,158.74,-5.49
215,155,-25,218.84,157.77,7.27
215,155,-15,217.45,156.77,19.82
215,155,-5,216.03,155.74,32.15
215,155,5,216.03,155.74,-32.15
215,155,15,217.45,156.77,-19.82
215,155,25,218.84,157.77,-7.27
215,155,35,220.19,158.74,5.49
215,155,45,221.47,159.66,18.48
215,155,55,222.65,160.52,31.67
215,155,65,223.72,161.29,45.08
215,165,-45,223.15,171.26,-20.81
215,165,-35,222.03,170.39,-7.82
215,165,-25,220.83,169.48,4.96
215,165,-15,215.84,165.64,-53.89
215,165,-5,217.07,166.59,-41.98
215,165,5,217.07,166.59,41.98
215,165,15,215.84,165.64,53.89
215,165,25,220.83,169.48,-4.96
215,165,35,222.03,170.39,7.82
215,165,45,223.15,171.26,20.81
225,-155,-25,229.24,-157.92,4.96
225,-155,-15,227.95,-157.03,17.52
225,-155,-5,225.34,-155.23,-41.98
225,-155,5,225.34,-155.23,41.98
225,-155,15,227.95,-157.03,-17.52
225,-155,25,229.24,-157.92,-4.96
225,-145,-55,231.16,-148.97,-31.82
225,-145,-45,229.94,-148.18,-18.62
225,-145,-35,228.62,-147.33,-5.63
225,-145,-25,227.23,-146.44,7.13
225,-145,-15,225.79,-145.51,19.68
225,-145,-5,224.34,-144.57,32.01
225,-145,5,224.34,-144.57,-32.01
225,-145,15,225.79,-145.51,-19.68
225,-145,25,227.23,-146.44,-7.13
225,-145,35,228.62,-147.33,5.63
225,-145,45,229.94,-148.18,18.62
225,-145,55,231.16,-148.97,31.82
225,-135,-75,231.86,-139.11,-56.88
225,-135,-65,230.77,-138.46,-43.28
225,-135,-55,229.53,-137.72,-29.88
225,-135,-45,228.17,-136.9,-16.69
225,-135,-35,226.71,-136.03,-3.71
225,-135,-25,225.17,-135.1,9.05
225,-135,-15,223.58,-134.15,21.59
225,-135,-5,221.97,-133.18,33.91
225,-135,5,221.97,-133.18,-33.91
225,-135,15,223.58,-134.15,-21.59
225,-135,25,225.17,-135.1,-9.05
225,-135,35,226.71,-136.03,3.71
225,-135,45,228.17,-136.9,16.69
225,-135,55,229.53,-137.72,29.88
225,-135,65,230.77,-138.46,43.28
225,-135,75,231.86,-139.11,56.88
225,-125,-95,232.33,-129.07,-82.93
225,-125,-85,231.49,-128.61,-68.95
225,-125,-75,230.45,-128.03,-55.17
225,-125,-65,229.24,-127.35,-41.57
225,-125,-55,227.87,-126.59,-28.18
225,-125,-45,226.37,-125.76,-14.99
225,-125,-35,224.76,-124.87,-2.01
225,-125,-25,223.07,-123.93,10.75
225,-125,-15,221.34,-122.96,23.29
225,-125,-5,219.57,-121.98,35.6
225,-125,5,219.57,-121.98,-35.6
225,-125,15,221.34,-122.96,-23.29
225,-125,25,223.07,-123.93,-10.75
225,-125,35,224.76,-124.87,2.01
225,-125,45,226.37,-125.76,14.99
225,-125,55,227.87,-126.59,28.18
225,-125,65,229.24,-127.35,41.57
225,-125,75,230.45,-128.03,55.17
225,-125,85,231.49,-128.61,68.95
225,-125,95,232.33,-129.07,82.93
225,-115,-105,231.85,-118.5,-95.57
225,-115,-95,231.13,-118.13,-81.43
225,-115,-85,230.18,-117.65,-67.46
225,-115,-75,229.03,-117.06,-53.68
225,-115,-65,227.69,-116.37,-40.08
225,-115,-55,226.19,-115.61,-26.68
225,-115,-45,224.55,-114.77,-13.48
225,-115,-35,222.8,-113.87,-0.5
225,-115,-25,220.96,-112.94,12.26
225,-115,-15,219.07,-111.97,24.79
225,-115,-5,217.16,-110.99,37.1
225,-115,5,217.16,-110.99,-37.1
225,-115,15,219.07,-111.97,-24.79
225,-115,25,220.96,-112.94,-12.26
225,-115,35,222.8,-113.87,0.5
225,-115,45,224.55,-114.77,13.48
225,-115,55,226.19,-115.61,26.68
225,-115,65,227.69,-116.37,40.08
225,-115,75,229.03,-117.06,53.68
225,-115,85,230.18,-117.65,67.46
225,-115,95,231.13,-118.13,81.43
225,-115,105,231.85,-118.5,95.57
225,-105,-115,231.29,-107.93,-108.57
225,-105,-105,230.72,-107.67,-94.27
225,-105,-95,229.91,-107.29,-80.14
225,-105,-85,228.85,-106.8,-66.18
225,-105,-75,227.59,-106.21,-52.39
225,-105,-65,226.13,-105.53,-38.78
225,-105,-55,224.5,-104.77,-25.36
225,-105,-45,222.73,-103.94,-12.16
225,-105,-35,220.84,-103.06,0.83
225,-105,-25,218.86,-102.13,13.6
225,-105,-15,216.81,-101.18,26.13
225,-105,-5,214.75,-100.22,38.42
225,-105,5,214.75,-100.22,-38.42
225,-105,15,216.81,-101.18,-26.13
225,-105,25,218.86,-102.13,-13.6
225,-105,35,220.84,-103.06,-0.83
225,-105,45,222.73,-103.94,12.16
225,-105,55,224.5,-104.77,25.36
225,-105,65,226.13,-105.53,38.78
225,-105,75,227.59,-106.21,52.39
225,-105,85,228.85,-106.8,66.18
225,-105,95,229.91,-107.29,80.14
225,-105,105,230.72,-107.67,94.27
225,-105,115,231.29,-107.93,108.57
225,-95,-125,230.6,-97.36,-121.89
225,-95,-115,230.24,-97.21,-107.46
225,-95,-105,229.59,-96.94,-93.17
225,-95,-95,228.68,-96.56,-79.04
225,-95,-85,227.54,-96.07,-65.07
225,-95,-75,226.17,-95.49,-51.26
225,-95,-65,224.59,-94.83,-37.64
225,-95,-55,222.84,-94.09,-24.21
225,-95,-45,220.94,-93.28,-10.99
225,-95,45,220.94,-93.28,10.99
225,-95,55,222.84,-94.09,24.21
225,-95,65,224.59,-94.83,37.64
225,-95,75,226.17,-95.49,51.26
225,-95,85,227.54,-96.07,65.07
225,-95,95,228.68,-96.56,79.04
225,-95,105,229.59,-96.94,93.17
225,-95,115,230.24,-97.21,107.46
225,-95,125,230.6,-97.36,121.89
225,-85,-125,229.63,-86.75,-120.94
225,-85,-115,229.2,-86.59,-106.52
225,-85,-105,228.48,-86.31,-92.24
225,-85,-95,227.49,-85.94,-78.1
225,-85,-85,226.25,-85.47,-64.12
225,-85,-75,224.78,-84.92,-50.3
225,-85,-65,223.1,-84.28,-36.66
225,-85,65,223.1,-84.28,36.66
225,-85,75,224.78,-84.92,50.3
225,-85,85,226.25,-85.47,64.12
225,-85,95,227.49,-85.94,78.1
225,-85,105,228.48,-86.31,92.24
225,-85,115,229.2,-86.59,106.52
225,-85,125,229.63,-86.75,120.94
225,-75,-135,228.87,-76.29,-134.7
225,-75,-125,228.68,-76.23,-120.16
225,-75,-115,228.19,-76.06,-105.75
225,-75,-105,227.4,-75.8,-91.46
225,-75,-95,226.34,-75.45,-77.31
225,-75,-85,225.02,-75.01,-63.31
225,-75,-75,223.46,-74.49,-49.47
225,-75,75,223.46,-74.49,49.47
225,-75,85,225.02,-75.01,63.31
225,-75,95,226.34,-75.45,77.31
225,-75,105,227.4,-75.8,91.46
225,-75,115,228.19,-76.06,105.75
225,-75,125,228.68,-76.23,120.16
225,-75,135,228.87,-76.29,134.7
225,-65,-135,228.01,-65.87,-134.05
225,-65,-125,227.78,-65.8,-119.52
225,-65,-115,227.23,-65.64,-105.11
225,-65,-105,226.38,-65.4,-90.82
225,-65,-95,225.26,-65.07,-76.66
225,-65,-85,223.86,-64.67,-62.64
225,-65,85,223.86,-64.67,62.64
225,-65,95,225.26,-65.07,76.66
225,-65,105,226.38,-65.4,90.82
225,-65,115,227.23,-65.64,105.11
225,-65,125,227.78,-65.8,119.52
225,-65,135,228.01,-65.87,134.05
225,-55,-145,227.15,-55.53,-148.17
225,-55,-135,227.22,-55.54,-133.53
225,-55,-125,226.94,-55.48,-119.01
225,-55,-115,226.35,-55.33,-104.59
225,-55,-105,225.46,-55.11,-90.29
225,-55,-95,224.27,-54.82,-76.12
225,-55,95,224.27,-54.82,76.12
225,-55,105,225.46,-55.11,90.29
225,-55,115,226.35,-55.33,104.59
225,-55,125,226.94,-55.48,119.01
225,-55,135,227.22,-55.54,133.53
225,-55,145,227.15,-55.53,148.17
225,-45,-145,226.48,-45.3,-147.75
225,-45,-135,226.51,-45.3,-133.13
225,-45,-125,226.2,-45.24,-118.61
225,-45,-115,225.58,-45.12,-104.19
225,-45,-105,224.64,-44.93,-89.88
225,-45,-95,223.41,-44.68,-75.69
225,-45,95,223.41,-44.68,75.69
225,-45,105,224.64,-44.93,89.88
225,-45,115,225.58,-45.12,104.19
225,-45,125,226.2,-45.24,118.61
225,-45,135,226.51,-45.3,133.13
225,-45,145,226.48,-45.3,147.75
225,-35,-145,225.9,-35.14,-147.44
225,-35,-135,225.91,-35.14,-132.82
225,-35,-125,225.58,-35.09,-118.3
225,-35,-115,224.93,-34.99,-103.87
225,-35,-105,223.96,-34.84,-89.56
225,-35,105,223.96,-34.84,89.56
225,-35,115,224.93,-34.99,103.87
225,-35,125,225.58,-35.09,118.3
225,-35,135,225.91,-35.14,132.82
225,-35,145,225.9,-35.14,147.44
225,-25,-155,225.1,-25.01,-161.92
225,-25,-145,225.45,-25.05,-147.21
225,-25,-135,225.45,-25.05,-132.6
225,-25,-125,225.1,-25.01,-118.08
225,-25,-115,224.42,-24.94,-103.65
225,-25,-105,223.42,-24.82,-89.32
225,-25,105,223.42,-24.82,89.32
225,-25,115,224.42,-24.94,103.65
225,-25,125,225.1,-25.01,118.08
225,-25,135,225.45,-25.05,132.6
225,-25,145,225.45,-25.05,147.21
225,-25,155,225.1,-25.01,161.92
225,-15,-155,224.8,-14.99,-161.77
225,-15,-145,225.15,-15.01,-147.07
225,-15,-135,225.13,-15.01,-132.46
225,-15,-125,224.76,-14.98,-117.93
225,-15,-115,224.07,-14.94,-103.5
225,-15,-105,223.06,-14.87,-89.17
225,-15,105,223.06,-14.87,89.17
225,-15,115,224.07,-14.94,103.5
225,-15,125,224.76,-14.98,117.93
225,-15,135,225.13,-15.01,132.46
225,-15,145,225.15,-15.01,147.07
225,-15,155,224.8,-14.99,161.77
225,-5,-155,224.65,-4.99,-161.7
225,-5,-145,224.99,-5.0,-147.0
225,-5,-135,224.96,-5.0,-132.39
225,-5,-125,224.59,-4.99,-117.86
225,-5,-115,223.89,-4.98,-103.43
225,-5,-105,222.88,-4.95,-89.1
225,-5,105,222.88,-4.95,89.1
225,-5,115,223.89,-4.98,103.43
225,-5,125,224.59,-4.99,117.86
225,-5,135,224.96,-5.0,132.39
225,-5,145,224.99,-5.0,147.0
225,-5,155,224.65,-4.99,161.7
225,5,-155,224.65,4.99,-161.7
225,5,-145,224.99,5.0,-147.0
225,5,-135,224.96,5.0,-132.39
225,5,-125,224.59,4.99,-117.86
225,5,-115,223.89,4.98,-103.43
225,5,-105,222.88,4.95,-89.1
225,5,105,222.88,4.95,89.1
225,5,115,223.89,4.98,103.43
225,5,125,224.59,4.99,117.86
225,5,135,224.96,5.0,132.39
225,5,145,224.99,5.0,147.0
225,5,155,224.65,4.99,161.7
225,15,-155,224.8,14.99,-161.77
225,15,-145,225.15,15.01,-147.07
225,15,-135,225.13,15.01,-132.46
225,15,-125,224.76,14.98,-117.93
225,15,-115,224.07,14.94,-103.5
225,15,-105,223.06,14.87,-89.17
225,15,105,223.06,14.87,89.17
225,15,115,224.07,14.94,103.5
225,15,125,224.76,14.98,117.93
225,15,135,225.13,15.01,132.46
225,15,145,225.15,15.01,147.07
225,15,155,224.8,14.99,161.77
225,25,-155,225.1,25.01,-161.92
225,25,-145,225.45,25.05,-147.21
225,25,-135,225.45,25.05,-132.6
225,25,-125,225.1,25.01,-118.08
225,25,-115,224.42,24.94,-103.65
225,25,-105,223.42,24.82,-89.32
225,25,105,223.42,24.82,89.32
225,25,115,224.42,24.94,103.65
225,25,125,225.1,25.01,118.08
225,25,135,225.45,25.05,132.6
225,25,145,225.45,25.05,147.21
225,25,155,225.1,25.01,161.92
225,35,-145,225.9,35.14,-147.44
225,35,-135,225.91,35.14,-132.82
225,35,-125,225.58,35.09,-118.3
225,35,-115,224.93,34.99,-103.87
225,35,-105,223.96,34.84,-89.56
225,35,105,223.96,34.84,89.56
225,35,115,224.93,34.99,103.87
225,35,125,225.58,35.09,118.3
225,35,135,225.91,35.14,132.82
225,35,145,225.9,35.14,147.44
225,45,-145,226.48,45.3,-147.75
225,45,-135,226.51,45.3,-133.13
225,45,-125,226.2,45.24,-118.61
225,45,-115,225.58,45.12,-104.19
225,45,-105,224.64,44.93,-89.88
225,45,-95,223.41,44.68,-75.69
225,45,95,223.41,44.68,75.69
225,45,105,224.64,44.93,89.88
225,45,115,225.58,45.12,104.19
225,45,125,226.2,45.24,118.61
225,45,135,226.51,45.3,133.13
225,45,145,226.48,45.3,147.75
225,55,-145,227.15,55.53,-148.17
225,55,-135,227.22,55.54,-133.53
225,55,-125,226.94,55.48,-119.01
225,55,-115,226.35,55.33,-104.59
225,55,-105,225.46,55.11,-90.29
225,55,-95,224.27,54.82,-76.12
225,55,95,224.27,54.82,76.12
225,55,105,225.46,55.11,90.29
225,55,115,226.35,55.33,104.59
225,55,125,226.94,55.48,119.01
225,55,135,227.22,55.54,133.53
225,55,145,227.15,55.53,148.17
225,65,-135,228.01,65.87,-134.05
225,65,-125,227.78,65.8,-119.52
225,65,-115,227.23,65.64,-105.11
225,65,-105,226.38,65.4,-90.82
225,65,-95,225.26,65.07,-76.66
225,65,-85,223.86,64.67,-62.64
225,65,85,223.86,64.67,62.64
225,65,95,225.26,65.07,76.66
225,65,105,226.38,65.4,90.82
225,65,115,227.23,65.64,105.11
225,65,125,227.78,65.8,119.52
225,65,135,228.01,65.87,134.05
225,75,-135,228.87,76.29,-134.7
225,75,-125,228.68,76.23,-120.16
225,75,-115,228.19,76.06,-105.75
225,75,-105,227.4,75.8,-91.46
225,75,-95,226.34,75.45,-77.31
225,75,-85,225.02,75.01,-63.31
225,75,-75,223.46,74.49,-49.47
225,75,75,223.46,74.49,49.47
225,75,85,225.02,75.01,63.31
225,75,95,226.34,75.45,77.31
225,75,105,227.4,75.8,91.46
225,75,115,228.19,76.06,105.75
225,75,125,228.68,76.23,120.16
225,75,135,228.87,76.29,134.7
225,85,-125,229.63,86.75,-120.94
225,85,-115,229.2,86.59,-106.52
225,85,-105,228.48,86.31,-92.24
225,85,-95,227.49,85.94,-78.1
225,85,-85,226.25,85.47,-64.12
225,85,-75,224.78,84.92,-50.3
225,85,-65,223.1,84.28,-36.66
225,85,65,223.1,84.28,36.66
225,85,75,224.78,84.92,50.3
225,85,85,226.25,85.47,64.12
225,85,95,227.49,85.94,78.1
225,85,105,228.48,86.31,92.24
225,85,115,229.2,86.59,106.52
225,85,125,229.63,86.75,120.94
225,95,-125,230.6,97.36,-121.89
225,95,-115,230.24,97.21,-107.46
225,95,-105,229.59,96.94,-93.17
225,95,-95,228.68,96.56,-79.04
225,95,-85,227.54,96.07,-65.07
225,95,-75,226.17,95.49,-51.26
225,95,-65,224.59,94.83,-37.64
225,95,-55,222.84,94.09,-24.21
225,95,-45,220.94,93.28,-10.99
225,95,45,220.94,93.28,10.99
225,95,55,222.84,94.09,24.21
225,95,65,224.59,94.83,37.64
225,95,75,226.17,95.49,51.26
225,95,85,227.54,96.07,65.07
225,95,95,228.68,96.56,79.04
225,95,105,229.59,96.94,93.17
225,95,115,230.24,97.21,107.46
225,95,125,230.6,97.36,121.89
225,105,-115,231.29,107.93,-108.57
225,105,-105,230.72,107.67,-94.27
225,105,-95,229.91,107.29,-80.14
225,105,-85,228.85,106.8,-66.18
225,105,-75,227.59,106.21,-52.39
225,105,-65,226.13,105.53,-38.78
225,105,-55,224.5,104.77,-25.36
225,105,-45,222.73,103.94,-12.16
225,105,-35,220.84,103.06,0.83
225,105,-25,218.86,102.13,13.6
225,105,-15,216.81,101.18,26.13
225,105,-5,214.75,100.22,38.42
225,105,5,214.75,100.22,-38.42
225,105,15,216.81,101.18,-26.13
225,105,25,218.86,102.13,-13.6
225,105,35,220.84,103.06,-0.83
225,105,45,222.73,103.94,12.16
225,105,55,224.5,104.77,25.36
225,105,65,226.13,105.53,38.78
225,105,75,227.59,106.21,52.39
225,105,85,228.85,106.8,66.18
225,105,95,229.91,107.29,80.14
225,105,105,230.72,107.67,94.27
225,105,115,231.29,107.93,108.57
225,115,-105,231.85,118.5,-95.57
225,115,-95,231.13,118.13,-81.43
225,115,-85,230.18,117.65,-67.46
225,115,-75,229.03,117.06,-53.68
225,115,-65,227.69,116.37,-40.08
225,115,-55,226.19,115.61,-26.68
225,115,-45,224.55,114.77,-13.48
225,115,-35,222.8,113.87,-0.5
225,115,-25,220.96,112.94,12.26
225,115,-15,219.07,111.97,24.79
225,115,-5,217.16,110.99,37.1
225,115,5,217.16,110.99,-37.1
225,115,15,219.07,111.97,-24.79
225,115,25,220.96,112.94,-12.26
225,115,35,222.8,113.87,0.5
225,115,45,224.55,114.77,13.48
225,115,55,226.19,115.61,26.68
225,115,65,227.69,116.37,40.08
225,115,75,229.03,117.06,53.68
225,115,85,230.18,117.65,67.46
225,115,95,231.13,118.13,81.43
225,115,105,231.85,118.5,95.57
225,125,-95,232.33,129.07,-82.93
225,125,-85,231.49,128.61,-68.95
225,125,-75,230.45,128.03,-55.17
225,125,-65,229.24,127.35,-41.57
225,125,-55,227.87,126.59,-28.18
225,125,-45,226.37,125.76,-14.99
225,125,-35,224.76,124.87,-2.01
225,125,-25,223.07,123.93,10.75
225,125,-15,221.34,122.96,23.29
225,125,-5,219.57,121.98,35.6
225,125,5,219.57,121.98,-35.6
225,125,15,221.34,122.96,-23.29
225,125,25,223.07,123.93,-10.75
225,125,35,224.76,124.87,2.01
225,125,45,226.37,125.76,14.99
225,125,55,227.87,126.59,28.18
225,125,65,229.24,127.35,41.57
225,125,75,230.45,128.03,55.17
225,125,85,231.49,128.61,68.95
225,125,95,232.33,129.07,82.93
225,135,-75,231.86,139.11,-56.88
225,135,-65,230.77,138.46,-43.28
225,135,-55,229.53,137.72,-29.88
225,135,-45,228.17,136.9,-16.69
225,135,-35,226.71,136.03,-3.71
225,135,-25,225.17,135.1,9.05
225,135,-15,223.58,134.15,21.59
225,135,-5,221.97,133.18,33.91
225,135,5,221.97,133.18,-33.91
225,135,15,223.58,134.15,-21.59
225,135,25,225.17,135.1,-9.05
225,135,35,226.71,136.03,3.71
225,135,45,228.17,136.9,16.69
225,135,55,229.53,137.72,29.88
225,135,65,230.77,138.46,43.28
225,135,75,231.86,139.11,56.88
225,145,-55,231.16,148.97,-31.82
225,145,-45,229.94,148.18,-18.62
225,145,-35,228.62,147.33,-5.63
225,145,-25,227.23,146.44,7.13
225,145,-15,225.79,145.51,19.68
225,145,-5,224.34,144.57,32.01
225,145,5,224.34,144.57,-32.01
225,145,15,225.79,145.51,-19.68
225,145,25,227.23,146.44,-7.13
225,145,35,228.62,147.33,5.63
225,145,45,229.94,148.18,18.62
225,145,55,231.16,148.97,31.82
225,155,-25,229.24,157.92,4.96
225,155,-15,227.95,157.03,17.52
225,155,-5,225.34,155.23,-41.98
225,155,5,225.34,155.23,41.98
225,155,15,227.95,157.03,-17.52
225,155,25,229.24,157.92,-4.96
235,-135,-45,238.56,-137.04,-19.05
235,-135,-35,237.22,-136.28,-6.06
235,-135,-25,235.82,-135.47,6.71
235,-135,-15,234.36,-134.63,19.26
235,-135,-5,232.88,-133.78,31.59
235,-135,5,232.88,-133.78,-31.59
235,-135,15,234.36,-134.63,-19.26
235,-135,25,235.82,-135.47,-6.71
235,-135,35,237.22,-136.28,6.06
235,-135,45,238.56,-137.04,19.05
235,-125,-65,239.43,-127.36,-43.82
235,-125,-55,238.19,-126.7,-30.42
235,-125,-45,236.83,-125.97,-17.23
235,-125,-35,235.36,-125.19,-4.25
235,-125,-25,233.81,-124.37,8.51
235,-125,-15,232.21,-123.52,21.06
235,-125,-5,230.59,-122.65,33.38
235,-125,5,230.59,-122.65,-33.38
235,-125,15,232.21,-123.52,-21.06
235,-125,25,233.81,-124.37,-8.51
235,-125,35,235.36,-125.19,4.25
235,-125,45,236.83,-125.97,17.23
235,-125,55,238.19,-126.7,30.42
235,-125,65,239.43,-127.36,43.82
235,-115,-75,239.15,-117.03,-55.81
235,-115,-65,237.95,-116.44,-42.22
235,-115,-55,236.58,-115.77,-28.82
235,-115,-45,235.09,-115.04,-15.63
235,-115,-35,233.48,-114.26,-2.65
235,-115,-25,231.8,-113.43,10.11
235,-115,-15,230.06,-112.58,22.64
235,-115,-5,228.29,-111.72,34.96
235,-115,5,228.29,-111.72,-34.96
235,-115,15,230.06,-112.58,-22.64
235,-115,25,231.8,-113.43,-10.11
235,-115,35,233.48,-114.26,2.65
235,-115,45,235.09,-115.04,15.63
235,-115,55,236.58,-115.77,28.82
235,-115,65,237.95,-116.44,42.22
235,-115,75,239.15,-117.03,55.81
235,-105,-95,239.84,-107.16,-82.17
235,-105,-85,238.92,-106.75,-68.2
235,-105,-75,237.78,-106.24,-54.41
235,-105,-65,236.46,-105.65,-40.82
235,-105,-55,234.98,-104.99,-27.42
235,-105,-45,233.36,-104.27,-14.23
235,-105,-35,231.62,-103.49,-1.25
235,-105,-25,229.8,-102.68,11.51
235,-105,-15,227.92,-101.84,24.05
235,-105,-5,226.02,-100.99,36.35
235,-105,5,226.02,-100.99,-36.35
235,-105,15,227.92,-101.84,-24.05
235,-105,25,229.8,-102.68,-11.51
235,-105,35,231.62,-103.49,1.25
235,-105,45,233.36,-104.27,14.23
235,-105,55,234.98,-104.99,27.42
235,-105,65,236.46,-105.65,40.82
235,-105,75,237.78,-106.24,54.41
235,-105,85,238.92,-106.75,68.2
235,-105,95,239.84,-107.16,82.17
235,-95,-105,239.47,-96.81,-95.09
235,-95,-95,238.69,-96.49,-80.95
235,-95,-85,237.67,-96.08,-66.99
235,-95,-75,236.43,-95.58,-53.2
235,-95,-65,235.01,-95.0,-39.6
235,-95,-55,233.41,-94.36,-26.19
235,-95,-45,231.66,-93.65,-12.99
235,-95,-35,229.8,-92.9,-0.01
235,-95,-25,227.84,-92.11,12.75
235,-95,-15,225.83,-91.29,25.28
235,-95,-5,223.8,-90.47,37.58
235,-95,5,223.8,-90.47,-37.58
235,-95,15,225.83,-91.29,-25.28
235,-95,25,227.84,-92.11,-12.75
235,-95,35,229.8,-92.9,0.01
235,-95,45,231.66,-93.65,12.99
235,-95,55,233.41,-94.36,26.19
235,-95,65,235.01,-95.0,39.6
235,-95,75,236.43,-95.58,53.2
235,-95,85,237.67,-96.08,66.99
235,-95,95,238.69,-96.49,80.95
235,-95,105,239.47,-96.81,95.09
235,-85,-105,238.43,-86.24,-94.05
235,-85,-95,237.56,-85.93,-79.92
235,-85,-85,236.45,-85.53,-65.95
235,-85,-75,235.12,-85.05,-52.16
235,-85,-65,233.59,-84.49,-38.55
235,-85,-55,231.88,-83.87,-25.13
235,-85,-45,230.02,-83.2,-11.92
235,-85,-35,228.04,-82.48,1.07
235,-85,-25,225.96,-81.73,13.84
235,-85,-15,223.82,-80.96,26.37
235,-85,15,223.82,-80.96,-26.37
235,-85,25,225.96,-81.73,-13.84
235,-85,35,228.04,-82.48,-1.07
235,-85,45,230.02,-83.2,11.92
235,-85,55,231.88,-83.87,25.13
235,-85,65,233.59,-84.49,38.55
235,-85,75,235.12,-85.05,52.16
235,-85,85,236.45,-85.53,65.95
235,-85,95,237.56,-85.93,79.92
235,-85,105,238.43,-86.24,94.05
235,-75,-115,238.09,-75.99,-107.46
235,-75,-105,237.42,-75.77,-93.17
235,-75,-95,236.48,-75.47,-79.04
235,-75,-85,235.29,-75.09,-65.07
235,-75,-75,233.88,-74.64,-51.26
235,-75,-65,232.25,-74.12,-37.64
235,-75,-55,230.44,-73.54,-24.21
235,-75,-45,228.47,-72.92,-10.99
235,-75,45,228.47,-72.92,10.99
235,-75,55,230.44,-73.54,24.21
235,-75,65,232.25,-74.12,37.64
235,-75,75,233.88,-74.64,51.26
235,-75,85,235.29,-75.09,65.07
235,-75,95,236.48,-75.47,79.04
235,-75,105,237.42,-75.77,93.17
235,-75,115,238.09,-75.99,107.46
235,-65,-125,237.64,-65.73,-121.15
235,-65,-115,237.2,-65.61,-106.73
235,-65,-105,236.47,-65.41,-92.44
235,-65,-95,235.47,-65.13,-78.31
235,-65,-85,234.21,-64.78,-64.33
235,-65,-75,232.72,-64.37,-50.51
235,-65,-65,231.01,-63.9,-36.87
235,-65,65,231.01,-63.9,36.87
235,-65,75,232.72,-64.37,50.51
235,-65,85,234.21,-64.78,64.33
235,-65,95,235.47,-65.13,78.31
235,-65,105,236.47,-65.41,92.44
235,-65,115,237.2,-65.61,106.73
235,-65,125,237.64,-65.73,121.15
235,-55,-125,236.87,-55.44,-120.55
235,-55,-115,236.39,-55.33,-106.13
235,-55,-105,235.61,-55.14,-91.85
235,-55,-95,234.55,-54.9,-77.7
235,-55,-85,233.23,-54.59,-63.71
235,-55,-75,231.67,-54.22,-49.88
235,-55,75,231.67,-54.22,49.88
235,-55,85,233.23,-54.59,63.71
235,-55,95,234.55,-54.9,77.7
235,-55,105,235.61,-55.14,91.85
235,-55,115,236.39,-55.33,106.13
235,-55,125,236.87,-55.44,120.55
235,-45,-135,236.4,-45.27,-134.61
235,-45,-125,236.2,-45.23,-120.07
235,-45,-115,235.68,-45.13,-105.66
235,-45,-105,234.86,-44.97,-91.37
235,-45,-95,233.75,-44.76,-77.22
235,-45,-85,232.38,-44.5,-63.22
235,-45,-75,230.75,-44.19,-49.37
235,-45,75,230.75,-44.19,49.37
235,-45,85,232.38,-44.5,63.22
235,-45,95,233.75,-44.76,77.22
235,-45,105,234.86,-44.97,91.37
235,-45,115,235.68,-45.13,105.66
235,-45,125,236.2,-45.23,120.07
235,-45,135,236.4,-45.27,134.61
235,-35,-135,235.86,-35.13,-134.24
235,-35,-125,235.63,-35.09,-119.7
235,-35,-115,235.08,-35.01,-105.29
235,-35,-105,234.23,-34.88,-91.0
235,-35,-95,233.08,-34.71,-76.84
235,-35,-85,231.66,-34.5,-62.83
235,-35,85,231.66,-34.5,62.83
235,-35,95,233.08,-34.71,76.84
235,-35,105,234.23,-34.88,91.0
235,-35,115,235.08,-35.01,105.29
235,-35,125,235.63,-35.09,119.7
235,-35,135,235.86,-35.13,134.24
235,-25,-135,235.44,-25.05,-133.97
235,-25,-125,235.19,-25.02,-119.44
235,-25,-115,234.62,-24.96,-105.02
235,-25,-105,233.74,-24.87,-90.73
235,-25,-95,232.56,-24.74,-76.57
235,-25,-85,231.11,-24.59,-62.54
235,-25,85,231.11,-24.59,62.54
235,-25,95,232.56,-24.74,76.57
235,-25,105,233.74,-24.87,90.73
235,-25,115,234.62,-24.96,105.02
235,-25,125,235.19,-25.02,119.44
235,-25,135,235.44,-25.05,133.97
235,-15,-135,235.15,-15.01,-133.79
235,-15,-125,234.89,-14.99,-119.26
235,-15,-115,234.3,-14.96,-104.85
235,-15,-105,233.4,-14.9,-90.55
235,-15,-95,232.21,-14.82,-76.38
235,-15,-85,230.74,-14.73,-62.36
235,-15,85,230.74,-14.73,62.36
235,-15,95,232.21,-14.82,76.38
235,-15,105,233.4,-14.9,90.55
235,-15,115,234.3,-14.96,104.85
235,-15,125,234.89,-14.99,119.26
235,-15,135,235.15,-15.01,133.79
235,-5,-135,235.0,-5.0,-133.7
235,-5,-125,234.74,-4.99,-119.18
235,-5,-115,234.14,-4.98,-104.76
235,-5,-105,233.23,-4.96,-90.47
235,-5,-95,232.03,-4.94,-76.3
235,-5,95,232.03,-4.94,76.3
235,-5,105,233.23,-4.96,90.47
235,-5,115,234.14,-4.98,104.76
235,-5,125,234.74,-4.99,119.18
235,-5,135,235.0,-5.0,133.7
235,5,-135,235.0,5.0,-133.7
235,5,-125,234.74,4.99,-119.18
235,5,-115,234.14,4.98,-104.76
235,5,-105,233.23,4.96,-90.47
235,5,-95,232.03,4.94,-76.3
235,5,95,232.03,4.94,76.3
235,5,105,233.23,4.96,90.47
235,5,115,234.14,4.98,104.76
235,5,125,234.74,4.99,119.18
235,5,135,235.0,5.0,133.7
235,15,-135,235.15,15.01,-133.79
235,15,-125,234.89,14.99,-119.26
235,15,-115,234.3,14.96,-104.85
235,15,-105,233.4,14.9,-90.55
235,15,-95,232.21,14.82,-76.38
235,15,-85,230.74,14.73,-62.36
235,15,85,230.74,14.73,62.36
235,15,95,232.21,14.82,76.38
235,15,105,233.4,14.9,90.55
235,15,115,234.3,14.96,104.85
235,15,125,234.89,14.99,119.26
235,15,135,235.15,15.01,133.79
235,25,-135,235.44,25.05,-133.97
235,25,-125,235.19,25.02,-119.44
235,25,-115,234.62,24.96,-105.02
235,25,-105,233.74,24.87,-90.73
235,25,-95,232.56,24.74,-76.57
235,25,-85,231.11,24.59,-62.54
235,25,85,231.11,24.59,62.54
235,25,95,232.56,24.74,76.57
235,25,105,233.74,24.87,90.73
235,25,115,234.62,24.96,105.02
235,25,125,235.19,25.02,119.44
235,25,135,235.44,25.05,133.97
235,35,-135,235.86,35.13,-134.24
235,35,-125,235.63,35.09,-119.7
235,35,-115,235.08,35.01,-105.29
235,35,-105,234.23,34.88,-91.0
235,35,-95,233.08,34.71,-76.84
235,35,-85,231.66,34.5,-62.83
235,35,85,231.66,34.5,62.83
235,35,95,233.08,34.71,76.84
235,35,105,234.23,34.88,91.0
235,35,115,235.08,35.01,105.29
235,35,125,235.63,35.09,119.7
235,35,135,235.86,35.13,134.24
235,45,-135,236.4,45.27,-134.61
235,45,-125,236.2,45.23,-120.07
235,45,-115,235.68,45.13,-105.66
235,45,-105,234.86,44.97,-91.37
235,45,-95,233.75,44.76,-77.22
235,45,-85,232.38,44.5,-63.22
235,45,-75,230.75,44.19,-49.37
235,45,75,230.75,44.19,49.37
235,45,85,232.38,44.5,63.22
235,45,95,233.75,44.76,77.22
235,45,105,234.86,44.97,91.37
235,45,115,235.68,45.13,105.66
235,45,125,236.2,45.23,120.07
235,45,135,236.4,45.27,134.61
235,55,-125,236.87,55.44,-120.55
235,55,-115,236.39,55.33,-106.13
235,55,-105,235.61,55.14,-91.85
235,55,-95,234.55,54.9,-77.7
235,55,-85,233.23,54.59,-63.71
235,55,-75,231.67,54.22,-49.88
235,55,75,231.67,54.22,49.88
235,55,85,233.23,54.59,63.71
235,55,95,234.55,54.9,77.7
235,55,105,235.61,55.14,91.85
235,55,115,236.39,55.33,106.13
235,55,125,236.87,55.44,120.55
235,65,-125,237.64,65.73,-121.15
235,65,-115,237.2,65.61,-106.73
235,65,-105,236.47,65.41,-92.44
235,65,-95,235.47,65.13,-78.31
235,65,-85,234.21,64.78,-64.33
235,65,-75,232.72,64.37,-50.51
235,65,-65,231.01,63.9,-36.87
235,65,65,231.01,63.9,36.87
235,65,75,232.72,64.37,50.51
235,65,85,234.21,64.78,64.33
235,65,95,235.47,65.13,78.31
235,65,105,236.47,65.41,92.44
235,65,115,237.2,65.61,106.73
235,65,125,237.64,65.73,121.15
235,75,-115,238.09,75.99,-107.46
235,75,-105,237.42,75.77,-93.17
235,75,-95,236.48,75.47,-79.04
235,75,-85,235.29,75.09,-65.07
235,75,-75,233.88,74.64,-51.26
235,75,-65,232.25,74.12,-37.64
235,75,-55,230.44,73.54,-24.21
235,75,-45,228.47,72.92,-10.99
235,75,45,228.47,72.92,10.99
235,75,55,230.44,73.54,24.21
235,75,65,232.25,74.12,37.64
235,75,75,233.88,74.64,51.26
235,75,85,235.29,75.09,65.07
235,75,95,236.48,75.47,79.04
235,75,105,237.42,75.77,93.17
235,75,115,238.09,75.99,107.46
235,85,-105,238.43,86.24,-94.05
235,85,-95,237.56,85.93,-79.92
235,85,-85,236.45,85.53,-65.95
235,85,-75,235.12,85.05,-52.16
235,85,-65,233.59,84.49,-38.55
235,85,-55,231.88,83.87,-25.13
235,85,-45,230.02,83.2,-11.92
235,85,-35,228.04,82.48,1.07
235,85,-25,225.96,81.73,13.84
235,85,-15,223.82,80.96,26.37
235,85,15,223.82,80.96,-26.37
235,85,25,225.96,81.73,-13.84
235,85,35,228.04,82.48,-1.07
235,85,45,230.02,83.2,11.92
235,85,55,231.88,83.87,25.13
235,85,65,233.59,84.49,38.55
235,85,75,235.12,85.05,52.16
235,85,85,236.45,85.53,65.95
235,85,95,237.56,85.93,79.92
235,85,105,238.43,86.24,94.05
235,95,-105,239.47,96.81,-95.09
235,95,-95,238.69,96.49,-80.95
235,95,-85,237.67,96.08,-66.99
235,95,-75,236.43,95.58,-53.2
235,95,-65,235.01,95.0,-39.6
235,95,-55,233.41,94.36,-26.19
235,95,-45,231.66,93.65,-12.99
235,95,-35,229.8,92.9,-0.01
235,95,-25,227.84,92.11,12.75
235,95,-15,225.83,91.29,25.28
235,95,-5,223.8,90.47,37.58
235,95,5,223.8,90.47,-37.58
235,95,15,225.83,91.29,-25.28
235,95,25,227.84,92.11,-12.75
235,95,35,229.8,92.9,0.01
235,95,45,231.66,93.65,12.99
235,95,55,233.41,94.36,26.19
235,95,65,235.01,95.0,39.6
235,95,75,236.43,95.58,53.2
235,95,85,237.67,96.08,66.99
235,95,95,238.69,96.49,80.95
235,95,105,239.47,96.81,95.09
235,105,-95,239.84,107.16,-82.17
235,105,-85,238.92,106.75,-68.2
235,105,-75,237.78,106.24,-54.41
235,105,-65,236.46,105.65,-40.82
235,105,-55,234.98,104.99,-27.42
235,105,-45,233.36,104.27,-14.23
235,105,-35,231.62,103.49,-1.25
235,105,-25,229.8,102.68,11.51
235,105,-15,227.92,101.84,24.05
235,105,-5,226.02,100.99,36.35
235,105,5,226.02,100.99,-36.35
235,105,15,227.92,101.84,-24.05
235,105,25,229.8,102.68,-11.51
235,105,35,231.62,103.49,1.25
235,105,45,233.36,104.27,14.23
235,105,55,234.98,104.99,27.42
235,105,65,236.46,105.65,40.82
235,105,75,237.78,106.24,54.41
235,105,85,238.92,106.75,68.2
235,105,95,239.84,107.16,82.17
235,115,-75,239.15,117.03,-55.81
235,115,-65,237.95,116.44,-42.22
235,115,-55,236.58,115.77,-28.82
235,115,-45,235.09,115.04,-15.63
235,115,-35,233.48,114.26,-2.65
235,115,-25,231.8,113.43,10.11
235,115,-15,230.06,112.58,22.64
235,115,-5,228.29,111.72,34.96
235,115,5,228.29,111.72,-34.96
235,115,15,230.06,112.58,-22.64
235,115,25,231.8,113.43,-10.11
235,115,35,233.48,114.26,2.65
235,115,45,235.09,115.04,15.63
235,115,55,236.58,115.77,28.82
235,115,65,237.95,116.44,42.22
235,115,75,239.15,117.03,55.81
235,125,-65,239.43,127.36,-43.82
235,125,-55,238.19,126.7,-30.42
235,125,-45,236.83,125.97,-17.23
235,125,-35,235.36,125.19,-4.25
235,125,-25,233.81,124.37,8.51
235,125,-15,232.21,123.52,21.06
235,125,-5,230.59,122.65,33.38
235,125,5,230.59,122.65,-33.38
235,125,15,232.21,123.52,-21.06
235,125,25,233.81,124.37,-8.51
235,125,35,235.36,125.19,4.25
235,125,45,236.83,125.97,17.23
235,125,55,238.19,126.7,30.42
235,125,65,239.43,127.36,43.82
235,135,-45,238.56,137.04,-19.05
235,135,-35,237.22,136.28,-6.06
235,135,-25,235.82,135.47,6.71
235,135,-15,234.36,134.63,19.26
235,135,-5,232.88,133.78,31.59
235,135,5,232.88,133.78,-31.59
235,135,15,234.36,134.63,-19.26
235,135,25,235.82,135.47,-6.71
235,135,35,237.22,136.28,6.06
235,135,45,238.56,137.04,19.05
245,-115,-45,245.72,-115.34,-18.06
245,-115,-35,244.26,-114.65,-5.07
245,-115,-25,242.73,-113.94,7.69
245,-115,-15,241.15,-113.19,20.24
245,-115,-5,239.54,-112.44,32.56
245,-115,5,239.54,-112.44,-32.56
245,-115,15,241.15,-113.19,-20.24
245,-115,25,242.73,-113.94,-7.69
245,-115,35,244.26,-114.65,5.07
245,-115,45,245.72,-115.34,18.06
245,-105,-65,246.88,-105.81,-43.14
245,-105,-55,245.55,-105.23,-29.74
245,-105,-45,244.08,-104.6,-16.55
245,-105,-35,242.5,-103.93,-3.58
245,-105,-25,240.84,-103.22,9.18
245,-105,-15,239.13,-102.49,21.72
245,-105,-5,237.4,-101.74,34.04
245,-105,5,237.4,-101.74,-34.04
245,-105,15,239.13,-102.49,-21.72
245,-105,25,240.84,-103.22,-9.18
245,-105,35,242.5,-103.93,3.58
245,-105,45,244.08,-104.6,16.55
245,-105,55,245.55,-105.23,29.74
245,-105,65,246.88,-105.81,43.14
245,-95,-75,246.78,-95.69,-55.42
245,-95,-65,245.5,-95.19,-41.83
245,-95,-55,244.06,-94.63,-28.43
245,-95,-45,242.48,-94.02,-15.24
245,-95,-35,240.78,-93.36,-2.27
245,-95,-25,239.0,-92.67,10.49
245,-95,-15,237.17,-91.96,23.03
245,-95,-5,235.31,-91.24,35.34
245,-95,5,235.31,-91.24,-35.34
245,-95,15,237.17,-91.96,-23.03
245,-95,25,239.0,-92.67,-10.49
245,-95,35,240.78,-93.36,2.27
245,-95,45,242.48,-94.02,15.24
245,-95,55,244.06,-94.63,28.43
245,-95,65,245.5,-95.19,41.83
245,-95,75,246.78,-95.69,55.42
245,-85,-85,246.73,-85.6,-68.07
245,-85,-75,245.55,-85.19,-54.29
245,-85,-65,244.17,-84.71,-40.69
245,-85,-55,242.63,-84.18,-27.29
245,-85,-45,240.94,-83.59,-14.1
245,-85,-35,239.13,-82.96,-1.12
245,-85,-25,237.24,-82.31,11.64
245,-85,-15,235.28,-81.63,24.17
245,-85,-5,233.3,-80.94,36.48
245,-85,5,233.3,-80.94,-36.48
245,-85,15,235.28,-81.63,-24.17
245,-85,25,237.24,-82.31,-11.64
245,-85,35,239.13,-82.96,1.12
245,-85,45,240.94,-83.59,14.1
245,-85,55,242.63,-84.18,27.29
245,-85,65,244.17,-84.71,40.69
245,-85,75,245.55,-85.19,54.29
245,-85,85,246.73,-85.6,68.07
245,-75,-95,246.69,-75.52,-81.07
245,-75,-85,245.64,-75.2,-67.11
245,-75,-75,244.38,-74.81,-53.32
245,-75,-65,242.91,-74.36,-39.72
245,-75,-55,241.27,-73.86,-26.31
245,-75,-45,239.48,-73.31,-13.12
245,-75,-35,237.57,-72.73,-0.13
245,-75,-25,235.57,-72.11,12.63
245,-75,-15,233.51,-71.48,25.16
245,-75,-5,231.42,-70.84,37.46
245,-75,5,231.42,-70.84,-37.46
245,-75,15,233.51,-71.48,-25.16
245,-75,25,235.57,-72.11,-12.63
245,-75,35,237.57,-72.73,0.13
245,-75,45,239.48,-73.31,13.12
245,-75,55,241.27,-73.86,26.31
245,-75,65,242.91,-74.36,39.72
245,-75,75,244.38,-74.81,53.32
245,-75,85,245.64,-75.2,67.11
245,-75,95,246.69,-75.52,81.07
245,-65,-105,246.61,-65.43,-94.39
245,-65,-95,245.75,-65.2,-80.26
245,-65,-85,244.63,-64.9,-66.29
245,-65,-75,243.29,-64.55,-52.5
245,-65,-65,241.75,-64.14,-38.89
245,-65,-55,240.02,-63.68,-25.48
245,-65,-45,238.14,-63.18,-12.27
245,-65,-35,236.13,-62.65,0.71
245,-65,-25,234.03,-62.09,13.48
245,-65,-15,231.86,-61.51,26.01
245,-65,-5,229.67,-60.93,38.3
245,-65,5,229.67,-60.93,-38.3
245,-65,15,231.86,-61.51,-26.01
245,-65,25,234.03,-62.09,-13.48
245,-65,35,236.13,-62.65,-0.71
245,-65,45,238.14,-63.18,12.27
245,-65,55,240.02,-63.68,25.48
245,-65,65,241.75,-64.14,38.89
245,-65,75,243.29,-64.55,52.5
245,-65,85,244.63,-64.9,66.29
245,-65,95,245.75,-65.2,80.26
245,-65,105,246.61,-65.43,94.39
245,-55,-105,245.81,-55.18,-93.71
245,-55,-95,244.89,-54.98,-79.58
245,-55,-85,243.72,-54.71,-65.62
245,-55,-75,242.31,-54.4,-51.82
245,-55,-65,240.7,-54.03,-38.2
245,-55,-55,238.89,-53.63,-24.78
245,-55,-45,236.93,-53.19,-11.57
245,-55,-35,234.84,-52.72,1.43
245,-55,35,234.84,-52.72,-1.43
245,-55,45,236.93,-53.19,11.57
245,-55,55,238.89,-53.63,24.78
245,-55,65,240.7,-54.03,38.2
245,-55,75,242.31,-54.4,51.82
245,-55,85,243.72,-54.71,65.62
245,-55,95,244.89,-54.98,79.58
245,-55,105,245.81,-55.18,93.71
245,-45,-115,245.81,-45.15,-107.46
245,-45,-105,245.12,-45.02,-93.17
245,-45,-95,244.15,-44.84,-79.04
245,-45,-85,242.92,-44.62,-65.07
245,-45,-75,241.46,-44.35,-51.26
245,-45,-65,239.78,-44.04,-37.64
245,-45,-55,237.91,-43.7,-24.21
245,-45,-45,235.88,-43.32,-10.99
245,-45,45,235.88,-43.32,10.99
245,-45,55,237.91,-43.7,24.21
245,-45,65,239.78,-44.04,37.64
245,-45,75,241.46,-44.35,51.26
245,-45,85,242.92,-44.62,65.07
245,-45,95,244.15,-44.84,79.04
245,-45,105,245.12,-45.02,93.17
245,-45,115,245.81,-45.15,107.46
245,-35,-115,245.26,-35.04,-107.03
245,-35,-105,244.54,-34.93,-92.75
245,-35,-95,243.53,-34.79,-78.62
245,-35,-85,242.26,-34.61,-64.64
245,-35,-75,240.75,-34.39,-50.83
245,-35,-65,239.03,-34.15,-37.2
245,-35,-55,237.1,-33.87,-23.76
245,-35,55,237.1,-33.87,23.76
245,-35,65,239.03,-34.15,37.2
245,-35,75,240.75,-34.39,50.83
245,-35,85,242.26,-34.61,64.64
245,-35,95,243.53,-34.79,78.62
245,-35,105,244.54,-34.93,92.75
245,-35,115,245.26,-35.04,107.03
245,-25,-115,244.84,-24.98,-106.73
245,-25,-105,244.09,-24.91,-92.44
245,-25,-95,243.05,-24.8,-78.31
245,-25,-85,241.75,-24.67,-64.33
245,-25,-75,240.21,-24.51,-50.51
245,-25,-65,238.44,-24.33,-36.87
245,-25,65,238.44,-24.33,36.87
245,-25,75,240.21,-24.51,50.51
245,-25,85,241.75,-24.67,64.33
245,-25,95,243.05,-24.8,78.31
245,-25,105,244.09,-24.91,92.44
245,-25,115,244.84,-24.98,106.73
245,-15,-115,244.55,-14.97,-106.52
245,-15,-105,243.78,-14.93,-92.24
245,-15,-95,242.72,-14.86,-78.1
245,-15,-85,241.4,-14.78,-64.12
245,-15,-75,239.84,-14.68,-50.3
245,-15,-65,238.04,-14.57,-36.66
245,-15,65,238.04,-14.57,36.66
245,-15,75,239.84,-14.68,50.3
245,-15,85,241.4,-14.78,64.12
245,-15,95,242.72,-14.86,78.1
245,-15,105,243.78,-14.93,92.24
245,-15,115,244.55,-14.97,106.52
245,-5,-115,244.4,-4.99,-106.42
245,-5,-105,243.62,-4.97,-92.14
245,-5,-95,242.56,-4.95,-78.0
245,-5,-85,241.23,-4.92,-64.02
245,-5,-75,239.65,-4.89,-50.19
245,-5,-65,237.84,-4.85,-36.55
245,-5,65,237.84,-4.85,36.55
245,-5,75,239.65,-4.89,50.19
245,-5,85,241.23,-4.92,64.02
245,-5,95,242.56,-4.95,78.0
245,-5,105,243.62,-4.97,92.14
245,-5,115,244.4,-4.99,106.42
245,5,-115,244.4,4.99,-106.42
245,5,-105,243.62,4.97,-92.14
245,5,-95,242.56,4.95,-78.0
245,5,-85,241.23,4.92,-64.02
245,5,-75,239.65,4.89,-50.19
245,5,-65,237.84,4.85,-36.55
245,5,65,237.84,4.85,36.55
245,5,75,239.65,4.89,50.19
245,5,85,241.23,4.92,64.02
245,5,95,242.56,4.95,78.0
245,5,105,243.62,4.97,92.14
245,5,115,244.4,4.99,106.42
245,15,-115,244.55,14.97,-106.52
245,15,-105,243.78,14.93,-92.24
245,15,-95,242.72,14.86,-78.1
245,15,-85,241.4,14.78,-64.12
245,15,-75,239.84,14.68,-50.3
245,15,-65,238.04,14.57,-36.66
245,15,65,238.04,14.57,36.66
245,15,75,239.84,14.68,50.3
245,15,85,241.4,14.78,64.12
245,15,95,242.72,14.86,78.1
245,15,105,243.78,14.93,92.24
245,15,115,244.55,14.97,106.52
245,25,-115,244.84,24.98,-106.73
245,25,-105,244.09,24.91,-92.44
245,25,-95,243.05,24.8,-78.31
245,25,-85,241.75,24.67,-64.33
245,25,-75,240.21,24.51,-50.51
245,25,-65,238.44,24.33,-36.87
245,25,65,238.44,24.33,36.87
245,25,75,240.21,24.51,50.51
245,25,85,241.75,24.67,64.33
245,25,95,243.05,24.8,78.31
245,25,105,244.09,24.91,92.44
245,25,115,244.84,24.98,106.73
245,35,-115,245.26,35.04,-107.03
245,35,-105,244.54,34.93,-92.75
245,35,-95,243.53,34.79,-78.62
245,35,-85,242.26,34.61,-64.64
245,35,-75,240.75,34.39,-50.83
245,35,-65,239.03,34.15,-37.2
245,35,-55,237.1,33.87,-23.76
245,35,55,237.1,33.87,23.76
245,35,65,239.03,34.15,37.2
245,35,75,240.75,34.39,50.83
245,35,85,242.26,34.61,64.64
245,35,95,243.53,34.79,78.62
245,35,105,244.54,34.93,92.75
245,35,115,245.26,35.04,107.03
245,45,-115,245.81,45.15,-107.46
245,45,-105,245.12,45.02,-93.17
245,45,-95,244.15,44.84,-79.04
245,45,-85,242.92,44.62,-65.07
245,45,-75,241.46,44.35,-51.26
245,45,-65,239.78,44.04,-37.64
245,45,-55,237.91,43.7,-24.21
245,45,-45,235.88,43.32,-10.99
245,45,45,235.88,43.32,10.99
245,45,55,237.91,43.7,24.21
245,45,65,239.78,44.04,37.64
245,45,75,241.46,44.35,51.26
245,45,85,242.92,44.62,65.07
245,45,95,244.15,44.84,79.04
245,45,105,245.12,45.02,93.17
245,45,115,245.81,45.15,107.46
245,55,-105,245.81,55.18,-93.71
245,55,-95,244.89,54.98,-79.58
245,55,-85,243.72,54.71,-65.62
245,55,-75,242.31,54.4,-51.82
245,55,-65,240.7,54.03,-38.2
245,55,-55,238.89,53.63,-24.78
245,55,-45,236.93,53.19,-11.57
245,55,-35,234.84,52.72,1.43
245,55,35,234.84,52.72,-1.43
245,55,45,236.93,53.19,11.57
245,55,55,238.89,53.63,24.78
245,55,65,240.7,54.03,38.2
245,55,75,242.31,54.4,51.82
245,55,85,243.72,54.71,65.62
245,55,95,244.89,54.98,79.58
245,55,105,245.81,55.18,93.71
245,65,-105,246.61,65.43,-94.39
245,65,-95,245.75,65.2,-80.26
245,65,-85,244.63,64.9,-66.29
245,65,-75,243.29,64.55,-52.5
245,65,-65,241.75,64.14,-38.89
245,65,-55,240.02,63.68,-25.48
245,65,-45,238.14,63.18,-12.27
245,65,-35,236.13,62.65,0.71
245,65,-25,234.03,62.09,13.48
245,65,-15,231.86,61.51,26.01
245,65,-5,229.67,60.93,38.3
245,65,5,229.67,60.93,-38.3
245,65,15,231.86,61.51,-26.01
245,65,25,234.03,62.09,-13.48
245,65,35,236.13,62.65,-0.71
245,65,45,238.14,63.18,12.27
245,65,55,240.02,63.68,25.48
245,65,65,241.75,64.14,38.89
245,65,75,243.29,64.55,52.5
245,65,85,244.63,64.9,66.29
245,65,95,245.75,65.2,80.26
245,65,105,246.61,65.43,94.39
245,75,-95,246.69,75.52,-81.07
245,75,-85,245.64,75.2,-67.11
245,75,-75,244.38,74.81,-53.32
245,75,-65,242.91,74.36,-39.72
245,75,-55,241.27,73.86,-26.31
245,75,-45,239.48,73.31,-13.12
245,75,-35,237.57,72.73,-0.13
245,75,-25,235.57,72.11,12.63
245,75,-15,233.51,71.48,25.16
245,75,-5,231.42,70.84,37.46
245,75,5,231.42,70.84,-37.46
245,75,15,233.51,71.48,-25.16
245,75,25,235.57,72.11,-12.63
245,75,35,237.57,72.73,0.13
245,75,45,239.48,73.31,13.12
245,75,55,241.27,73.86,26.31
245,75,65,242.91,74.36,39.72
245,75,75,244.38,74.81,53.32
245,75,85,245.64,75.2,67.11
245,75,95,246.69,75.52,81.07
245,85,-85,246.73,85.6,-68.07
245,85,-75,245.55,85.19,-54.29
245,85,-65,244.17,84.71,-40.69
245,85,-55,242.63,84.18,-27.29
245,85,-45,240.94,83.59,-14.1
245,85,-35,239.13,82.96,-1.12
245,85,-25,237.24,82.31,11.64
245,85,-15,235.28,81.63,24.17
245,85,-5,233.3,80.94,36.48
245,85,5,233.3,80.94,-36.48
245,85,15,235.28,81.63,-24.17
245,85,25,237.24,82.31,-11.64
245,85,35,239.13,82.96,1.12
245,85,45,240.94,83.59,14.1
245,85,55,242.63,84.18,27.29
245,85,65,244.17,84.71,40.69
245,85,75,245.55,85.19,54.29
245,85,85,246.73,85.6,68.07
245,95,-75,246.78,95.69,-55.42
245,95,-65,245.5,95.19,-41.83
245,95,-55,244.06,94.63,-28.43
245,95,-45,242.48,94.02,-15.24
245,95,-35,240.78,93.36,-2.27
245,95,-25,239.0,92.67,10.49
245,95,-15,237.17,91.96,23.03
245,95,-5,235.31,91.24,35.34
245,95,5,235.31,91.24,-35.34
245,95,15,237.17,91.96,-23.03
245,95,25,239.0,92.67,-10.49
245,95,35,240.78,93.36,2.27
245,95,45,242.48,94.02,15.24
245,95,55,244.06,94.63,28.43
245,95,65,245.5,95.19,41.83
245,95,75,246.78,95.69,55.42
245,105,-65,246.88,105.81,-43.14
245,105,-55,245.55,105.23,-29.74
245,105,-45,244.08,104.6,-16.55
245,105,-35,242.5,103.93,-3.58
245,105,-25,240.84,103.22,9.18
245,105,-15,239.13,102.49,21.72
245,105,-5,237.4,101.74,34.04
245,105,5,237.4,101.74,-34.04
245,105,15,239.13,102.49,-21.72
245,105,25,240.84,103.22,-9.18
245,105,35,242.5,103.93,3.58
245,105,45,244.08,104.6,16.55
245,105,55,245.55,105.23,29.74
245,105,65,246.88,105.81,43.14
245,115,-45,245.72,115.34,-18.06
245,115,-35,244.26,114.65,-5.07
245,115,-25,242.73,113.94,7.69
245,115,-15,241.15,113.19,20.24
245,115,-5,239.54,112.44,32.56
245,115,5,239.54,112.44,-32.56
245,115,15,241.15,113.19,-20.24
245,115,25,242.73,113.94,-7.69
245,115,35,244.26,114.65,5.07
245,115,45,245.72,115.34,18.06
255,-95,-35,251.84,-93.82,-4.8
255,-95,-25,250.24,-93.23,7.97
255,-95,-15,248.58,-92.61,20.51
255,-95,-5,246.9,-91.98,32.84
255,-95,5,246.9,-91.98,-32.84
255,-95,15,248.58,-92.61,-20.51
255,-95,25,250.24,-93.23,-7.97
255,-95,35,251.84,-93.82,4.8
255,-85,-55,253.44,-84.48,-29.74
255,-85,-45,251.92,-83.97,-16.55
255,-85,-35,250.29,-83.43,-3.58
255,-85,-25,248.58,-82.86,9.18
255,-85,-15,246.82,-82.27,21.72
255,-85,-5,245.03,-81.68,34.04
255,-85,5,245.03,-81.68,-34.04
255,-85,15,246.82,-82.27,-21.72
255,-85,25,248.58,-82.86,-9.18
255,-85,35,250.29,-83.43,3.58
255,-85,45,251.92,-83.97,16.55
255,-85,55,253.44,-84.48,29.74
255,-75,-65,253.64,-74.6,-42.09
255,-75,-55,252.17,-74.17,-28.69
255,-75,-45,250.56,-73.69,-15.5
255,-75,-35,248.84,-73.19,-2.52
255,-75,-25,247.03,-72.65,10.24
255,-75,-15,245.16,-72.11,22.77
255,-75,-5,243.27,-71.55,35.09
255,-75,5,243.27,-71.55,-35.09
255,-75,15,245.16,-72.11,-22.77
255,-75,25,247.03,-72.65,-10.24
255,-75,35,248.84,-73.19,2.52
255,-75,45,250.56,-73.69,15.5
255,-75,55,252.17,-74.17,28.69
255,-75,65,253.64,-74.6,42.09
255,-65,-75,253.92,-64.73,-54.79
255,-65,-65,252.55,-64.37,-41.19
255,-65,-55,251.0,-63.98,-27.8
255,-65,-45,249.31,-63.55,-14.6
255,-65,-35,247.5,-63.09,-1.63
255,-65,-25,245.59,-62.6,11.13
255,-65,-15,243.63,-62.1,23.67
255,-65,-5,241.65,-61.6,35.98
255,-65,5,241.65,-61.6,-35.98
255,-65,15,243.63,-62.1,-23.67
255,-65,25,245.59,-62.6,-11.13
255,-65,35,247.5,-63.09,1.63
255,-65,45,249.31,-63.55,14.6
255,-65,55,251.0,-63.98,27.8
255,-65,65,252.55,-64.37,41.19
255,-65,75,253.92,-64.73,54.79
255,-55,-85,254.25,-54.84,-67.83
255,-55,-75,253.01,-54.57,-54.04
255,-55,-65,251.57,-54.26,-40.45
255,-55,-55,249.95,-53.91,-27.05
255,-55,-45,248.18,-53.53,-13.85
255,-55,-35,246.29,-53.12,-0.87
255,-55,-25,244.31,-52.69,11.89
255,-55,-15,242.27,-52.25,24.42
255,-55,-5,240.2,-51.81,36.73
255,-55,5,240.2,-51.81,-36.73
255,-55,15,242.27,-52.25,-24.42
255,-55,25,244.31,-52.69,-11.89
255,-55,35,246.29,-53.12,0.87
255,-55,45,248.18,-53.53,13.85
255,-55,55,249.95,-53.91,27.05
255,-55,65,251.57,-54.26,40.45
255,-55,75,253.01,-54.57,54.04
255,-55,85,254.25,-54.84,67.83
255,-45,-85,253.51,-44.74,-67.23
255,-45,-75,252.22,-44.51,-53.44
255,-45,-65,250.72,-44.24,-39.84
255,-45,-55,249.04,-43.95,-26.44
255,-45,-45,247.21,-43.63,-13.24
255,-45,-35,245.25,-43.28,-0.25
255,-45,-25,243.2,-42.92,12.51
255,-45,-15,241.09,-42.54,25.04
255,-45,-5,238.95,-42.17,37.34
255,-45,5,238.95,-42.17,-37.34
255,-45,15,241.09,-42.54,-25.04
255,-45,25,243.2,-42.92,-12.51
255,-45,35,245.25,-43.28,0.25
255,-45,45,247.21,-43.63,13.24
255,-45,55,249.04,-43.95,26.44
255,-45,65,250.72,-44.24,39.84
255,-45,75,252.22,-44.51,53.44
255,-45,85,253.51,-44.74,67.23
255,-35,-95,254.01,-34.86,-80.72
255,-35,-85,252.9,-34.71,-66.75
255,-35,-75,251.57,-34.53,-52.97
255,-35,-65,250.02,-34.32,-39.36
255,-35,-55,248.29,-34.08,-25.95
255,-35,-45,246.4,-33.82,-12.75
255,-35,-35,244.39,-33.54,0.23
255,-35,-25,242.28,-33.25,13.0
255,-35,-15,240.11,-32.96,25.53
255,-35,-5,237.91,-32.65,37.82
255,-35,5,237.91,-32.65,-37.82
255,-35,15,240.11,-32.96,-25.53
255,-35,25,242.28,-33.25,-13.0
255,-35,35,244.39,-33.54,-0.23
255,-35,45,246.4,-33.82,12.75
255,-35,55,248.29,-34.08,25.95
255,-35,65,250.02,-34.32,39.36
255,-35,75,251.57,-34.53,52.97
255,-35,85,252.9,-34.71,66.75
255,-35,95,254.01,-34.86,80.72
255,-25,-95,253.57,-24.86,-80.37
255,-25,-85,252.43,-24.75,-66.41
255,-25,-75,251.06,-24.61,-52.62
255,-25,-65,249.48,-24.46,-39.01
255,-25,-55,247.71,-24.29,-25.6
255,-25,-45,245.78,-24.1,-12.39
255,-25,-35,243.73,-23.89,0.59
255,-25,-25,241.58,-23.68,13.36
255,-25,-15,239.36,-23.47,25.89
255,-25,-5,237.11,-23.25,38.19
255,-25,5,237.11,-23.25,-38.19
255,-25,15,239.36,-23.47,-25.89
255,-25,25,241.58,-23.68,-13.36
255,-25,35,243.73,-23.89,-0.59
255,-25,45,245.78,-24.1,12.39
255,-25,55,247.71,-24.29,25.6
255,-25,65,249.48,-24.46,39.01
255,-25,75,251.06,-24.61,52.62
255,-25,85,252.43,-24.75,66.41
255,-25,95,253.57,-24.86,80.37
255,-15,-95,253.27,-14.9,-80.14
255,-15,-85,252.11,-14.83,-66.18
255,-15,-75,250.72,-14.75,-52.39
255,-15,-65,249.11,-14.65,-38.78
255,-15,-55,247.32,-14.55,-25.36
255,-15,-45,245.36,-14.43,-12.16
255,-15,-35,243.28,-14.31,0.83
255,-15,-25,241.1,-14.18,13.6
255,-15,-15,238.85,-14.05,26.13
255,-15,-5,236.57,-13.92,38.42
255,-15,5,236.57,-13.92,-38.42
255,-15,15,238.85,-14.05,-26.13
255,-15,25,241.1,-14.18,-13.6
255,-15,35,243.28,-14.31,-0.83
255,-15,45,245.36,-14.43,12.16
255,-15,55,247.32,-14.55,25.36
255,-15,65,249.11,-14.65,38.78
255,-15,75,250.72,-14.75,52.39
255,-15,85,252.11,-14.83,66.18
255,-15,95,253.27,-14.9,80.14
255,-5,-95,253.12,-4.96,-80.03
255,-5,-85,251.95,-4.94,-66.06
255,-5,-75,250.54,-4.91,-52.27
255,-5,-65,248.93,-4.88,-38.66
255,-5,-55,247.12,-4.85,-25.25
255,-5,-45,245.15,-4.81,-12.04
255,-5,-35,243.05,-4.77,0.95
255,-5,-25,240.85,-4.72,13.72
255,-5,-15,238.59,-4.68,26.25
255,-5,-5,236.3,-4.63,38.54
255,-5,5,236.3,-4.63,-38.54
255,-5,15,238.59,-4.68,-26.25
255,-5,25,240.85,-4.72,-13.72
255,-5,35,243.05,-4.77,-0.95
255,-5,45,245.15,-4.81,12.04
255,-5,55,247.12,-4.85,25.25
255,-5,65,248.93,-4.88,38.66
255,-5,75,250.54,-4.91,52.27
255,-5,85,251.95,-4.94,66.06
255,-5,95,253.12,-4.96,80.03
255,5,-95,253.12,4.96,-80.03
255,5,-85,251.95,4.94,-66.06
255,5,-75,250.54,4.91,-52.27
255,5,-65,248.93,4.88,-38.66
255,5,-55,247.12,4.85,-25.25
255,5,-45,245.15,4.81,-12.04
255,5,-35,243.05,4.77,0.95
255,5,-25,240.85,4.72,13.72
255,5,-15,238.59,4.68,26.25
255,5,-5,236.3,4.63,38.54
255,5,5,236.3,4.63,-38.54
255,5,15,238.59,4.68,-26.25
255,5,25,240.85,4.72,-13.72
255,5,35,243.05,4.77,-0.95
255,5,45,245.15,4.81,12.04
255,5,55,247.12,4.85,25.25
255,5,65,248.93,4.88,38.66
255,5,75,250.54,4.91,52.27
255,5,85,251.95,4.94,66.06
255,5,95,253.12,4.96,80.03
255,15,-95,253.27,14.9,-80.14
255,15,-85,252.11,14.83,-66.18
255,15,-75,250.72,14.75,-52.39
255,15,-65,249.11,14.65,-38.78
255,15,-55,247.32,14.55,-25.36
255,15,-45,245.36,14.43,-12.16
255,15,-35,243.28,14.31,0.83
255,15,-25,241.1,14.18,13.6
255,15,-15,238.85,14.05,26.13
255,15,-5,236.57,13.92,38.42
255,15,5,236.57,13.92,-38.42
255,15,15,238.85,14.05,-26.13
255,15,25,241.1,14.18,-13.6
255,15,35,243.28,14.31,-0.83
255,15,45,245.36,14.43,12.16
255,15,55,247.32,14.55,25.36
255,15,65,249.11,14.65,38.78
255,15,75,250.72,14.75,52.39
255,15,85,252.11,14.83,66.18
255,15,95,253.27,14.9,80.14
255,25,-95,253.57,24.86,-80.37
255,25,-85,252.43,24.75,-66.41
255,25,-75,251.06,24.61,-52.62
255,25,-65,249.48,24.46,-39.01
255,25,-55,247.71,24.29,-25.6
255,25,-45,245.78,24.1,-12.39
255,25,-35,243.73,23.89,0.59
255,25,-25,241.58,23.68,13.36
255,25,-15,239.36,23.47,25.89
255,25,-5,237.11,23.25,38.19
255,25,5,237.11,23.25,-38.19
255,25,15,239.36,23.47,-25.89
255,25,25,241.58,23.68,-13.36
255,25,35,243.73,23.89,-0.59
255,25,45,245.78,24.1,12.39
255,25,55,247.71,24.29,25.6
255,25,65,249.48,24.46,39.01
255,25,75,251.06,24.61,52.62
255,25,85,252.43,24.75,66.41
255,25,95,253.57,24.86,80.37
255,35,-95,254.01,34.86,-80.72
255,35,-85,252.9,34.71,-66.75
255,35,-75,251.57,34.53,-52.97
255,35,-65,250.02,34.32,-39.36
255,35,-55,248.29,34.08,-25.95
255,35,-45,246.4,33.82,-12.75
255,35,-35,244.39,33.54,0.23
255,35,-25,242.28,33.25,13.0
255,35,-15,240.11,32.96,25.53
255,35,-5,237.91,32.65,37.82
255,35,5,237.91,32.65,-37.82
255,35,15,240.11,32.96,-25.53
255,35,25,242.28,33.25,-13.0
255,35,35,244.39,33.54,-0.23
255,35,45,246.4,33.82,12.75
255,35,55,248.29,34.08,25.95
255,35,65,250.02,34.32,39.36
255,35,75,251.57,34.53,52.97
255,35,85,252.9,34.71,66.75
255,35,95,254.01,34.86,80.72
255,45,-85,253.51,44.74,-67.23
255,45,-75,252.22,44.51,-53.44
255,45,-65,250.72,44.24,-39.84
255,45,-55,249.04,43.95,-26.44
255,45,-45,247.21,43.63,-13.24
255,45,-35,245.25,43.28,-0.25
255,45,-25,243.2,42.92,12.51
255,45,-15,241.09,42.54,25.04
255,45,-5,238.95,42.17,37.34
255,45,5,238.95,42.17,-37.34
255,45,15,241.09,42.54,-25.04
255,45,25,243.2,42.92,-12.51
255,45,35,245.25,43.28,0.25
255,45,45,247.21,43.63,13.24
255,45,55,249.04,43.95,26.44
255,45,65,250.72,44.24,39.84
255,45,75,252.22,44.51,53.44
255,45,85,253.51,44.74,67.23
255,55,-85,254.25,54.84,-67.83
255,55,-75,253.01,54.57,-54.04
255,55,-65,251.57,54.26,-40.45
255,55,-55,249.95,53.91,-27.05
255,55,-45,248.18,53.53,-13.85
255,55,-35,246.29,53.12,-0.87
255,55,-25,244.31,52.69,11.89
255,55,-15,242.27,52.25,24.42
255,55,-5,240.2,51.81,36.73
255,55,5,240.2,51.81,-36.73
255,55,15,242.27,52.25,-24.42
255,55,25,244.31,52.69,-11.89
255,55,35,246.29,53.12,0.87
255,55,45,248.18,53.53,13.85
255,55,55,249.95,53.91,27.05
255,55,65,251.57,54.26,40.45
255,55,75,253.01,54.57,54.04
255,55,85,254.25,54.84,67.83
255,65,-75,253.92,64.73,-54.79
255,65,-65,252.55,64.37,-41.19
255,65,-55,251.0,63.98,-27.8
255,65,-45,249.31,63.55,-14.6
255,65,-35,247.5,63.09,-1.63
255,65,-25,245.59,62.6,11.13
255,65,-15,243.63,62.1,23.67
255,65,-5,241.65,61.6,35.98
255,65,5,241.65,61.6,-35.98
255,65,15,243.63,62.1,-23.67
255,65,25,245.59,62.6,-11.13
255,65,35,247.5,63.09,1.63
255,65,45,249.31,63.55,14.6
255,65,55,251.0,63.98,27.8
255,65,65,252.55,64.37,41.19
255,65,75,253.92,64.73,54.79
255,75,-65,253.64,74.6,-42.09
255,75,-55,252.17,74.17,-28.69
255,75,-45,250.56,73.69,-15.5
255,75,-35,248.84,73.19,-2.52
255,75,-25,247.03,72.65,10.24
255,75,-15,245.16,72.11,22.77
255,75,-5,243.27,71.55,35.09
255,75,5,243.27,71.55,-35.09
255,75,15,245.16,72.11,-22.77
255,75,25,247.03,72.65,-10.24
255,75,35,248.84,73.19,2.52
255,75,45,250.56,73.69,15.5
255,75,55,252.17,74.17,28.69
255,75,65,253.64,74.6,42.09
255,85,-55,253.44,84.48,-29.74
255,85,-45,251.92,83.97,-16.55
255,85,-35,250.29,83.43,-3.58
255,85,-25,248.58,82.86,9.18
255,85,-15,246.82,82.27,21.72
255,85,-5,245.03,81.68,34.04
255,85,5,245.03,81.68,-34.04
255,85,15,246.82,82.27,-21.72
255,85,25,248.58,82.86,-9.18
255,85,35,250.29,83.43,3.58
255,85,45,251.92,83.97,16.55
255,85,55,253.44,84.48,29.74
255,95,-35,251.84,93.82,-4.8
255,95,-25,250.24,93.23,7.97
255,95,-15,248.58,92.61,20.51
255,95,-5,246.9,91.98,32.84
255,95,5,246.9,91.98,-32.84
255,95,15,248.58,92.61,-20.51
255,95,25,250.24,93.23,-7.97
255,95,35,251.84,93.82,4.8
265,-65,-25,257.2,-63.09,8.51
265,-65,-15,255.44,-62.66,21.06
265,-65,-5,253.66,-62.22,33.38
265,-65,5,253.66,-62.22,-33.38
265,-65,15,255.44,-62.66,-21.06
265,-65,25,257.2,-63.09,-8.51
265,-55,-45,259.48,-53.85,-16.42
265,-55,-35,257.79,-53.5,-3.44
265,-55,-25,256.01,-53.13,9.32
265,-55,-15,254.18,-52.75,21.86
265,-55,-5,252.32,-52.37,34.17
265,-55,5,252.32,-52.37,-34.17
265,-55,15,254.18,-52.75,-21.86
265,-55,25,256.01,-53.13,-9.32
265,-55,35,257.79,-53.5,3.44
265,-55,45,259.48,-53.85,16.42
265,-45,-55,260.21,-44.19,-28.95
265,-45,-45,258.57,-43.91,-15.76
265,-45,-35,256.82,-43.61,-2.78
265,-45,-25,254.98,-43.3,9.98
265,-45,-15,253.08,-42.98,22.51
265,-45,-5,251.16,-42.65,34.83
265,-45,5,251.16,-42.65,-34.83
265,-45,15,253.08,-42.98,-22.51
265,-45,25,254.98,-43.3,-9.98
265,-45,35,256.82,-43.61,2.78
265,-45,45,258.57,-43.91,15.76
265,-45,55,260.21,-44.19,28.95
265,-35,-55,259.51,-34.27,-28.43
265,-35,-45,257.83,-34.05,-15.24
265,-35,-35,256.03,-33.81,-2.27
265,-35,-25,254.13,-33.56,10.49
265,-35,-15,252.18,-33.31,23.03
265,-35,-5,250.21,-33.05,35.34
265,-35,5,250.21,-33.05,-35.34
265,-35,15,252.18,-33.31,-23.03
265,-35,25,254.13,-33.56,-10.49
265,-35,35,256.03,-33.81,2.27
265,-35,45,257.83,-34.05,15.24
265,-35,55,259.51,-34.27,28.43
265,-25,-65,260.55,-24.58,-41.45
265,-25,-55,258.98,-24.43,-28.05
265,-25,-45,257.26,-24.27,-14.86
265,-25,-35,255.42,-24.1,-1.88
265,-25,-25,253.48,-23.91,10.88
265,-25,-15,251.49,-23.73,23.41
265,-25,-5,249.47,-23.54,35.72
265,-25,5,249.47,-23.54,-35.72
265,-25,15,251.49,-23.73,-23.41
265,-25,25,253.48,-23.91,-10.88
265,-25,35,255.42,-24.1,1.88
265,-25,45,257.26,-24.27,14.86
265,-25,55,258.98,-24.43,28.05
265,-25,65,260.55,-24.58,41.45
265,-15,-65,260.21,-14.73,-41.19
265,-15,-55,258.61,-14.64,-27.8
265,-15,-45,256.87,-14.54,-14.6
265,-15,-35,255.0,-14.43,-1.63
265,-15,-25,253.04,-14.32,11.13
265,-15,-15,251.02,-14.21,23.67
265,-15,-5,248.98,-14.09,35.98
265,-15,5,248.98,-14.09,-35.98
265,-15,15,251.02,-14.21,-23.67
265,-15,25,253.04,-14.32,-11.13
265,-15,35,255.0,-14.43,1.63
265,-15,45,256.87,-14.54,14.6
265,-15,55,258.61,-14.64,27.8
265,-15,65,260.21,-14.73,41.19
265,-5,-65,260.04,-4.91,-41.07
265,-5,-55,258.43,-4.88,-27.67
265,-5,-45,256.67,-4.84,-14.48
265,-5,-35,254.79,-4.81,-1.5
265,-5,-25,252.82,-4.77,11.26
265,-5,-15,250.79,-4.73,23.79
265,-5,-5,248.73,-4.69,36.1
265,-5,5,248.73,-4.69,-36.1
265,-5,15,250.79,-4.73,-23.79
265,-5,25,252.82,-4.77,-11.26
265,-5,35,254.79,-4.81,1.5
265,-5,45,256.67,-4.84,14.48
265,-5,55,258.43,-4.88,27.67
265,-5,65,260.04,-4.91,41.07
265,5,-65,260.04,4.91,-41.07
265,5,-55,258.43,4.88,-27.67
265,5,-45,256.67,4.84,-14.48
265,5,-35,254.79,4.81,-1.5
265,5,-25,252.82,4.77,11.26
265,5,-15,250.79,4.73,23.79
265,5,-5,248.73,4.69,36.1
265,5,5,248.73,4.69,-36.1
265,5,15,250.79,4.73,-23.79
265,5,25,252.82,4.77,-11.26
265,5,35,254.79,4.81,1.5
265,5,45,256.67,4.84,14.48
265,5,55,258.43,4.88,27.67
265,5,65,260.04,4.91,41.07
265,15,-65,260.21,14.73,-41.19
265,15,-55,258.61,14.64,-27.8
265,15,-45,256.87,14.54,-14.6
265,15,-35,255.0,14.43,-1.63
265,15,-25,253.04,14.32,11.13
265,15,-15,251.02,14.21,23.67
265,15,-5,248.98,14.09,35.98
265,15,5,248.98,14.09,-35.98
265,15,15,251.02,14.21,-23.67
265,15,25,253.04,14.32,-11.13
265,15,35,255.0,14.43,1.63
265,15,45,256.87,14.54,14.6
265,15,55,258.61,14.64,27.8
265,15,65,260.21,14.73,41.19
265,25,-65,260.55,24.58,-41.45
265,25,-55,258.98,24.43,-28.05
265,25,-45,257.26,24.27,-14.86
265,25,-35,255.42,24.1,-1.88
265,25,-25,253.48,23.91,10.88
265,25,-15,251.49,23.73,23.41
265,25,-5,249.47,23.54,35.72
265,25,5,249.47,23.54,-35.72
265,25,15,251.49,23.73,-23.41
265,25,25,253.48,23.91,-10.88
265,25,35,255.42,24.1,1.88
265,25,45,257.26,24.27,14.86
265,25,55,258.98,24.43,28.05
265,25,65,260.55,24.58,41.45
265,35,-55,259.51,34.27,-28.43
265,35,-45,257.83,34.05,-15.24
265,35,-35,256.03,33.81,-2.27
265,35,-25,254.13,33.56,10.49
265,35,-15,252.18,33.31,23.03
265,35,-5,250.21,33.05,35.34
265,35,5,250.21,33.05,-35.34
265,35,15,252.18,33.31,-23.03
265,35,25,254.13,33.56,-10.49
265,35,35,256.03,33.81,2.27
265,35,45,257.83,34.05,15.24
265,35,55,259.51,34.27,28.43
265,45,-55,260.21,44.19,-28.95
265,45,-45,258.57,43.91,-15.76
265,45,-35,256.82,43.61,-2.78
265,45,-25,254.98,43.3,9.98
265,45,-15,253.08,42.98,22.51
265,45,-5,251.16,42.65,34.83
265,45,5,251.16,42.65,-34.83
265,45,15,253.08,42.98,-22.51
265,45,25,254.98,43.3,-9.98
265,45,35,256.82,43.61,2.78
265,45,45,258.57,43.91,15.76
265,45,55,260.21,44.19,28.95
265,55,-45,259.48,53.85,-16.42
265,55,-35,257.79,53.5,-3.44
265,55,-25,256.01,53.13,9.32
265,55,-15,254.18,52.75,21.86
265,55,-5,252.32,52.37,34.17
265,55,5,252.32,52.37,-34.17
265,55,15,254.18,52.75,-21.86
265,55,25,256.01,53.13,-9.32
265,55,35,257.79,53.5,3.44
265,55,45,259.48,53.85,16.42
265,65,-25,257.2,63.09,8.51
265,65,-15,255.44,62.66,21.06
265,65,-5,253.66,62.22,33.38
265,65,5,253.66,62.22,-33.38
265,65,15,255.44,62.66,-21.06
265,65,25,257.2,63.09,-8.51
